station_name,station_full_name,station_zone,station_address
BDHL,BADHAL,NWR,"Kishangarh Renwal, Rajasthan"
YY-BPLC,YY-BPLC,IR,", India"
KHH,KICHHA,NER,"Kichha, Uttar Pradesh"
SRKN,SHEREKAN,NWR,"MDR 89, Rajasthan"
BKKA,BHUKARKA,NWR,"Bhukarka, Rajasthan"
NHR,NOHAR,NWR,"State Highway 36, Rajasthan"
PRGD,PERUNGUDI,SR,"Chennai, Tamil Nadu"
KNNA,KHINANIYAN,NWR,"State Highway 23, Haryana"
JKR,JAULKHERA,IR,", India"
BYS,BARSALI,IR,", India"
GW,GIRWAR,IR,", India"
DGD,DANGIDHAR,IR,", India"
DOD,DHODHAR,WR,"Dhodar, Madhya Pradesh"
GAJ,GANESHGANJ,IR,", India"
JNM,JAYANAGAR MAJILPUR HALT,ER,"Jaynagar, West Bengal"
NSD,NASIRABAD,NWR,"Nasirabad, Rajasthan"
PHA,PATHARIA,IR,", India"
NZB,NIZAMABAD,SCR,"Nizamabad, Andhra Pradesh"
RJO,RAJENDRA PUL,IR,", India"
ADT,ADUTURAI,SR,"Aduthurai, Tamil Nadu"
KMU,KUMBAKONAM,SR,"Kumbakonam, Tamil Nadu"
MNM,MANAMADURAI JN,SR,"Sivaganga, Tamil Nadu"
GKP,GORAKHPUR JN,IR,", India"
BJUP,BJUP,IR,", India"
VRM,VARNAMA,IR,", India"
GKC,GORAKHPUR CANT,IR,", India"
ITA,ITOLA,IR,", India"
CIKA,CIKA,IR,", India"
BTU,BARAUT,NR,"Baraut, Uttar Pradesh"
MOGA,MOGA,NR,"Moga, Punjab"
SIOB,SAMAKHIALI JN,IR,", India"
LLHW,LLHW,IR,", India"
RDK,RASHEEDPURA KHORI,NWR,"MDR 87, Rajasthan"
PVD,PEDDAVADIAPUDI,IR,", India"
YLM,ELLAMANCHILI,IR,", India"
CHPT,CHATRAPPATTI,IR,", India"
JLD,JARWAL ROAD,IR,", India"
BRJN,BRAJRAJNAGAR,IR,", India"
CLJ,COLONELGANJ,IR,", India"
KTHL,KATHOLA,IR,", India"
MND,MUNDERWA,IR,", India"
SNSI,SAINAGAR SHIRDI,CR,"Near New Bus Stand Shirdi Sainagar, Maharashtra"
DLJ,DHOLA JN,WR,"Dhola, Gujarat"
PGW,PHAGWARA JN,IR,", India"
YY-BINP,YY-BINP,IR,", India"
JUP,JHUNPA,?,"NH 65, Rajasthan"
JSG,JHARSUGUDA JN,IR,", India"
KYW,KARCHHUE,IR,", India"
MHRN,MAHENDRANATH,IR,", India"
TKVR,TAPPA KHAJURIAY,IR,", India"
DPI,DODDAMPATTI,IR,", India"
SREE,SREE,IR,", India"
AQG,ASHAPURA GOMAT,NWR,"National Highway 15, Rajasthan"
NEA,NEYKKARAPATTI,IR,", India"
GRL,GORAUL,IR,", India"
DKJC,DKJC,IR,", India"
KHI,KURHANI,IR,", India"
VNJ,TIRUPPUR VANJIPALAYAM,IR,", India"
CBF,COIMBATORE NORTH,IR,", India"
UMB,AMBALA CANT JN,IR,", India"
SRO,SIRATHU,IR,", India"
SJT,SHUJAATPUR,IR,", India"
BDNP,BIDANPUR,IR,", India"
MTPC,MOTIPURA CHAUKI,WCR,"Motipura, Rajasthan"
HTZ,HATHIDAH JN,IR,", India"
TSKG,TINSUKIA GOODS,IR,", India"
DDNI,DUDHNOI,NFR,"Dudhnoi Railway Station, Assam"
RDE,RUNDHI,IR,", India"
IJ,ITAUNJA,NER,"Itaunja, Uttar Pradesh"
RMX,RAMSAR,NWR,"Barmer, Rajasthan"
PBE,PILIBHIT JN,NER,"Pilibhit, Uttar Pradesh"
RMB,RAMPURA BERI,NWR,"Rampura Bhal, Rajasthan"
MGS,MUGHAL SARAI JN,IR,", India"
RSWT,RAMGARH SHEKHAWATI,NWR,"Ramgarh, Rajasthan"
BKNA,BAKAINA HALT,IR,", India"
HBD,HOSHANGABAD,IR,", India"
ANA,ASLANA,IR,", India"
BNI,BUDNI,IR,", India"
YY-IDHW,YY-IDHW,IR,", India"
DMGN,DHAMALGAON,NFR,"A T Rd, Assam"
LKPL,LAKDIKAPUL,SCR,"Hyderabad, Andhra Pradesh"
BRUD,BARUD,WCR,"Khandwa, Madhya Pradesh"
DVL,DEVLALI,IR,", India"
JRTR,JURTARA,IR,", India"
REWA,REWA,WCR,"Rewa, Madhya Pradesh"
DOK,DHOLKA,WR,"Bagodara Dholka, Gujarat"
NDR,NANDESARI,IR,", India"
MYG,MIYAGAM KARJAN,IR,", India"
MBA,MAHOBA,NCR,"Junction Point - Khajuraho, Uttar Pradesh"
JGZ,JAMGAON,SECR,"Bamhani, Madhya Pradesh"
BHKH,BAGHOI KUSA,IR,", India"
NOLI,NOLI,NR,"Ghaziabad, Uttar Pradesh"
SUJR,SUJRA,NR,"State Highway 57, Uttar Pradesh"
AMOD,AMOD,WR,"Amod, Gujarat"
LKD,LAKODARA,IR,", India"
VKL,VANKAL,WR,"SH 166, Gujarat"
BY,BYCULLA,CR,"Mumbai, Maharashtra"
BNR,BHAGWANPUR,IR,", India"
KTY,KOTTURU,SWR,"Kothur Rd, Tamil Nadu"
BLMR,BHALUKMARA,NFR,"Bhalukmara, Assam"
ANJ,ANJANGAON,CR,"Anjangaon, Maharashtra"
DEB,DEBAGRAM,ER,"Debagram, West Bengal"
ELP,ACHALPUR,CR,"Dist. Amravati, Maharashtra"
BTY,BETHUADAHARI,ER,"Bethuadahari, West Bengal"
WARUD,WARUD,CR,"Wardha, Maharashtra"
BVAC,BVAC,IR,", India"
BVBC,BVBC,IR,", India"
VLKN,VELANKANNI,?,"Velankanni, Tamil Nadu"
PCU,PUTLACHERUVU,SCR,"Putlacheruvu, Andhra Pradesh"
BNPT,BENNIPATTI PIRAPUR,IR,", India"
JM,JALAMB JN,IR,", India"
GPJ,GORAPUR,ECoR,"Jeypore Rd, Andhra Pradesh"
ABEO,PATTARAVAKKAM,SR,", India"
SEG,SHEGAON,IR,", India"
GDU,GUDRU HALT,SECR,"Lamta, Madhya Pradesh"
BGNA,BALGONA,ER,"Balgona, West Bengal"
KLNP,KALINARAYANPUR,ER,"Ranaghat-Bagula Bypass, West Bengal"
NGZ,S K NAGJIHARI,IR,", India"
PS,PARAS,IR,", India"
BRDB,BARDA,SER,"Sutahata, West Bengal"
GAO,GAIGAON,IR,", India"
RRL,REWRAL,IR,", India"
KHAT,KHAT,IR,", India"
BRD,BHANDARA ROAD,IR,", India"
KOKA,KOKA,IR,", India"
DAO,DAGHORA,IR,", India"
HGR,HEMAGIRI,IR,", India"
NIR,NAINPUR JUNCTION,SECR,"Nainpur, Madhya Pradesh"
NCH,NAKACHARI,NFR,"Mariani, Assam"
APDJ,ALIPUR DUAR JN,NFR,"03564-255091, West Bengal"
BRE,BHARWARI,IR,", India"
JTK,JHITKIA,NFR,"National Highway 34, West Bengal"
MNJ,MANOHARGANJ,IR,", India"
SYWN,SAIYID SARAWAN,IR,", India"
MRE,MANAURI,IR,", India"
BMU,BAMHRAULI,IR,", India"
SFG,SUBEDARGANJ,IR,", India"
KLX,KOLAKALUR,IR,", India"
CLVR,CHILUVUR,IR,", India"
KVR,KOVVUR,IR,", India"
GVN,GODAVARI,IR,", India"
KJKD,KANJIKODE,IR,", India"
SNKR,SANKA,SER,"Garh Dhrubeswar, West Bengal"
VNK,BINAIKI,SECR,"Binaiki Railway Station, Madhya Pradesh"
GCN,GOCHARAN,ER,"Gocharan, West Bengal"
SEY,SEONI,SECR,"Seoni, Madhya Pradesh"
SDMD,SUDAMDIH,SER,"Jairampur More to Baliapur, West Bengal"
PCLS,PCLS,IR,", India"
BJU,BARAUNI JN,IR,", India"
DMO,DAMOH,IR,", India"
ADD,ADAS ROAD,IR,", India"
CLC,CHALALA,WR,"Chalala, Gujarat"
RNO,RANOLI,IR,", India"
HP,HARIPUR,NWR,"Pali, Rajasthan"
KUGT,KUMARGHAT,NFR,"Kumarghat, Tripura"
AWB,AURANGABAD,SCR,"Aurangabad, Maharashtra"
BNL,BEVINAHALU,SCR,"Rayalaseema Region, Andhra Pradesh"
VMC,VMC,IR,", India"
SMNH,SOMNATH,WR,"Somnath, Gujarat"
CUPJ,CUDDALORE PORT,SR,"Cuddalore Township, Tamil Nadu"
PLJ,PALEJ,IR,", India"
GOLE,GOLE,NWR,"National Highway 112, Rajasthan"
BDX,BDX,IR,", India"
TRO,TIRORA,IR,", India"
JMG,JAMGA,IR,", India"
JMSY,JMSY,IR,", India"
AHLR,AHALYAPUR,IR,", India"
TEL,TENALI JN,IR,", India"
TAT,TUMMANAMGUTTA,SCR,"Chennai - Anantpur Rd, Andhra Pradesh"
CU,CHAGALLU,IR,", India"
PSDA,PASIVEDALA,IR,", India"
MBGA,MARWAR BAGRA,NWR,"SH 31, Rajasthan"
JNE,JANIYANA,NWR,"State Highway 68, Rajasthan"
SMR,SAMDHARI JN,NWR,"Barmer, Rajasthan"
SUT,SUTLANA,NWR,"Dundara, Rajasthan"
PBR,PORBANDAR,WR,"Porbandar, Gujarat"
CKVD,CHIKKANDAWADI,SWR,"Chikkandawadi, Karnataka"
BHG,BHATON KI GALI,NWR,"Chomun, Rajasthan"
HMO,HANUMANGARH TOWN,NWR,"Hanumangarh, Rajasthan"
SANR,SARDARNAGAR,IR,", India"
GRD,GIRIDIH,ER,"Giridih, Jharkhand"
CC,CHAURI CHAURA,IR,", India"
KMPT,KOMATIPALLI,IR,", India"
HSP,HASANPARTHI RD,IR,", India"
GGY,GAGARIYA,NWR,"State Highway 40, Rajasthan"
NNPR,NONAPAR,IR,", India"
MW,MAIRWA,IR,", India"
KUY,TIRUPPUR KULIPALAYAM,IR,", India"
PLL,PARLI,IR,", India"
AGTL,AGARTALA,NFR,"Agartala, Tripura"
MNY,MANKARAI,IR,", India"
LDY,LAKKITI,IR,", India"
PLPM,PALAPPURAM,IR,", India"
OTP,OTTAPPALAM,IR,", India"
MNUR,MANNANUR,IR,", India"
ZRDE,JIRADEI,IR,", India"
SV,SIWAN JN,IR,", India"
PCK,PACHRUKHI,IR,", India"
DDA,DURAUNDHA JN,IR,", India"
CW,CHAINWA,IR,", India"
POK,POKRAN,NWR,"National Highway 15, Rajasthan"
OCH,ODHANIYA CHACHA,NWR,"National Highway 15, Rajasthan"
EKMA,EKMA,IR,", India"
DDP,DAUDPUR,IR,", India"
KPS,KOPA SAMHOTA,IR,", India"
BTHL,BITHAULI,IR,", India"
GB,GAURI BAZAR,IR,", India"
BALR,BAITALPUR,IR,", India"
DEOS,DEORIA SADAR,IR,", India"
NRA,NUNKHAR,IR,", India"
AGMN,AGOMONI,IR,", India"
BND,BHANDUP,IR,", India"
ASR,AMRITSAR JN,IR,", India"
MUC,MULLURKARA,IR,", India"
WKI,WADAKANCHERI,IR,", India"
SOG,SURATGARH JN,NWR,"National Highway 15, Rajasthan"
SNV,SONDAD,SECR,"National Highway 6, Maharashtra"
QMRS,KAYAMSAR,NWR,"State Highway 41, Rajasthan"
AYB,ALIYABAD,SWR,"Bijapur, Karnataka"
MBF,MUNABAO,NWR,"Barmer, Rajasthan"
CLDR,CHILIKIDARA,ECoR,"Orissa, Orissa"
KLYT,KOLAYAT,NWR,"Kolayat, Rajasthan"
CLD,CHALSA JN,NFR,"Chalsa, West Bengal"
CRX,CARRON,NFR,"National Highway 31C, West Bengal"
ETF,ITARSI F CABIN,IR,", India"
CNPI,CHANDANPAHARI,ER,"Chandanpahari, Jharkhand"
MIG,MIDGHAT,IR,", India"
BNU,BANDAKPUR,IR,", India"
COD,CHHOTA GUDHA,NWR,"Ringas, Rajasthan"
CHQ,CHOKA,IR,", India"
MB,MORADABAD,IR,", India"
IRA,ISRANA,NR,"Israna, Haryana"
KRCA,KARACHIYA YARD,IR,", India"
BJW,BAJVA,IR,", India"
CLN,KOLLIDAM,SR,"Vallampadugai, Tamil Nadu"
OSHI,OSHI,IR,", India"
CNA,CHANDERIYA,WR,"Chittorgarh, Rajasthan"
CRC,CHARKHARI ROAD,NCR,"Charkhari, Uttar Pradesh"
BTT,BHATNI JN,IR,", India"
CSZ,COSSIMBAZAR,ER,"Berhampore, West Bengal"
VRE,VAREDIYA,IR,", India"
NIU,NABIPUR,IR,", India"
KTTY,KTTY,IR,", India"
CVJ,CHAVAJ,IR,", India"
AKV,ANKLESHWAR JN,IR,", India"
CNE,CHANDRANATHPUR,NFR,"National Highway 54, Assam"
PAO,PANOLI,IR,", India"
CNL,CHANDAWAL,NWR,"Pali, Rajasthan"
BFY,BHESANA,NWR,"Marwar, Rajasthan"
HAT,HATHURAN,IR,", India"
COL,COROMANDEL,SWR,"KGF, Karnataka"
KDSD,KUDSAD,IR,", India"
SYN,SAYAN,IR,", India"
MQP,MAKRANDPUR,NER,"Aonla- Bareilly Link Rd, Uttar Pradesh"
GTX,GOTHANGAM,IR,", India"
MGK,MULANGUNNATHUKAVU,IR,", India"
CNKP,CHANAKYAPURI,NR,"Chanakyapuri, Delhi NCT"
URN,UTRAN,IR,", India"
ST,SURAT,IR,", India"
UDN,UDHNA JN,IR,", India"
VRU,VALIVERU,IR,", India"
MRPL,MARAMPALLI,IR,", India"
NDD,NIDADAVOLU JN,IR,", India"
GDM,GUDMA,IR,", India"
BEF,BHUPDEOPUR,IR,", India"
RIG,RAIGARH,IR,", India"
KRL,KOTARLIA,IR,", India"
CTND,CHETTINAD,SR,"Kanadukathan, Tamil Nadu"
SEPR,SHERPUR,NR,"State Highway 51, Uttar Pradesh"
NVS,NAVSARI,WR,"Navsari, Gujarat"
JBD,JALALABAD,NR,"Jalalabad, Punjab"
DDM,DAM DIM,NFR,"National Highway 31, West Bengal"
COE,CHITROD,WR,"Kutch, Gujarat"
COM,CHOMUN SAMOD,NWR,"Chomun, Rajasthan"
DKT,DHULKOT,NR,"Ambala City, Haryana"
KUW,KANWAR,IR,", India"
CDMR,CHANDAULI MJHWR,IR,", India"
IGPX,IGPX,IR,", India"
KGA,KHAGA,IR,", India"
KTCE,KATOGHAN,IR,", India"
ASCE,ATHSARAI,IR,", India"
CRLM,CARMELARAM,SWR,"Bengaluru, Karnataka"
CNR,CHANDAR,SWR,"CHANRA (chandor), Goa"
CMDP,CHIMIDIPALLI,ECoR,"Borra, Andhra Pradesh"
BDL,VINDHYACHAL,IR,", India"
TSA,TISUA,IR,", India"
TAS,THASRA,WR,"National Highway 59, Gujarat"
GHT,GHAGHARA GHAT,IR,", India"
BV,BABHNAN,IR,", India"
CLW,CHILWARIYA,NER,"Bahraich, Uttar Pradesh"
OKAC,OKAC,IR,", India"
GAUR,GAUR,IR,", India"
TH,TINICH,IR,", India"
BHTR,BHATPAR RANI,IR,", India"
TUR,TURKI,IR,", India"
RD,RAM DAYALU NAGAR,IR,", India"
BTO,BHITAURA,IR,", India"
PKRA,PARSA KHERA,IR,", India"
CHTI,CHANETI,IR,", India"
BLPU,BILPUR,IR,", India"
MK,MIRANPUR KATRA,IR,", India"
MILA,MILAKPUR HALT,IR,", India"
TLH,TILHAR,IR,", India"
CQL,CHIRAKKAL,SR,"Kannur district, Kerala"
PNQ,PUNKUNNAM,IR,", India"
TCR,THRISUR,IR,", India"
CMNR,CHAMARAJANAGAR,SWR,"Chamarajnagar, Karnataka"
CMJ,CHAMARAJAPURAM,SWR,"Mysore, Karnataka"
BKA,BARKHERA,IR,", India"
ODG,OBAIDULLA GANJ,IR,", India"
ACL,ANCHELI,WR,"Navsari, Gujarat"
CVR,CHORVAD ROAD,WR,"Gadu, Gujarat"
CTH,CHIKALTHANA,SCR,"Aurangabad, Maharashtra"
BTKD,BHARATKUND,NR,"Bikapur, Uttar Pradesh"
DHW,DHARIWAL,NR,"Dhariwal, Punjab"
SAI,SARAI,IR,", India"
CPE,CHANDIPOSI,SER,"National Highway 23, Orissa"
CRU,CHUDAWA,SCR,"Hingoli, Maharashtra"
DBB,DHUBRI,NFR,"Dhubri, Assam"
PNP,PANIPAT JN,IR,", India"
CPS,CHANDPUR SIAU HALT,NR,"Chandpur, Uttar Pradesh"
CX,CHANOL,WR,"State Highway 25, Gujarat"
CSR,CHAK SIKANDAR,ECR,"Chak Sikander, Bihar"
CRQ,CHARPOKHARI HALT,ECR,"Charpokhari, Bihar"
VNA,VARANGAON,IR,", India"
DAG,DHANG,ECR,"Bhang, Bihar"
CRW,CHARAUD,NWR,"National Highway 65, Haryana"
BTL,BORTALAO,IR,", India"
KHS,KHARSIA,IR,", India"
ROB,ROBERTSON,IR,", India"
CPK,CHAPARMUKH JN,NFR,"Chaparmukh, Assam"
CTW,CHHINTANWALA,NR,"Sherpur Sodhian Link Rd, Punjab"
CTA,CHITRADURG,SWR,"Chitradurga, Karnataka"
AAV,AMBAV,WR,"Ambav, Gujarat"
MDKU,MODUKURU,IR,", India"
TSR,TSUNDURU,IR,", India"
NBM,NAVABPALEM,IR,", India"
NMBR,N MAYURBHANJ ROAD,IR,", India"
BTS,BASTA,IR,", India"
CTD,CHHOTA UDEPUR,WR,"Vadodara, Gujarat"
DBY,DIGBOI,NFR,"Tinsukia, Assam"
CWI,CHONDI,SCR,"Parbhani, Maharashtra"
CSDR,CHANNASANDRA,SWR,"Bengaluru, Karnataka"
PGT,PALAKKAD,IR,", India"
MNHA,MINDHA,NWR,"Minda to Mandha Bhimsingh Rd, Rajasthan"
DBO,DABHODA,WR,"Dabhoda, Gujarat"
DABN,DHABAN,NWR,"Sangaria, Rajasthan"
DBI,DABLI RATHAN,NWR,"Hanumangarh, Rajasthan"
SID,SIDDHPUR,WR,"State Highway 41, Gujarat"
ARGD,ARIGADA,ECR,", India"
CTJ,CHHATAINI,WCR,"Awasthi Sadan Rd, Madhya Pradesh"
KTKD,KATANGI KHURD,WCR,"State Highway 10, Madhya Pradesh"
CRL,CHORAL,WR,"SH 27, Madhya Pradesh"
ABSA,AMBASSA,NFR,"Ambassa, Tripura"
NVP,NAVALPURA,IR,", India"
DBKA,DABKA,SCR,"Amlakhurd, Madhya Pradesh"
CQR,CHAMPAPUKUR,ER,"Kholapota, West Bengal"
NDAZ,NAYA AZADPUR,IR,", India"
ANDI,ADARSH NAGAR DELHI,IR,", India"
CUR,CHURU,NWR,"Churu, Rajasthan"
BHD,BADLI,IR,", India"
KHKN,KHERA KALAN,IR,", India"
HUK,HOLAMBI KALAN,IR,", India"
NUR,NARELA,IR,", India"
CWA,CHHINDWARA JUNCTION,SECR,"Chhindwara, Madhya Pradesh"
RDDE,RATHDHANA,IR,", India"
CTPE,CHANDANATTOP HALT,SR,"Kilikkollur, Kerala"
HNN,HARANA KALAN,IR,", India"
SNP,SONIPAT,IR,", India"
SLKN,SANDAL KALAN,IR,", India"
RUG,RAJLU GARHI,IR,", India"
GNU,GANAUR,IR,", India"
BDMJ,BHODWAL MAJRI,IR,", India"
SMK,SAMALKHA,IR,", India"
DWNA,DIWANA,IR,", India"
BBDE,BABARPUR,IR,", India"
KFU,KOHAND,IR,", India"
GRA,GHARAUNDA,IR,", India"
BZJT,BAZIDA JATAN,IR,", India"
KUN,KARNAL,IR,", India"
BZK,BHAINI KHURD,IR,", India"
TRR,TARAORI,IR,", India"
NLKR,NILOKHERI,IR,", India"
KKDE,KURUKSHETRA JN,IR,", India"
DAVM,DHANUVACHAPURAM,SR,"Dhanuvachapuram, Kerala"
CTS,CHATTRIPUT,ECoR,"Jeypore, Orissa"
DAVJ,D.A.V.C.H. JALANDHAR,NR,"Jalandhar, Punjab"
DLPI,INDRAPURI,NR,"Delhi Cantonment, Delhi NCT"
GRG,GUWARIGHAT,SECR,"Gwarighat, Madhya Pradesh"
DSJ,DELHI SAFDARJUNG,NR,"Netaji Nagar, Delhi NCT"
DHRN,DHURANA,NR,"Panipat, Haryana"
DUK,DUDIA,NWR,"Dundara, Rajasthan"
DAJ,DUROJI,SWR,"Bellary, Karnataka"
BTPH,CHAKIA THERMAL HALT,IR,", India"
JDDA,JATHA,IR,", India"
JDI,JHARRADIH,IR,", India"
DKO,DEVAKOTTAI ROAD,SR,"NH 210, Tamil Nadu"
DIB,DIBAI,NR,"Dibai, Uttar Pradesh"
CNJO,JUHI OUTER CABIN,IR,", India"
LMA,LAMBIYA,NWR,"National Highway 79, Rajasthan"
DBLG,DBLG,IR,", India"
DOHM,DEVGARH MADRIYA,NWR,"Devgarh, Rajasthan"
NHLG,NHLG,IR,", India"
DYE,DAYANAND NAGAR,SCR,"Secunderabad, Andhra Pradesh"
DBV,DABILPUR,SCR,"Rangareddy, Andhra Pradesh"
JGLP,JGLP,IR,", India"
BGZ,BAHADURGARH,NR,"Bahadurgarh, Haryana"
PNSR,PNSR,IR,", India"
DME,DAMNAGAR,WR,"Damnagar, Gujarat"
AG,ARANGHATA,ER,"Haranath Para Ln, West Bengal"
RLG,RELANGI,SCR,"Relangi, Andhra Pradesh"
CCAB,BMY C CABIN,IR,", India"
DNDI,DHONDI,SCR,"State Highway 148, Maharashtra"
NDO,NIDUBROLU,IR,", India"
FKA,FAZILKA,NR,"Fazilka, Punjab"
TDD,TADEPALLIGUDEM,IR,", India"
PTPU,PRATTIAPADU,IR,", India"
BDHT,BARDI HALT,SECR,"State Highway 19, Madhya Pradesh"
DJL,DODAJALA LAKE,SWR,"Hosur Road., Karnataka"
DIU,DHING,NFR,"National Highway 37, Assam"
DGQ,DUGDOL,NWR,"Dhanera, Gujarat"
DAU,DAGRU,NR,"Dagru, Punjab"
GWH,GHOSHAWAR,IR,", India"
HJP,HAJIPUR JN,IR,", India"
ENBG,ENBG,IR,", India"
PUK,PUDUKAD,IR,", India"
NYI,NELLAYI,IR,", India"
UKL,UTTUKULI,IR,", India"
TUP,TIRUPPUR,IR,", India"
SNO,SOMANUR,IR,", India"
SUU,SULUR ROAD,IR,", India"
IGU,IRUGUR,IR,", India"
SHI,SINGANALLUR,IR,", India"
PLMD,PILAMEDU,IR,", India"
CBE,COIMBATORE JN,IR,", India"
PTJ,PODANUR JN,IR,", India"
MDKI,MADUKARAI,IR,", India"
IJK,IRINJALAKUDA,IR,", India"
CKI,CHALAKUDI,IR,", India"
DINR,DIVINE NAGAR,IR,", India"
KRAN,KORATTI ANGADI,IR,", India"
KUC,KARUKKUTTY,IR,", India"
AFK,ANGAMALI,IR,", India"
CWR,CHOVVARA,IR,", India"
DJ,DARJEELING,NFR,"Darjeeling, West Bengal"
AWY,ALUVA,IR,", India"
KLMR,KALAMASSERY,IR,", India"
IPL,EDAPPALLY,IR,", India"
ERN,ERNAKULAM TOWN,IR,", India"
ETMD,ETTIMADAI,IR,", India"
WRA,WALAYAR,IR,", India"
DBN,DHABLAN,NR,"Gurudwara Ishar Darbar Rd, Punjab"
DBF,DABPAL,?,"Dabpal, Chhattisgarh"
DBZ,DHING BAZAR,NFR,"Mathaouri Rd, Assam"
CLMD,CHULLIMADA,IR,", India"
KTKU,KOTTEKAD,IR,", India"
DLC,DALMERA,NWR,"Bikaner, Rajasthan"
TNU,TIRUNETTUR,IR,", India"
KUMM,KUMBALAM,IR,", India"
AROR,AROOR HALT,IR,", India"
EZP,EZHUPPUNNA,IR,", India"
TUVR,TURAVUR,IR,", India"
ERSC,ERNAKULAM JN. C,IR,", India"
DIR,DHANAPUR ORISSA,ECoR,"National Highway 43, Orissa"
DRN,DEORANIAN,NER,"SH 37, Uttar Pradesh"
BGS,BEGU SARAI,ECR,"06243-222853, Bihar"
BQQ,BAKHLETA,IR,", India"
GBP,GULABPURA,NWR,"Gulabpura, Rajasthan"
REI,RITHI,IR,", India"
MBWC,MORADABAD WEST,IR,", India"
HRH,HARTHALA,IR,", India"
GOA,GOHAD ROAD,NCR,"Bhind, Madhya Pradesh"
DHNR,DHANORA DECCAN,SCR,"Kinwat, Maharashtra"
ALD,ALLAHABAD JN,IR,", India"
ETAH,ETAH,NCR,"Etah, Uttar Pradesh"
GG,GANDHIGRAM,WR,"Ahmedabad, Gujarat"
BSL,BHUSAVAL JN,IR,", India"
KOPR,KOPAR ROAD,IR,", India"
GGLE,GANGATIKURI,ER,"State Highway 6, West Bengal"
KWD,KARWANDIA,IR,", India"
GDD,GADRA ROAD,NWR,"Gadara, Rajasthan"
SSM,SASARAM,IR,", India"
DTAE,DHATRIGRAM,ER,"Dhatrigram, West Bengal"
SLOR,SELOO ROAD,IR,", India"
SNI,SINDI,IR,", India"
DNUA,DHANSURA,WR,"State Highway 68, Gujarat"
SGRD,SULGARE,IR,", India"
BUA,BARADWAR,IR,", India"
SKT,SAKTI,IR,", India"
EDU,ERIODU,SR,"State Highway 74, Tamil Nadu"
SUJ,SARJU,IR,", India"
GDN,GANGAIKONDAN,SR,"Thoothukudi, Tamil Nadu"
LDR,LANDAURA,IR,", India"
DUN,DUGANPUR,IR,", India"
CBJ,CLUTTER BUCK GANJ,IR,", India"
BE,BAREILLY,IR,", India"
NHGJ,NHGJ,IR,", India"
DTC,DITOKCHERRA,NFR,"North Cachar Hills, Assam"
BPG,BADURPUR GHAT,NFR,"National Highway 53, Assam"
GIW,GIRDHARPUR,NCR,"State Highway 6, Rajasthan"
RYS,RASURIYA,IR,", India"
NYO,NAYAGAON,IR,", India"
PMU,PARMANANDPUR,IR,", India"
GIR,GAINSARI JUNCTION,NER,"Balrampur, Uttar Pradesh"
BPP,BAPATLA,IR,", India"
APL,APPIKATLA,IR,", India"
MCVM,MACHAVARAM,IR,", India"
CEL,CHEBROL,IR,", India"
GGH,GHOGARDIHA,ECR,"Ghoghardiha, Bihar"
BPY,BADAMPUDI,IR,", India"
ARD,AMARDA ROAD,IR,", India"
PY,PERUNDURAI,IR,", India"
FSR,FAQARSAR,NR,"Fakarsar, Punjab"
CFG,CHAKITING,NFR,"Dhodar Ali, Assam"
IGR,INGUR,IR,", India"
VZ,VIJAYAMANGALAM,IR,", India"
DLA,DOULTA,IR,", India"
TBT,TALBAHAT,IR,", India"
MZX,MATATILA,IR,", India"
BZY,BASAI,IR,", India"
BAB,BABINA,IR,", India"
KHJ,KHAJRAHA,IR,", India"
BJI,BIJAULI,IR,", India"
JHSA,JHANSI A CABIN,IR,", India"
JHS,JHANSI JN,IR,", India"
KRQ,KARARI,IR,", India"
DAA,DATIA,IR,", India"
SOR,SONAGIR,IR,", India"
KTRA,KOTRA,IR,", India"
DBA,DABRA,IR,", India"
SMTL,SIMARIATAL,IR,", India"
AEH,ANANT PAITH,IR,", India"
FRH,FARHATNAGAR,NR,"Farhatnagar, Uttar Pradesh"
GATD,GAUTAMDHARA,SER,"Gautamdhara, Jharkhand"
GEG,GIR GADHARA,WR,"Junagadh, Gujarat"
FLD,PHULAD,NWR,"State Highway 62, Rajasthan"
GADM,GANGA DHAM,NER,"Ganga Dham, Uttar Pradesh"
DTR,DHAMTARI,SECR,"Dhamtari, Chhattisgarh"
DRW,DHAREWADA,WR,"Unjha, Gujarat"
KZQ,KHIMEL,NWR,"Jawai Bandh, Rajasthan"
HDU,HARDUA,IR,", India"
HDW,HALDWANI,NER,"Haldwani, Uttarakhand"
AKT,AKALTARA,IR,", India"
HBU,HALBARGA,SCR,"Halbarga, Karnataka"
GNH,GANGAKHER,SCR,"State Highway 217, Maharashtra"
NIA,NAILA,IR,", India"
KMGE,KUMAHU,IR,", India"
SSG,SHIU SAGAR ROAD,IR,", India"
CPH,CHAMPA,IR,", India"
GPX,GAUTAMPURA ROAD,WR,"Barnagar, Madhya Pradesh"
RGQ,RAIGADH ROAD,NWR,"National Highway 8, Gujarat"
GS,GODHANESHWAR,WR,"Bagodara Dholka Link Rd, Gujarat"
GLH,GULAOTHI,NR,"Gulaothi, Uttar Pradesh"
HNB,HASANABAD,ER,"Taki, West Bengal"
PUA,PULLA,IR,", India"
KKRM,KAIKORAM,IR,", India"
JER,JALESWAR,IR,", India"
FYZ,FAIZULLAPUR,IR,", India"
ED,ERODE JN,IR,", India"
HR,HARPALU,NWR,"Bahal, Rajasthan"
RUB,RASULABAD,IR,", India"
SNIE,SATH NARAINI,IR,", India"
DUR,DESUR,SWR,"Desur, Karnataka"
CNC,CHINCHLI,SWR,"Belagavi, Karnataka"
MTB,MATLABPUR,IR,", India"
KNT,KANTH,IR,", India"
MWE,MEWA NAWADA,IR,", India"
SEO,SEOHARA,IR,", India"
CAJ,CHAKRAJ MAL,IR,", India"
DPR,DHAMPUR,IR,", India"
HBW,HABIBWALA,IR,", India"
GKD,GADHAKDA,WR,"Gadhakada Rd, Gujarat"
PNI,PURAINI,IR,", India"
NGG,NAGINA,IR,", India"
BEK,BUNDKI,IR,", India"
GYN,GYANPUR ROAD,NER,"Bhadohi District, Uttar Pradesh"
MSDR,MURSHADPUR,IR,", India"
NBD,NAJIBABAD JN,IR,", India"
FZL,FAZALPUR,IR,", India"
CNK,CHANDOK,IR,", India"
BLW,BALAWALI,IR,", India"
RSI,RAISI,IR,", India"
AAR,ADESAR,WR,"Dist. Kachchh, Gujarat"
HRR,HARIHAR,SWR,"Harihar, Karnataka"
GVA,GANGUWADA,ECoR,"Ganguwada, Andhra Pradesh"
GUX,GURHI,SCR,"Khandwa, Madhya Pradesh"
HMH,HANUMANGARH JN,NWR,"Hanumangarh, Rajasthan"
AAM,ANGADIPPURAM,SR,"Angadipuram, Kerala"
PHR,PHILLAUR JN,IR,", India"
LDW,LADHOWAL,IR,", India"
LDH,LUDHIANA JN,IR,", India"
BHOI,DHANDARIKALAN BLOCK HUT,IR,", India"
HKR,KIWAR KHED,SCR,"State Highway 194, Maharashtra"
DDL,DHANDARI KALAN,IR,", India"
SNL,SANAHWAL,IR,", India"
DOA,DORAHA,IR,", India"
JSPN,JASPALON,IR,", India"
CHA,CHAWAPALL,IR,", India"
KNN,KHANNA,IR,", India"
GVG,GOVINDGARH,IR,", India"
SIR,SIRHIND JN,IR,", India"
SDY,SADHOO GARH,IR,", India"
SBJ,SARAI BANJARA,IR,", India"
RPJ,RAJPURA JN,IR,", India"
SMU,SAMBHU,IR,", India"
CDL,CHODIALA,IR,", India"
IQB,IQBALPUR,IR,", India"
RK,ROORKEE,IR,", India"
DNRA,DHANDHERA,IR,", India"
DSNI,DAUSNI,IR,", India"
CPT,CHANNAPATNA,SWR,"Channapatna, Karnataka"
KGF,KATHGHAR,IR,", India"
DLP,DALPATPUR,IR,", India"
MPH,MUNDHA PANDE,IR,", India"
RMU,RAMPUR,IR,", India"
SAR,SHAHZAD NAGAR,IR,", India"
DAM,DHAMORA,IR,", India"
AABH,AMBIKA BHAWANI HALT,IR,", India"
DGA,DIGHWARA,IR,", India"
STLR,SITALPUR,IR,", India"
JDR,JIWDHARA,ECR,"Jiwdhara, Bihar"
AWP,AGHWANPUR,IR,", India"
KIA,KHARI AMRAPUR,WR,"State Highway 237, Gujarat"
IMR,IBRAHIMPUR,SWR,"Bijapur, Karnataka"
JND,JUNAGADH JN,WR,"Junagadh, Gujarat"
JA,JALIYA,WR,"Ranuja Village Rd, Gujarat"
IDP,INDUPALLI,SCR,"Krishna, Andhra Pradesh"
DBL,DODBELE,SWR,"National Highway 4, Karnataka"
KVD,KHURMABAD ROAD,IR,", India"
JBO,JAMADOBU,SER,"Jharia, Jharkhand"
KTQ,KUDRA,IR,", India"
PSE,PUSAULI,IR,", India"
STPT,SITAMPET,IR,", India"
JHBN,JHAMATPUR BAHARAN,ER,"Goai, West Bengal"
UBC,AMBALA CITY,IR,", India"
JIT,JIRAT,ER,"Jirat, West Bengal"
BMD,BHIMADOLU,IR,", India"
JDD,JERTHI DADHIA,NWR,"MDR 87, Rajasthan"
LXD,LAKSHANNATH ROAD,IR,", India"
JGJN,JUGIJAN,NFR,"National Highway 36, Assam"
JMI,JAMGURI,NFR,"National Highway 39, Assam"
CSM,CANSAULIM,SWR,"Arossim Beach Rd, Goa"
BPW,BURHPURA,IR,", India"
IDM,INDEMAU,NR,"Indemau, Uttar Pradesh"
KSR,KASTURI,IR,", India"
MIR,MAIJAPUR,IR,", India"
JNO,JUNNOR DEO,CR,"Dongar Parasia, Madhya Pradesh"
GDK,GONDA KACHAHRI,IR,", India"
BRCK,BARUACHAK,IR,", India"
JOL,JOGAL,?,"Jogal, Orissa"
ICL,ICHAULI,NCR,"Maudaha, Uttar Pradesh"
MOTG,MOTIGANJ,IR,", India"
JLHI,JHILAHI,IR,", India"
KAU,KACHNA,NFR,"National Highway 34, West Bengal"
BBHL,BELA BELA,IR,", India"
JOA,JANWAL,SCR,"Latur, Maharashtra"
JADR,JADAR,WR,"State Highway 9, Gujarat"
JJW,JOJWA,WR,"Vadodara, Gujarat"
MUR,MANKAPUR JN,IR,", India"
LKNR,LAKHPAT NAGAR,IR,", India"
MSW,MASKANWA,IR,", India"
ANU,ANANGUR,IR,", India"
POE,PAWAPURI ROAD HALT,IR,", India"
SNC,S NARAYAN CHPLA,IR,", India"
HSB,HASANBAZAR HALT,ECR,"Hasan Bazar, Bihar"
BNGY,BAHMAN JYOTIA,IR,", India"
PATI,PARSA TEWARI,IR,", India"
JI,JHUSI,NER,"NH 2, Uttar Pradesh"
GOVR,GOVINDNAGAR,IR,", India"
BST,BASTI,IR,", India"
ORW,ORWARA,IR,", India"
CRV,CHUREB,IR,", India"
MOW,MANANWALA,IR,", India"
JNL,JANDIALA,IR,", India"
TRA,TANGRA,IR,", India"
JSH,JASWANTGARH,NWR,"Sujangarh, Rajasthan"
BTR,BUTARI,IR,", India"
BBKR,BABA BAKALARAYA,IR,", India"
BEAS,BEAS,IR,", India"
DIW,DHILWAN,IR,", India"
RYM,RAMIDI HALT,IR,", India"
JKI,KAURIAA JUNGLE,?,"National Highway 29, Uttar Pradesh"
HMR,HAMIRA,IR,", India"
KRE,KARTARPUR,IR,", India"
SRX,SURA NUSSI,IR,", India"
POM,PUNTHOTTAM,IR,", India"
LOHA,LOHA,NWR,"Ratangarh, Rajasthan"
BBSL,BABA SODHAL NAGAR,IR,", India"
JUC,JALANDHAR CITY,IR,", India"
KBA,KURABALAKOTA,SCR,"Kurabalakota Railway Station, Andhra Pradesh"
JRC,JALANDHAR CANT,IR,", India"
ABE,AMBIKESHWAR,NCR,"State Highway 2, Madhya Pradesh"
CEU,CHIHERU,IR,", India"
MLIH,MAULI HALT,IR,", India"
MAUL,MAULA ALI,IR,", India"
GRY,GORAYA,IR,", India"
JTO,JUTOGH,NR,"Shimla, Himachal Pradesh"
JPS,JAMALPUR SHAIKHAN,?,"MDR 101, Punjab"
BTTN,BHATIAN,IR,", India"
PPDA,PANCHPATIA DEORIA HALT,IR,", India"
KHBV,KHARBAO,CR,"Thane, Maharashtra"
KEV,KELA DEVI,WCR,"Bharatpur, Rajasthan"
KDE,KORADACHERI,SR,"Koradacheri, Tamil Nadu"
SHGN,SHRI GHASINAGAR,IR,", India"
QGT,KOLAGHAT,IR,", India"
BW,BIWAI,IR,", India"
KHM,KUSMHI,IR,", India"
NYN,NAINI,IR,", India"
CTHR,CHITAHRA,WCR,"MDR 11, Madhya Pradesh"
STA,SATNA,WCR,"Satna, Madhya Pradesh"
KALS,KALAS HALT,SWR,"State Highway 6, Karnataka"
KLPM,KAILASAPURAM,SR,"Thattaparai, Tamil Nadu"
KHNP,KHANAPUR DECCAN,SCR,"State Highway 4, Karnataka"
KBSH,KRISHNA BALLABH,ER,"Giridih, Jharkhand"
KEMA,KUKMA,WR,"Kutch, Gujarat"
KKDI,KARAIKKUDI JUNCTION,SR,"Ariyakudi Road, Tamil Nadu"
JXN,JIRONA,?,"Nanded, Maharashtra"
KJZ,KARONJI,SECR,"Devipur, Chhattisgarh"
KDZ,KANDAGHAT,NR,"Kandhaghat, Himachal Pradesh"
NPB,NAGAPATTINAM BEACH,SR,"Nagapattinam, Tamil Nadu"
MNU,MUNDIKOTA,IR,", India"
JWN,JIWA ARAIN,NR,"State Highway 20, Punjab"
KWN,KACHEWANI,IR,", India"
AGN,AMGAON,IR,", India"
LNMA,LNMA,IR,", India"
DURG,DURG,IR,", India"
KPNA,KAPAN,IR,", India"
KDTR,KIRODIMALNAGAR,IR,", India"
MTGE,MUTHANI,IR,", India"
SPF,STUARTPURAM,IR,", India"
EE,ELURU,IR,", India"
DEL,DENDULURU,IR,", India"
AGV,ANGUA,IR,", India"
DNT,DANTAN,IR,", India"
KHTN,KHUTAUNA,ECR,"Khutuana, Bihar"
BBU,BHABUA ROAD,IR,", India"
KJC,KASGANJ CITY,NER,"State Highway 33, Uttar Pradesh"
DGO,DURGAUTI,IR,", India"
MVPM,MAVELIPALAIYAM,IR,", India"
SGE,SANKARIDURG,IR,", India"
DCX,DHANICHHA,IR,", India"
KID,KHAIRAR JN,NCR,"NH-76 Banda(05192-224813), Uttar Pradesh"
KHOH,KHOH,NCR,"National Highway 76, Uttar Pradesh"
KLI,KAULI,NR,"National Highway 64, Punjab"
KLAR,KULPAHAR,NCR,"Kulpahar, Uttar Pradesh"
KMS,KARAMNASA,IR,", India"
KHBJ,KHANNA BANJARI,WCR,"State Highway 11, Madhya Pradesh"
SYJ,SAIDRAJA,IR,", India"
GAQ,GANJ KHAWAJA,IR,", India"
FOCM,FLYOVER CABIN MUGHALSARAI,IR,", India"
KCT,KIRAKAT,NER,"Jaunpur, Uttar Pradesh"
KLD,KHALILABAD,IR,", India"
MHH,MAGHAR,IR,", India"
SIPR,SIHAPAR,IR,", India"
SWA,SAHJANWA,IR,", India"
MWH,MALWAN,IR,", India"
JTB,JAGATBELA,IR,", India"
KJS,KRISHNARAJASAGAR,SWR,"Mandya District, Karnataka"
KLK,KALKA,NR,"Kalka, Haryana"
PNS,PILLAMSHAT,IR,", India"
KKS,KURASTI KALAN,IR,", India"
FTP,FATEHPUR,IR,", India"
DMG,DOMINGARH,IR,", India"
BTK,BANKATA,IR,", India"
KKL,KALA BAKRA,NR,"Dhogri Rd, Punjab"
BAGL,BARAGOPAL,IR,", India"
ATNR,AWATAR NAGAR,IR,", India"
KHKT,KHOTKHOTI,NFR,"Golaghat Rd, Assam"
ARI,ANTRI,IR,", India"
KDPS,KADIPUR SANI HA,NER,"Kadipur Sani, Uttar Pradesh"
KITN,KHIRI TOWN,NER,"Kheri, Uttar Pradesh"
MNF,MANDA ROAD,IR,", India"
MZP,MIRZAPUR,IR,", India"
JHG,JHINGURA,IR,", India"
PRE,PAHARA,IR,", India"
DAP,DAGMAGPUR,IR,", India"
CAR,CHUNAR,IR,", India"
KYT,KAILAHAT,IR,", India"
ARW,AHRAURA ROAD,IR,", India"
JEP,JEONATHPUR,IR,", India"
NEWC,NEW WEST CABIN,IR,", India"
PRKD,POWERKHEDA,IR,", India"
ITKL,ITAYAKALAN,IR,", India"
KOZ,KOSMA,NCR,"Kosma, Uttar Pradesh"
MDDP,MANDI DIP,IR,", India"
KTM,KUTRALAM,SR,"Kuthalam, Tamil Nadu"
NGN,NANDGAON,IR,", India"
KTX,KATAKHAL JN,NFR,"Hailakandi, Assam"
KRBA,KORBA,SECR,"Korba, Chhattisgarh"
ET,ITARSI JN,IR,", India"
KSAR,KUDALA SANGAM,SWR,"NH 13, Karnataka"
KIAT,KYATSANDRA,SWR,"Tumkur, Karnataka"
KSPR,KASHIPURA SARAR,IR,", India"
CNT,CONTAI ROAD,IR,", India"
KRMD,KUARMUNDA,SER,"Sundargarh, Orissa"
GEA,GHATERA,IR,", India"
KQD,KHAIRATABAD DCN,SCR,"Hyderabad, Andhra Pradesh"
MHUL,MEHUWALA HALT,IR,", India"
ORKI,ORKI,NR,"National Highway 15, Rajasthan"
HYA,HADIAYA,NR,"Khudi Rd, Punjab"
MLQ,MALKERA JUNCTION,SER,"National Highway 32, Jharkhand"
KOHR,KOHIR DECCAN,SCR,"Telangana Region, Andhra Pradesh"
HMQ,HIMMATPURA,NR,"Tohana, Haryana"
NBKH,NABA GRAM KANKU,ER,"Nabagram Kakurhati, West Bengal"
ABKA,AMBIKA KALNA,ER,"Kalna, West Bengal"
KMAE,KHAMARGACHHI,ER,"Khamargachi, West Bengal"
IPPM,IPURUPALEM,IR,", India"
KNNK,KANINA KHAS,NWR,"MDR 124, Haryana"
NZD,NUZVID,IR,", India"
KNH,KONCH,NCR,"Kocha, Uttar Pradesh"
VAT,VATLUR,IR,", India"
HOJ,HAMITONGANJ,NFR,"Hamiltonganj, West Bengal"
IPRA,IPRA,IR,", India"
KMKD,KHAMKHED,IR,", India"
NSI,NIKURSINI,IR,", India"
KTKL,KOTLI KALAN,NR,"State Highway 12A, Punjab"
JSRD,JHANKAD SARALA ROAD,?,"Jhankad, Orissa"
DPT,DALPAT SINGHPUR,IR,", India"
BLDA,BELDA,IR,", India"
MAKR,MALKHERI,IR,", India"
DC,MAGUDANCHAVADI,IR,", India"
BJQ,BAGHORA,IR,", India"
KYE,KHURAI,IR,", India"
SMRR,SUMRERI,IR,", India"
KOY,KHEROL,WR,"State Highway 237, Gujarat"
JLM,JALIYA MATH,WR,"State Highway 68, Gujarat"
JRK,JERUWA KHERA,IR,", India"
CV,KAVERI,IR,", India"
ISH,ISARWARA,IR,", India"
CPMR,CPMR,IR,", India"
NOI,NARIAOLI,IR,", India"
KSI,KOSLI,NWR,"Tumna Rd, Haryana"
RTZ,RATONA,IR,", India"
SGO,SAUGOR,IR,", India"
KUV,KUNDARA,SR,"Kundara, Kerala"
DEC,DELHI CANTT,NR,"Mayapuri Industrial Area Phase II/Lajwanti Garden, Delhi NCT"
MKRN,MAKRONIA,IR,", India"
LDA,LIDHORA KHURD,IR,", India"
KYX,KARHIYA BHADELI,IR,", India"
GTY,GOLA PATI,IR,", India"
SAO,SAGONI,IR,", India"
SYA,SALAIA,IR,", India"
KMLR,KAMALUR,ECoR,"Kamalur, Chhattisgarh"
MJGP,MAJHGAWAN PHATA,IR,", India"
KMZ,KATNI MURWARA,IR,", India"
KNPS,KENDPOSI,SER,"National Highway 75, Jharkhand"
BKO,BINDKI ROAD,IR,", India"
KSQ,KANSPUR GUGAULI,IR,", India"
NGTN,NAGOTHANE,CR,"Raigad, Maharashtra"
KNF,KHANUDIH,SER,"Bokaro, Jharkhand"
AGD,AGASOD,IR,", India"
KOA,KARONDA,IR,", India"
MXS,MOHASA,IR,", India"
KORI,KHORI,NWR,"State Highway 26, Haryana"
DUA,DHAURA,IR,", India"
JLN,JAKHALAUN,IR,", India"
JRO,JIRON,IR,", India"
LAR,LALITPUR,IR,", India"
DWA,DAILWARA,IR,", India"
JHA,JAKHAURA,IR,", India"
GKB,GHATAKA VARANA,IR,", India"
LRD,LAR ROAD,NER,"Deoria, Uttar Pradesh"
LHM,LEHRA MUHABBAT,NR,"National Highway 64, Punjab"
JL,JALGAON JN,IR,", India"
ARE,ARNETHA,IR,", India"
LBG,LIMBGAON,SCR,"Huzur Sahib Nanded, Maharashtra"
KPTN,KESHORAI PATAN,IR,", India"
GNCN,GURLA N CABIN,IR,", India"
HPR,HIRAPUR,IR,", India"
GQLN,GURLA N,IR,", India"
MASK,MAISAR KHANA,NR,"State Highway 12A, Punjab"
LKBL,LAKHABAWAL,WR,"Jamnagar, Gujarat"
GQLW,GURLA W,IR,", India"
KZY,KAYALPATTINAM,SR,"Arumuganeri, Tamil Nadu"
GQL,GURLA,IR,", India"
SNJL,SANJALI,IR,", India"
DDYX,DDYX,IR,", India"
KURO,KORARI,NR,"State Highway 38, Uttar Pradesh"
KSB,KOSAMBA JN,IR,", India"
KCCN,KCCN,IR,", India"
MNVL,MNVL,IR,", India"
KMNP,KISHAN MANPURA,NWR,"State Highway 19, Rajasthan"
STN,SITARAMPUR,IR,", India"
TNW,THAPAR NAGAR,IR,", India"
MAI,MEHSI,ECR,"Mehsi, Bihar"
LMT,ALMATTI,SWR,"Bijapur, Karnataka"
KXK,KHARKHAUDA,NR,"State Highway 18, Uttar Pradesh"
LKDU,LANKALAKODERU,SCR,"Lankala Koderu, Andhra Pradesh"
ABKP,AMBIKAPUR,SECR,"Surguja, Chhattisgarh"
LM,LIMBDI,WR,"Limbdi, Gujarat"
LGO,LALGOPALGANJ,NR,"Lal Gopalganj, Uttar Pradesh"
CI,CHHAPRA KACHERI,IR,", India"
GJH,GOLDINGANJ,IR,", India"
KGWD,KAGWAD,IR,", India"
LAP,LOHAPUR,ER,"Sagardighi Railway Station, West Bengal"
JAQ,JANDRAPETA,IR,", India"
CLX,CHIRALA,IR,", India"
VRVL,VIRAVALLI,IR,", India"
KUP,KUP,NR,"Kup Khurd, Punjab"
CRWL,CHAK RAKHWAL,IR,", India"
LLJ,LALGANJ,NR,"Lalganj, Uttar Pradesh"
CKB,CHAUTH KA BARWARA,IR,", India"
CRKR,CHAURAKHERI,WCR,"Chaurakher, Rajasthan"
DXD,DIGOD,WCR,"Kota, Rajasthan"
KJME,KAJORAGRAM,ER,"Near Andal, West Bengal"
MAE,MATHERAN,CR,"Matheran, Maharashtra"
MADA,MAONDA,NWR,"State Highway 13, Rajasthan"
VRPD,VIRAPANDY ROAD,IR,", India"
KBN,KARBIGWAN,IR,", India"
AUNG,AUNG,IR,", India"
LNN,LONAND,CR,"Jn Point Daund /Miraj /Pune, Maharashtra"
SLV,SANDALPUR,IR,", India"
STLI,SITHOULI,IR,", India"
GWL,GWALIOR JN,IR,", India"
RRU,RAYARU,IR,", India"
BAO,BANMOR,IR,", India"
KXA,KUANRIYA,NWR,"State Highway 12, Rajasthan"
NUB,NURABAD,IR,", India"
SANK,SANK,IR,", India"
MRA,MORENA,IR,", India"
HET,HETAMPUR,IR,", India"
GHER,GHER,IR,", India"
DHO,DHAULPUR,IR,", India"
KZB,KURUMBUR,SR,"Thoothukudi, Tamil Nadu"
NCU,NALLACHERUVU,SCR,"Chennai - Anantpur Rd, Andhra Pradesh"
MIA,MANIA,IR,", India"
JJ,JAJAU,IR,", India"
BFP,BILOCHPURA AGRA,IR,", India"
LWS,LUKWASA,WCR,"Lukwasa, Madhya Pradesh"
RNKA,RUNKUTA,IR,", India"
TKEC,TUGLAKABAD EAST CABIN,IR,", India"
MALA,MALA,NER,"Pilibhit, Uttar Pradesh"
MBO,MAIRABARI,NFR,"Nagaon, Assam"
MAA,MAVAL,NWR,"National Highway 14, Rajasthan"
KWI,KIVARLI,NWR,"Shri Amirgadh, Rajasthan"
SLBN,SALAI BANWA,IR,", India"
DIWR,DIWR,IR,", India"
CUKI,CUKI,IR,", India"
NKJ,NEW KATNI JN,IR,", India"
MMM,MANDAPAM,SR,"National Highway 49, Tamil Nadu"
MJHL,MAJADA HALT,NR,"Majada Halt, Uttar Pradesh"
MLMG,MALLEMADUGU,SCR,"Khammam, Andhra Pradesh"
RTGN,RATANGAON,IR,", India"
PTHD,PATOHAN,IR,", India"
MLSU,MALSAILU,SCR,"Hingoli, Maharashtra"
ABS,ABOHAR,NR,"Abohar, Punjab"
MONJ,MONGLAJHORA,NFR,"Dhubri Kochugaon Rd, Assam"
MHO,MAHPUR,NER,"Mahpur Bhimapar Marg, Uttar Pradesh"
GSPR,GOSALPUR,WCR,"Jabalpur, Madhya Pradesh"
MML,MADAN MAHAL,WCR,"Jabalpur, Madhya Pradesh"
MLP,MALLAPUR,SWR,"State Highway 30, Karnataka"
ABW,ABUTARA HALT,NFR,"Dinhata, West Bengal"
VGL,VAGHLI,IR,", India"
MGB,MUDIGUBBA,SCR,"Mudigubba, Andhra Pradesh"
MKSR,MOKALSAR,NWR,"Mokalsar, Rajasthan"
MYK,MAYAKONDA,SWR,"State Highway 47, Karnataka"
DKZ,DELHI KISHANGANJ,NR,"Sarai Rohilla, Delhi NCT"
MORA,MORAIYA,WR,"National Highway 8A, Gujarat"
KRZ,KHARAWAR,NR,"Kharawar, Haryana"
MKDD,MUKUNDWADI HALT,SCR,"Aurangabad, Maharashtra"
ABX,AMBARI,SCR,"Kinwat, Maharashtra"
BQT,BAKTAR NAGAR,IR,", India"
RNG,RANIGANJ,IR,", India"
NMC,NIMCHA,IR,", India"
KPK,KALIPAHARI,IR,", India"
ASNE,ASANSOL EAST,IR,", India"
ASN,ASANSOL JN,IR,", India"
BCQ,BARACHAK,IR,", India"
MIAL,MILAOLI,NCR,"National Highway 3, Madhya Pradesh"
ZARP,ZARAP,KR,"Sindhudurg, Maharashtra"
MGI,MANIGACHI,ECR,"Darbhanga, Bihar"
MHN,MAHANADI,NFR,"Pankhabari Rd, West Bengal"
MKRD,MACHHAKUNDA,ECoR,"Padwa Rd, Orissa"
MHI,MANIHARI,NFR,"Manihari Railway Station, Bihar"
HLG,HILLGROVE,SR,"Nilgiris, Tamil Nadu"
TOU,TELAPROLU,IR,", India"
MDKD,MADHUKUNDA,SER,"Barakar, West Bengal"
PMPR,PAMPORE,IR,", India"
MRJ,MIRAJ JN,CR,"Maniknagar Bypass, Maharashtra"
BHA,BHANDAI,IR,", India"
MNWL,MANWAL,NR,"Jandrah, Jammu and Kashmir"
AGC,AGRA CANTT,IR,", India"
RKM,RAJA KI MANDI,IR,", India"
KXM,KITHAM,IR,", India"
FHT,FARAH TOWN,IR,", India"
MDVL,MANDAVALLI,SCR,"Mandavalli, Andhra Pradesh"
FAR,FARAH,IR,", India"
CPLE,CHINPAI,ER,"National Highway 60, West Bengal"
BAD,BAAD,IR,", India"
VRBD,VRINDABAN ROAD,IR,", India"
AJH,AJHAI,IR,", India"
CHJ,CHATA,IR,", India"
KSV,KOSI KALAN,IR,", India"
BNCR,BANCHARI,IR,", India"
MJNL,MAJRI NANGAL,NWR,"State Highway 52, Rajasthan"
DSPT,DANISHPET,IR,", India"
SHLK,SHOLAKA,IR,", India"
PWL,PALWAL,IR,", India"
AST,ASAOTI,IR,", India"
PYLA,PIYALA BLOCK HUT,IR,", India"
BVH,BALLABGARH,IR,", India"
TNT,TINNAPPATTI,IR,", India"
KPPR,KARUPPUR,IR,", India"
FDN,FARIDABAD NEW TOWN,IR,", India"
TKDC,TUGLAKABAD CABIN,IR,", India"
TKD,TUGLAKABAD,IR,", India"
MIN,MIHINPURWA,NER,"Mihinpurwa, Uttar Pradesh"
MME,MUL MARORA,SECR,"Mul, Maharashtra"
MDPB,MADHOPUR PUNJAB,NR,"Madhopur, Punjab"
GILA,GHIALA,NR,"MDR 42, Punjab"
MEX,MUKERIAN,NR,"Mukerian, Punjab"
MLC,MALKISAR,NWR,"Bikaner, Rajasthan"
KVJ,KESHAVGANJ,NWR,"Jawai Bandh, Rajasthan"
NEMA,NEMA HALT,?,"National Highway 22, Bihar"
MV,MAYILADUTURAI JN,SR,"Mayiladuthurai, Tamil Nadu"
NILE,NIMTITA,ER,"NH-34, West Bengal"
BLRD,BALA ROAD,WR,"State Highway 19, Gujarat"
MRTY,MURTI,SCR,"State Highway 169, Maharashtra"
MCJ,MANJATTIDAL,SR,"Mela Kalkandar Kottai Tiruchchirappalli 620011, Tamil Nadu"
VG,VIRAMGAM JN,IR,", India"
RHNE,ROHINI,IR,", India"
XSK,SOKALI,IR,", India"
JKA,JAKHVADA,IR,", India"
VCN,VIROCHANNAGAR,IR,", India"
TGR2,BLOCK AND CATCH SIDING CABINE NO.2,IR,", India"
MZH,MAUHARI,SECR,"Amarkantak Rd, Madhya Pradesh"
MVD,MULVAD,SWR,"Bijapur, Karnataka"
NDV,NIDVANDA,SWR,"NH 207, Karnataka"
CE,CHHARODI,IR,", India"
MRHA,MURAHARA,?,"Murahara, Bihar"
WSE,VASAN IYAWA,IR,", India"
NANR,NARANPUR,ECoR,"Naranpur Railway Station, Orissa"
SPBK,SPBK,IR,", India"
SAU,SANAND,IR,", India"
GGM,GORA GHUMA,IR,", India"
ABD,AMBLI ROAD,IR,", India"
CLDY,CHANDLODIYA,IR,", India"
NDH,NINDHAR BENAR,NWR,"Benad Rd, Rajasthan"
KOTA,KOTA JN,IR,", India"
SBTF,SABARMATI F CABIN,IR,", India"
MTH,MATAUNDH,NCR,"National Highway 76, Uttar Pradesh"
NAD,NAGDA JN,IR,", India"
KRSA,KHARSALIYA,IR,", India"
DRL,DEROL,IR,", India"
NDY,NANDI HALT,SWR,"Nandi, Karnataka"
BRC,VADODARA JN,IR,", India"
BKRL,BAKROL,IR,", India"
TNGR,THONGANUR,IR,", India"
BDY,BUDDIREDDIPPATI,IR,", India"
BQI,BOMMIDI,IR,", India"
LCR,LOKUR,IR,", India"
MZQ,MAJGAON ASSAM,NFR,"National HIghway 31, Assam"
CPN,CHAMPANER RD JN,IR,", India"
LAN,LOTANA,IR,", India"
SMLA,SAMLAYA JN,IR,", India"
AIR,ALINDRA ROAD,IR,", India"
PIO,PILOL,IR,", India"
MQX,MERALGRAM,ECR,"Garhwa, Jharkhand"
CYI,CHHAYAPURI,IR,", India"
MYE,MANDHALI,NR,"Mandhali, Punjab"
SRWN,SARASWATINAGAR,IR,", India"
MWF,MAGARDAHA,ECR,"Obra, Uttar Pradesh"
MFQ,MAHROI,WCR,"State Highway 10, Madhya Pradesh"
LEK,LAKHAKHERA,WCR,"Lakhakhera, Madhya Pradesh"
NDM,NIDAMANURU,SCR,"Vijayawada, Andhra Pradesh"
MTR,MOTIPUR,ECR,"National Highway 28, Bihar"
MRLI,MURLI HALT,ER,"Pakur, Jharkhand"
MWRN,MADWARANI,SECR,"Janjgir-Champa, Chhattisgarh"
DDAC,DDAC,IR,", India"
RXM,ROOMA,IR,", India"
NIRA,NIRA,CR,"Satara, Maharashtra"
HALT,HALT,IR,", India"
ULT,KULTI,IR,", India"
MTV,MATALKUNTA,SCR,"Telangana Region, Andhra Pradesh"
BRR,BARAKAR,IR,", India"
KMME,KUMARDUBI,IR,", India"
MMU,MUGMA,IR,", India"
KAO,KALUBATHAN,IR,", India"
PKA,PRADHANKHUNTA,IR,", India"
MSTH,MISRIKH TIRATH,NR,"Sitapur, Uttar Pradesh"
MRIJ,MURLIGANJ,ECR,"Murliganj, Bihar"
DOKM,DOKRA HALT,IR,", India"
DHN,DHANBAD JN,IR,", India"
MGWN,MAHGAWAN HALT,NR,"Nawab Yousuf Rd, Uttar Pradesh"
DDD,DHONDHA DIH,NER,"MDR 94E, Uttar Pradesh"
KHED,KHED,KR,"Khed, Maharashtra"
AT,ASNOTI,KR,"Uttara Kannada, Karnataka"
MTM,MACHILIPATNAM,SCR,"Machilipatnam, Andhra Pradesh"
JN,JHUND,IR,", India"
SADL,SADLA,IR,", India"
BDI,BHADLI,IR,", India"
TRW,TARSOD,IR,", India"
OSA,AUSA ROAD,CR,"State Highway 77, Maharashtra"
KJ,KAJGAON,IR,", India"
NMD,NOMODA,WCR,"MDR 111, Rajasthan"
HDGR,HADGAON ROAD,SCR,"Nanded, Maharashtra"
PRJ,PRANTIJ,WR,"National Highway 8, Gujarat"
CSN,CHALISGAON JN,IR,", India"
BRGZ,VADODARA E CABIN,IR,", India"
NRV,NARIYAR,ECR,"Nariyaar, Bihar"
NRY,NYORIYA HUSENPUR,NER,"Neoria Husainpur, Uttar Pradesh"
PPF,PIPLAJ,NWR,"Beawar, Rajasthan"
APA,AMARPURA,NWR,"Kharwa, Rajasthan"
NUQ,NAGAR UNTARI,ECR,"Garhwa, Jharkhand"
KSE,KOSAD,IR,", India"
SBC,BANGALORE CITY JN,SWR,"Bengaluru, Karnataka"
TLD,TILDA,IR,", India"
GED,GULEDAGUDDA RD,SWR,"SH 44, Karnataka"
NBL,NIMBAL,SWR,"Bijapur, Karnataka"
NVG,NAWAGAON,CR,"Nayagaon, Madhya Pradesh"
NIL,NILAMBUR ROAD,SR,"Nilambur, Kerala"
NOMD,NOAMUNDI,SER,"National Highway 215, Jharkhand"
ACH,ACHALGANJ,NR,"Bithar, Uttar Pradesh"
OSRA,OSRA,WR,"Madhya Pradesh, Madhya Pradesh"
PAGM,PENNADA AGRAHARAM,SCR,"West Godavari, Andhra Pradesh"
NLN,NAILALUNG,NFR,"TV Centre Road, Assam"
KDY,KETTANDAPATTI,IR,", India"
UGD,UPPUGUNDURU,IR,", India"
CJM,CHINNA GANJAM,IR,", India"
KVDU,KADAVAKUDURU,IR,", India"
OTN,OATING,NFR,"National Highway 39, Assam"
NZR,NAZIRA,NFR,"Nazira Ali, Assam"
NMN,NAMANASAMUDRAM,SR,"Namunasamudiran, Tamil Nadu"
NPU,NADIAPUR,NFR,"Nadiapur, Tripura"
NNX,NANAUTA,NR,"MDR 2W, Uttar Pradesh"
MTJ,MATHURA JN,IR,", India"
ITRN,ITWARI JN (NG),IR,", India"
BTSR,BHUTESHWAR,IR,", India"
HDL,HODAL,IR,", India"
OKA,OKHLA,IR,", India"
OEL,OEL,NER,"Oel, Uttar Pradesh"
PD,PHARADAHAN,NER,"SH 21, Uttar Pradesh"
MOLK,MOLAKARAMPATTI,IR,", India"
KEY,KAGANKARAI,IR,", India"
KNNT,KUNNATHUR,IR,", India"
SLY,SAMALPATTI,IR,", India"
DST,DASAMPATTI,IR,", India"
MAP,MORAPPUR,IR,", India"
NSA,NISHANGARA,NER,"Uttar Pradesh, Uttar Pradesh"
OGM,OORGAUM,SWR,"KGF, Karnataka"
NYG,NAYAGARH,?,"National Highway 215, Orissa"
MHUR,MOHANPUR,ER,"Mohanpur, Jharkhand"
ONR,COONOOR,SR,"Coonoor, Tamil Nadu"
OBM,OBALAPURAM,SWR,"Bellary-Hiriyur Rd, Andhra Pradesh"
KPRR,KOTAPAR ROAD,ECoR,"Bhansuli Kotpad PMGSY Rd, Chhattisgarh"
INDRG,INDRG,IR,", India"
GNSYM,GNSYM,IR,", India"
JTX,JATPIPLI,IR,", India"
BAJN,BAJANA,IR,", India"
VSV,VASADVA,IR,", India"
DHG,DHRANGDHRA,IR,", India"
SUK,SUKHPUR,IR,", India"
HVD,HALVAD,IR,", India"
DHNL,DHANALA,IR,", India"
DVY,DEVALIYA,IR,", India"
KHXB,KHAKHRECHI,IR,", India"
WDHR,WADHARVA,IR,", India"
MALB,MALIYA MIYANA,IR,", India"
KATR,KATARIYA,IR,", India"
VONB,VONDH,IR,", India"
BCOB,BHACHAU BG,IR,", India"
CHIB,CHIRAI BG,IR,", India"
BMSB,BHIMASAR BG,IR,", India"
GIMC,GANDHIDHAM CABIN,IR,", India"
PIP,PIPLIA,WR,"Panth Pipalia, Madhya Pradesh"
PNF,PANGAON,SCR,"Pangaon, Maharashtra"
PNRA,PANIARA,NER,"National Highway 29, Uttar Pradesh"
PRLI,PARLI VAIJNATH,SCR,"Parli-Vaijnath, Maharashtra"
HRDR,HARSAR DEHRI,NR,"Harsar Dehri, Himachal Pradesh"
RKH,RAKHIYAL,WR,"Rakhiyal, Gujarat"
PLK,PALIA KALAN,NER,"Palia Kalan, Uttar Pradesh"
KVL,KIZHELUR,SR,"THIRUKKANNANGUDI Rd, Tamil Nadu"
SHU,SHOLINGHUR,IR,", India"
PPA,PIPRA,ECR,"National Highway 28, Bihar"
SBT,SABARMATI JN,IR,", India"
SBTA,SABARMATI A CABIN,IR,", India"
ANND,ANAND JN,IR,", India"
VXD,VADOD,IR,", India"
VDA,VASAD JN,IR,", India"
VS,VISHVAMITRI,IR,", India"
MPR,MAKARPURA,IR,", India"
BSCN,BHUSAWAL C CABIN,IR,", India"
PDL,PENDEKALLU,SCR,"Kurnool, Andhra Pradesh"
OLR,THRISSUR OLLUR HALT,IR,", India"
BDRL,BYADARAHALLI,SWR,"State Highway 17, Karnataka"
Y,YELIYUR,SWR,"Bangalore-Mysore Rd, Karnataka"
ACG,ACHEGAON,IR,", India"
CNBI,CHANDARI,IR,", India"
RPRL,RAPARLA HALT,IR,", India"
KPLL,KOTTA PANDILA PALLI,IR,", India"
VTM,VETAPALEMU,IR,", India"
IPPN,IPURUPALEM HALT,IR,", India"
PUU,PUNALUR,SR,"Punalur, Tamil Nadu"
HJI,HOJAI,NFR,"Hojai Rd. Ph:- 03674-252136., Assam"
RHI,RAKHI,NWR,"MDR 13, Rajasthan"
MHBG,MAHADEV BUZURG,NER,"Mahadeva Buzrug, Uttar Pradesh"
PGC,PANCHGACHIA,ECR,"Station Rd, Bihar"
GDPT,GUDAPARTI,IR,", India"
SLO,SAMALKOT JN,IR,", India"
PAP,PITHAPURAM,IR,", India"
PGP,PANDURANGA PURA,SCR,"Manuguru, Andhra Pradesh"
GLP,GOLLAPROLU,IR,", India"
MVRM,MALLAVARAM,IR,", India"
DGDG,DURGADA GATE,IR,", India"
RVD,RAVIKAMPADU,IR,", India"
ANV,ANNAVARAM,IR,", India"
PRTN,PRATAPNAGAR,WR,"Vadodara, Gujarat"
TMPM,TIMMAPURAM,IR,", India"
RGT,RAJGHAT HALT,IR,", India"
RRJ,RAMARAJU PALLI,SCR,"Rayalaseema Region, Andhra Pradesh"
KVTA,KARUVATTA HALT,SR,"Ashramam- Pulipra, Kerala"
SMYD,SMYD,IR,", India"
PLM,PANELI MOTI,WR,"Paneli Moti, Gujarat"
RTGH,RATANGARH JUNCTION,NWR,"Ratangarh, Rajasthan"
SBI,SABARMATI JN,IR,", India"
PMH,PARAO MAHNA,NR,"Mehna, Punjab"
GI,GUDUVANCHERI,IR,", India"
UPM,URAPPAKKAM,IR,", India"
VDR,VANDALUR,IR,", India"
PRGL,PERUNGULATTUR,IR,", India"
PLSN,PALSANA,NWR,"Palsana, Rajasthan"
RNW,RENWAL,NWR,"Kishangarh Renwal, Rajasthan"
CTT,CHITRASANI,NWR,"Chitrasani, Gujarat"
IQG,IQBAL GADH,NWR,"Banaskantha, Gujarat"
SZA,SAROTRA ROAD,NWR,"Sarotra, Gujarat"
NANA,NANA,NWR,"Nana, Rajasthan"
BBQ,BASIN BRIDGE JN,IR,", India"
TMVL,TIRUMULLAIVAYIL,IR,", India"
KBT,KADAMBATTUR,IR,", India"
TO,TIRUVALANGADU,IR,", India"
EL,ELAMANUR,SR,"NH 67, Tamil Nadu"
SUBL,HUBLI SOUTH,IR,", India"
RR,RICHHA ROAD,NER,"State Highway 37, Uttar Pradesh"
RGH,RAMGARHWA,ECR,"NH 28A, Bihar"
SES,SEMARI,NWR,"MDR 11, Rajasthan"
PUC,PUDUCHATIRAM,SR,"NH 45A, Tamil Nadu"
RHA,RANAGHAT JUNCTION,ER,"Ranaghat, West Bengal"
PVL,PASUPATIKOVIL,SR,"Ayyampet, Tamil Nadu"
RPZ,RANAPRATAPNAGAR,NWR,"Udaipur, Rajasthan"
RAGM,RAJAGAMBIRAM,SR,"Rajagambeeram, Tamil Nadu"
CVD,CHAVADIPALAIYAM,SR,"SH 84, Tamil Nadu"
RCRA,RAMCHAURA,NER,"National Highway 29, Uttar Pradesh"
RJAK,RAJNAGAR,NCR,"Rajnagar, Madhya Pradesh"
DPL,DANAULI PHLWRIA,ECR,"Danauli Phlwria, Bihar"
SFE,SANODIYA,NWR,"Hingonia, Rajasthan"
BH,BHARUCH JN,IR,", India"
BDWD,BODWAD,IR,", India"
KLHD,KOLHADI,IR,", India"
DMD,DHARMADAM,SR,"Kannur District, Kerala"
QLD,QUILANDI,SR,"Quilandi, Kerala"
SK,SAKHUN,NWR,"Ajmer, Rajasthan"
HNHL,HARNAHALLI,SWR,"Harnahalli, Karnataka"
AJJ,ARAKKONAM,IR,", India"
AVN,ANAVARDIKHANPET,IR,", India"
RMV,RAMAVARAPPADU,SCR,"Vijayawada, Andhra Pradesh"
GOY,GOVINDPURI,IR,", India"
JTJ,JOLARPETTAI,IR,", India"
CPNL,KANPUR C PANEL,IR,", India"
DEOR,DIYODAR,WR,"Banaskantha, Gujarat"
PFL,PIPRALA,WR,"National Highway 15, Gujarat"
GMC,KANPUR GOODS MARSHAL,IR,", India"
RMP,RAHIMATPUR,CR,"Satara, Maharashtra"
RRP,RAIRANGPUR,SER,"Mayurbhanj, Orissa"
RJY,RAJAMUNDRY,IR,", India"
PTPR,PRATABPUR,NER,"Pilibhit, Uttar Pradesh"
RSNR,RAI SINGH NAGAR,NWR,"Raisinghnagar, Rajasthan"
RNB,RANPURA,NCR,"Rajpura, Rajasthan"
RSA,RISAMA,SECR,"Durg Rajhara Rd, Chhattisgarh"
TI,TIRUNINRAVUR,IR,", India"
RLX,RAMANUJAMPALLI,SCR,"Ramanujampalli Station, Andhra Pradesh"
VEU,VEPPAMPATTU,IR,", India"
PLMG,PULIYAMANGALAM,IR,", India"
KSVM,KESAVARAM,IR,", India"
DWP,DWARAPUDI,IR,", India"
AWR,ALWAR,NWR,"Alwar, Rajasthan"
APT,ANAPARTI,IR,", India"
BVL,BIKKAVOLU,IR,", India"
PBD,PEDABRAMADVAM,IR,", India"
MPU,MEDAPADU,IR,", India"
CRPM,CHANDRAMPALEM,IR,", India"
HVM,HAMSAVARAM,IR,", India"
TUNI,TUNI,IR,", India"
GLU,GULLIPADU,IR,", India"
NRP,NARSIPATNAM RD,IR,", India"
REG,REGUPALEM,IR,", India"
BVM,BAYYAVARAM,IR,", India"
KSK,KASIMKOTA,IR,", India"
AKP,ANAKAPALLE,IR,", India"
THY,THADI,IR,", India"
DVD,DUVVADA,IR,", India"
ROL,RAJULI,SECR,"Rajoli, Maharashtra"
MRB,MUNIRABAD,SWR,"Munirabad, Karnataka"
RTK,RAMTEK,SECR,"Ramtek, Maharashtra"
RIM,RAJIM,SECR,"Nawapara Nagar, Chhattisgarh"
SJNP,SUJANPUR,NR,"Sujanpur, Punjab"
SGRA,SANGARIA,NWR,"Sangariya, Rajasthan"
TBM,TAMBARAM,IR,", India"
TBMS,TAMBARAM SANATORIUM,IR,", India"
CMP,CHROMEPET,IR,", India"
PV,PALLAVARAM,IR,", India"
JSR,JASRA,NCR,"Jasra, Uttar Pradesh"
SBHR,SUBRAHMANYA ROAD,SWR,"Nettana Railway Station, Karnataka"
SCL,SILCHAR,NFR,"03842-263094, Assam"
SHM,KOLKATA SHALIMAR,SER,"Howrah/Kolkata, West Bengal"
SCO,SATUNA,SCR,"Satona, Maharashtra"
SAPT,SUGAPAHARI,ER,"Madhupur, Jharkhand"
SAF,SALKHAPUR,NR,"Kathiravan Paramalpatti Rd, Uttar Pradesh"
NGP,NAGPUR,IR,", India"
SKS,SALEKASA,IR,", India"
SOD,SOJAT ROAD,NWR,"Pali, Rajasthan"
SMV,SUMAOLI,NCR,"State Highway 2, Madhya Pradesh"
SGRL,SINGRAULI,ECR,"Singrauli, Madhya Pradesh"
SKW,SHEIKHUPUR,NER,"State Highway 33, Uttar Pradesh"
SAK,SAK BAHADURPUR,WR,"Vadodara, Gujarat"
SAHI,SATHI,ECR,"Paroraha, Bihar"
SFA,SANHERA HALT,NR,"Sunehra/Khekra, Uttar Pradesh"
SFDE,SAFIDON,NR,"Safidon, Haryana"
SD,SIDHAULI,NER,"Sidhauli, Uttar Pradesh"
MDVE,MAHENDRA VADI,IR,", India"
AMG,ALAMNAGAR,IR,", India"
SDG,SAHADAI BUZURG,ECR,"Buzurg, Bihar"
SGDP,SAGADAPATA,ECoR,"Orissa, Orissa"
PNK,PANKI,IR,", India"
SLGR,SIMALUGURI JN,NFR,"way to SLGR, Assam"
SG,SHAHGARH,NER,"Pilibhit, Uttar Pradesh"
MNI,MANGAON,KR,"Lonere - Mangaon, Maharashtra"
KXJ,KARIMGANJ JUNCTION,NFR,"Karimganj Town, Assam"
HAA,HARWADA,KR,"Kochi - Panavel Rd, Karnataka"
ANKL,ANKOLA,KR,"Uttara Kannada, Karnataka"
SDC,SAIDABAD,NER,"Handia, Uttar Pradesh"
MS,CHENNAI EGMORE,IR,", India"
KRV,KARAVADI,IR,", India"
ANB,AMMANABROLU,IR,", India"
KAQ,KOLANUKONDA,IR,", India"
KCC,KRISHNA CANAL,IR,", India"
SPRM,SITAPURAM HALT,ECoR,"Paralakhemundi, Orissa"
SLPM,SHIVALINGAPURAM,ECoR,"Coastal Andhra Region, Andhra Pradesh"
BZA,VIJAYAWADA JN,IR,", India"
RYC,RAYAKKOTTAI,SWR,"Hosur- Dharmapuri Highway, Tamil Nadu"
GALA,GUNADALA,IR,", India"
SBW,SHEWBABUDIH,SER,"Sbewbabudi, Jharkhand"
MBD,MUSTABADA,IR,", India"
GWM,GANNAVARAM,IR,", India"
PAVP,PEDDA AVUTAPALE,IR,", India"
SDI,SAGARDIGHI,ER,"Murshidabad District, West Bengal"
SDNR,SEYDUNGANALLUR,SR,"Thoothukudi, Tamil Nadu"
RUT,RATNAL,WR,"SH 46, Gujarat"
ERS,ERNAKULAM JN,IR,", India"
DK,DAKOR,WR,", India"
MGLI,MANGLI,IR,", India"
SVH,SONADANGA,ER,"National Highway 34, West Bengal"
SMBX,SAMBA,NR,"Ram Nagar, Jammu and Kashmir"
SEX,SERONI ROAD,NCR,"State Highway 23, Madhya Pradesh"
SOS,SOMESAR,NWR,"Somesar, Rajasthan"
SUKU,SUKU,ECoR,"State Highway 48, Orissa"
PWU,PARANUR,IR,", India"
SKL,SINGAPERUMAL KOIL,IR,", India"
MMNK,MARAIMALAM NAGAR,IR,", India"
CTM,KATTANGULATTUR,IR,", India"
POTI,POTHERI HALT,IR,", India"
TLM,TRISULAM,IR,", India"
MN,MINAMBAKKAM,IR,", India"
PZA,PALAVANTHANGAL,IR,", India"
STM,ST THOMAS MOUNT,IR,", India"
GDY,GUINDY,IR,", India"
SP,SAIDAPET,IR,", India"
MBM,MAMBALAM,IR,", India"
MKK,KODAMBAKAM,IR,", India"
NBK,NUNGAMBAKKAM,IR,", India"
MSC,CHENNAI CHETPAT,IR,", India"
SQF,SUKRITIPUR,NFR,"K Rd, Assam"
SXR,SERNDANUR,SR,"National Highway 45C, Tamil Nadu"
PRAR,PAROR,NR,"National Highway 20, Himachal Pradesh"
HNH,HANUMANAHALLI,SWR,"Hiretogaleri, Karnataka"
SPGR,SAMPIGE ROAD,SWR,"Tumkur, Karnataka"
SPX,SAPATGRAM,NFR,"Dhubri, Assam"
SSZ,SADDA SINGHWALA,NR,"State Highway 12A, Punjab"
CWLE,CHOWRIGACHA,ER,"Chowrigacha Railway Station, West Bengal"
LRU,LALPUR UMRI,WCR,"SH 1, Rajasthan"
MXL,MOKHOLI,WCR,"MDR 111, Rajasthan"
TNGL,TORANAGALLU,SWR,"Toranagallu, Karnataka"
SVHE,SISVINHALLI,SWR,"Dharwad, Karnataka"
LKX,LAKSHMIPUR,ER,"Lakshmipur Railway Station, West Bengal"
MYGL,MIYAGAM KARJAN JUNCTION NG,IR,", India"
SWC,SHIVRAMPUR,NCR,"National Highway 76, Uttar Pradesh"
SPDM,SINGHPUR DUMRA,NCR,"Singhpurdumra, Madhya Pradesh"
DMLE,DUMURDAHA,ER,"Dumurdahadham, West Bengal"
SRZ,SARDARGARH,NWR,"Sri Ganganagar, Rajasthan"
DL,DALADI,WR,"Daladi, Gujarat"
BRGY,VADODARA D CABIN,IR,", India"
CSTM,MUMBAI CST,CR,"Mumbai, Maharashtra"
KNHN,KANTHAN JN,IR,", India"
MLD,MALIHABAD,IR,", India"
G,GONDIA JN,IR,", India"
SYF,SEMAI,NCR,"State Highway 2, Madhya Pradesh"
SRTE,SOOROTHEE,NCR,"Bari, Rajasthan"
DBEC,DEVBALODA CHARODA,IR,", India"
SRR,SHORANUR JN,IR,", India"
LATI,LATIA CABIN,IR,", India"
BPH,BELPAHAR,IR,", India"
DNGD,DUNGARDA,WR,"Gujarat, Gujarat"
PHVP,PHVP,IR,", India"
SSI,SHIRSAI,CR,"Daund-Baramati Rd Daund, Maharashtra"
BSBP,BIR SHIBPUR,IR,", India"
MRGM,MAURIGRAM,IR,", India"
SPV,SIVAPUR,SWR,"Bangalore Honavar Rd, Karnataka"
SRF,SAGAR JAMBAGARU,SWR,"Sagar, Karnataka"
SMPA,SHAMPURA,WCR,"Bhilwara, Rajasthan"
DXK,DHANA KHERLI,NCR,"Fatehpur Sikri, Uttar Pradesh"
RBS,RUPBAS,NCR,"Roopvas, Rajasthan"
FTS,FATEHPUR SIKRI,NCR,"Agra, Uttar Pradesh"
PTLI,PATHAULI,NCR,"Agra Fort, Uttar Pradesh"
TNR,TANGUTURU,IR,", India"
OGL,ONGOLE,IR,", India"
RMW,ROSHAN MAU,IR,", India"
MTO,MAITHA,IR,", India"
MAO,MADGAON,KR,"Madgaon. Ph:- 0832-2712790., Goa"
SXB,SAMBRE,SWR,"Belagavi, Karnataka"
SNE,SHENOLI,CR,"Shenoli Station, Maharashtra"
SW,SEHRAMAU,NER,"State Highway 21, Uttar Pradesh"
NKB,NAGRAKOTA,NFR,"Nagrakata, West Bengal"
GRU,GAROPARA,NFR,"National Highway 31C, West Bengal"
SMLG,SHIMILIAGUDA,ECoR,"Way to Araku, Andhra Pradesh"
THP,TAHERPUR,ER,"State Highway 11, West Bengal"
VJM,VYASARPADI JEEVA,IR,", India"
PER,PERAMBUR,IR,", India"
ADH,ANDHERI,WR,"Mumbai, Maharashtra"
SYE,SINDEWAHI,SECR,"Bhendala, Maharashtra"
SSKL,SUSKAL,?,"State Highway 11, Gujarat"
SUP,SRUNGAVARAPUKOTA,ECoR,"Srungavarapu kota, Andhra Pradesh"
CGL,CHENGALPATTU,IR,", India"
CNP,CNP,IR,", India"
GOT,GOT,NER,"MDR 65W, Uttar Pradesh"
TKHA,TAKHA,NCR,"Takha, Uttar Pradesh"
DMP,DHARAMPUR HIMACHAL,NR,"Dharampur, Himachal Pradesh"
TVL,TADWAL,SWR,"Mundhewadi, Maharashtra"
UDZ,UDAIPUR CITY,NWR,"Udaipur, Rajasthan"
UMRA,UMRA,NWR,"State Highway 32, Rajasthan"
TT,TITTE,SR,"Thanjavur, Tamil Nadu"
TGB,TANGARBASULI,SER,"Ranchi, Jharkhand"
KGMR,KANGRA MANDIR,NR,"Kangra, Himachal Pradesh"
TOM,TONDAMANPATTI,SR,"Tondaimanpatti, Tamil Nadu"
KTSH,KOTMI SONAN HLT,IR,", India"
TRB,TIRUVERUMBUR,SR,"Thiruverumbur, Tamil Nadu"
PPI,PIPARIYA,WCR,"Piparia, Madhya Pradesh"
MWA,MANDWA,CR,"East Nimar, Madhya Pradesh"
NPNR,NEPANAGAR,CR,"East Nimar, Madhya Pradesh"
UA,UPLETA,WR,"Dist. Rajkot, Gujarat"
SAV,SAVDA,CR,"Jalgaon, Maharashtra"
HSD,HOSDURGA ROAD,SWR,"Nilagiri Rd, Karnataka"
TKU,TANAKALLU,SCR,"Tanakallu, Andhra Pradesh"
SKM,SINGARAYAKONDA,IR,", India"
AAP,AMBIAPUR,IR,", India"
TPT,TIRUPATTUR JN,IR,", India"
VLD,VAYALPAD,SCR,"Vayalpadu, Andhra Pradesh"
CAM,CHHOTA AMBANA,IR,", India"
PKL,PAPINAYAKNAHALI,SWR,"Bellary, Karnataka"
LTI,LATTERI,IR,", India"
TPQ,TOPOKAL,ECoR,"Raikot, Chhattisgarh"
KVN,KAVANUR,IR,", India"
CLE,CHINTALPALLI,SCR,"Narsampet Rd, Andhra Pradesh"
GYM,GUDIYATTAM,IR,", India"
JJK,JHINJHAK,IR,", India"
VLT,VALATHOOR,IR,", India"
UHP,UDHAMPUR,NR,"Railway road, Jammu and Kashmir"
MPI,MELPATTI,IR,", India"
AB,AMBUR,IR,", India"
VGM,VINNAMANGALAM,IR,", India"
VN,VANIYAMBADI,IR,", India"
TAZ,TARGAON,CR,"Satara, Maharashtra"
TLR,TULSIPUR,NER,"Tulasipur, Uttar Pradesh"
SAN,SANDILA,IR,", India"
YY-DKJC,YY-DKJC,IR,", India"
TLE,TALGARIA,SER,"National Highway 32, Jharkhand"
RBD,RAHIMABAD,IR,", India"
KFD,KARANJADI,KR,"Raigad, Maharashtra"
MEH,MELALATHUR,IR,", India"
TII,TINGRAI,NFR,"National Highway 38, Assam"
UM,UMARDASHI,WR,"Chitrasani, Gujarat"
VJ,VIRINCHIPURAM,IR,", India"
GIMB,GANDHIDHAM BG,IR,", India"
MAS,CHENNAI CENTRAL,IR,", India"
PEW,PERAMBUR LOCOMOTIVE WORKS,IR,", India"
SPAM,SENJI PANAMBAKKAM,IR,", India"
THBN,THANA BHAWAN,NR,"Thana Bhawan, Uttar Pradesh"
TEP,TEMPA,SECR,"Tempa, Maharashtra"
MUQ,MARUDUR,SR,"Nagappattinam - Trichy - Karur- Coimbatore - Mettupalayam - Ooty - Gundlupet Road(Vandikara Street), Tamil Nadu"
VMD,VADLAMANNADU,SCR,"Krishna, Andhra Pradesh"
UNDI,UNDI,SCR,"West Godavari, Andhra Pradesh"
EKH,EKSARI HALT,ECR,"Eksari, Bihar"
TLS,BETTAHALSOOR,SWR,"Bengaluru, Karnataka"
TPY,TADAKALPUDI,SCR,"Kothagudem To Bhadrachalam Rd, Andhra Pradesh"
UDGR,UDGIR,SCR,"Dist. Latur, Maharashtra"
KZT,KULITTHURAI,SR,"Marthandam, Tamil Nadu"
PTM,PADALAM,IR,", India"
OV,OTIVAKKAM,IR,", India"
TRX,TIRUMANI,IR,", India"
UKH,UKHALI,SCR,"State Highway 169, Maharashtra"
VAA,BHAGA JUNCTION,SER,"Jamadoba, Jharkhand"
SAE,SIMARIA,IR,", India"
KZJT,KAZIPET TOWN,IR,", India"
KZJE,KAZIPET E CABIN,IR,", India"
VLR,VELLORE CANT,SR,"Vellore-632001, Tamil Nadu"
UGP,UGARPUR,NCR,"Ugarpur, Uttar Pradesh"
VAN,VADHVANA,WR,"Vadodara, Gujarat"
VDL,VITHISVARANKOL,SR,"Pullirukkuvelur, Tamil Nadu"
AO,AONLA,NR,"Dist. Bareilly, Uttar Pradesh"
DBR,DABHAURA,NCR,"Dabhaura, Uttar Pradesh"
NU,NARSINGHPUR,WCR,"Narsimhapur, Madhya Pradesh"
GAR,GADARWARA,WCR,"Narsinghpur, Madhya Pradesh"
JUH,JUJHARPUR,IR,", India"
KMNN,KHAMANON,IR,", India"
AMLO,AMLO,ECR,", India"
AMSA,AMMASANDRA,SWR,"Tumkur, Karnataka"
GRJA,GORINJA,WR,"Khambhalia-Dwarka (SH 6), Gujarat"
GTW,GATORA,IR,", India"
VEI,VELLIYANI,SR,"Dindigul - Guziliamparai - Karur Rd, Tamil Nadu"
DLQ,DALELNAGAR,IR,", India"
VID,VILAVADE,KR,"Ratnagiri, Maharashtra"
KT,KUMTA,KR,"Kumta, Karnataka"
PHD,PHAPHUND,IR,", India"
KNS,KANCHAUSI,IR,", India"
VTE,VENKATAGIRI KOTE HALT,SWR,"National Highway 7, Karnataka"
AGI,AMGURI,NFR,"Amguri, Assam"
APB,ANUPPAMBATTU,IR,", India"
PON,PONNERI,IR,", India"
KVP,KAVARAIPPETTAI,IR,", India"
GPD,GUMMIDIPUNDI,IR,", India"
ELR,ELAVUR,IR,", India"
AKM,ARAMBAKKAM,IR,", India"
TADA,TADA,IR,", India"
AP,ASHOKAPURAM,SWR,"Mysore, Karnataka"
AKAT,AKKAMPET,IR,", India"
SPE,SULLURUPETA,IR,", India"
PEL,POLIREDDIPALEM,IR,", India"
ALY,ALLAHABAD CITY,NER,"Allahabad(0532-1072), Uttar Pradesh"
DVR,DORAVARI CHATRAM,IR,", India"
VRB,VISHRAMBAG,CR,"Sangli, Maharashtra"
NYP,NAYADUPETA,IR,", India"
UWNR,UDWANT NAGAR HALT,ECR,"State Highway 12, Bihar"
PYA,PEDAPARIYA,IR,", India"
ODUR,ODUR,IR,", India"
GDR,GUDUR JN,IR,", India"
MBL,MANUBOLU,IR,", India"
KMLP,KOMMARAPUDI,IR,", India"
DIG,DUGGIRALA,IR,", India"
URR,UMRED,SECR,"Umred, Maharashtra"
TYM,TIRUMAYAM,SR,"Pudukkottai, Tamil Nadu"
UCR,UNCHAHAR JUNCTION,NR,"Unchahar, Uttar Pradesh"
GBHA,GAROBIGHA HALT,?,", India"
AMX,AMLAKHURD,SCR,"MSH 6, Madhya Pradesh"
TVNL,TIRVNLNLUR ROAD,IR,", India"
KDMD,KANDAMBAKKAM,IR,", India"
VM,VILLUPURAM JN,IR,", India"
MYP,MUNDILYAMPAKKAM,IR,", India"
VVN,VIKRAVANDI,IR,", India"
PEI,PERANI,IR,", India"
NMO,NEDI MOLLYANUR,IR,", India"
MTL,MAILAM,IR,", India"
TMV,TINDIVANAM,IR,", India"
PCLM,PANCHALAM,IR,", India"
OLA,OLAKUR,IR,", India"
KSGL,KARASANGAL,IR,", India"
TZD,TOZHUPPEDU,IR,", India"
ACK,ACHARAPAKKAM,IR,", India"
MLMR,MELMARUVATTUR,IR,", India"
VPH,VACHASPATI NAGAR,ECR,"National Highway 57, Bihar"
PQM,PAKKAM,IR,", India"
VTL,VADTAL SWAMINARAYAN,WR,"Vadtal, Gujarat"
MMK,MADURANTAKAM,IR,", India"
GMN,GOREGAON,WR,"Mumbai, Maharashtra"
WDA,WADRENGDISA,NFR,"Diakkawn Rd, Assam"
BAF,BAP,?,"Jodhpur, Rajasthan"
AHH,AHMADGARH,NR,"Ahmedgarh, Punjab"
AGE,ANGAI,NCR,"Angai, Rajasthan"
AHI,ASHTI,CR,"State Highway 161, Maharashtra"
ALP,ALAPAKAM,SR,"NH 45A, Tamil Nadu"
BANL,BHATANGLI,?,"MSH3, Maharashtra"
AMW,AMAN VADI,SCR,"Washim, Maharashtra"
AYM,ADIYAKKAMANGALAM,SR,"Thiruvarur, Tamil Nadu"
ASV,ASARVA JN,WR,"Ahmedabad, Gujarat"
AMT,AMMAPET,SR,"Ammapet, Tamil Nadu"
ATT,ATARI,NR,"Atari, Punjab"
JJA,JAJAN PATTI,WCR,"State Highway 33, Rajasthan"
ARS,ARASUR,SR,"NH 45A, Tamil Nadu"
KNDP,KHANDIP,WCR,"State Highway 1, Rajasthan"
YDM,YEDAMANGALA,SWR,"Panja Kadaba Rd, Karnataka"
NNW,NARAYANPUR TATWAR,WCR,"Sawai Madhopur, Rajasthan"
BA,BANDRA,WR,"Mumbai, Maharashtra"
AEJ,ARNEJ,WR,"Arnej, Gujarat"
NPKM,NANDIYAMPAKKAM,IR,", India"
DDCE,DUNDI,WCR,"Dundi, Madhya Pradesh"
GRO,GURRA,WCR,"Itarsi, Madhya Pradesh"
KVZ,KAVALI,IR,", India"
TTU,TETTU,IR,", India"
UPD,ULAVAPADU,IR,", India"
KTZ,KHUTWANSA,WCR,"Hoshangabad, Madhya Pradesh"
KKN,KHIRKIYA,WCR,"State Highway 15, Madhya Pradesh"
BALI,BHAILI,WR,"Vadodara, Gujarat"
ATQ,ARANTANGI,SR,"Aranthangi, Tamil Nadu"
AGAE,AGRADWIP,ER,"Agradwip, West Bengal"
DSNR,DASHNAGAR,IR,", India"
TPKR,TIKIAPARA,IR,", India"
PFMA,PFMA,IR,", India"
AMLP,AMALPUR,WR,"Vadodara, Gujarat"
AUS,ANUPSHAHR,NWR,"Anupshaher Rd, Rajasthan"
ARVI,ARVI,CR,"Dist. Wardha, Maharashtra"
ARX,ARELI,NER,"Areli, Uttar Pradesh"
ASM,ASARMA,WR,"SH 166, Gujarat"
ATB,ALATTAMBADI,SR,"Mazavarayanallu Rd, Tamil Nadu"
ATDA,ATLADARA,WR,"Gujarat, Gujarat"
ATX,ALINAGAR TOLA,ECR,"Purnea, Bihar"
ASLU,ASLU,NWR,"National Highway 65, Rajasthan"
AYI,AYINGUDI,SR,"Peravurani - Aranthangi Rd, Tamil Nadu"
GHSR,GHASARA HALT,IR,", India"
ULD,ACHALDA,IR,", India"
AEL,ATELI,NWR,"Dist. Mahendragarh, Haryana"
WTR,WATHAR,CR,"Satara, Maharashtra"
WLH,VALHA,CR,"Indraprastha Rd, Maharashtra"
BAAR,BANDAR P.H.,?,"Haldia, West Bengal"
AE,AMRELI,WR,"Amreli, Gujarat"
MST,MASIT,IR,", India"
BGH,BAGHAULI,IR,", India"
TPND,TALOJA PANCHAND,CR,"Navi Mumbai, Maharashtra"
ADVI,ADAVALI,KR,"Ratnagiri, Maharashtra"
AGL,AMARGOL,SWR,"Hubli, Karnataka"
AS,ARJANSAR,NWR,"Bikaner, Rajasthan"
BAKT,BARHARA KOTHI,ECR,"Purnia, Bihar"
CM,CAMPIERGANJ,NER,"National Highway 29, Uttar Pradesh"
DB,DABHOI JUNCTION,WR,"Dabhoi, Gujarat"
ULU,ULUNDURPET,IR,", India"
AGZ,AMAGURA,ECoR,"Markel, Chhattisgarh"
AGB,AMBAGAON,ECoR,"Ambagaon, Chhattisgarh"
MYKR,MATYAKHERI HALT,IR,", India"
BBLK,B L DASPURI,NCR,"B L Daspuri, Uttar Pradesh"
ARV,ARNI ROAD,SR,"Kalambur, Tamil Nadu"
BARI,BARI,NCR,"Bari, Rajasthan"
BAT,BATALA JUNCTION,NR,"Batala, Punjab"
BBV,BABHULGOAN,CR,"State Highway 161, Maharashtra"
ASI,ARSENI,NR,"MORADABAD, Uttar Pradesh"
APE,ANDANAPPETTAI,SR,"Pappakoil, Tamil Nadu"
BEHR,BEOHARI,WCR,"Beohari, Madhya Pradesh"
ARNH,ARJUNAHALLI,SWR,"Arjunahalli, Karnataka"
BFG,BAGTHAR,NCR,"Bandh, Uttar Pradesh"
BBAR,BARA,WCR,"Mahroi, Madhya Pradesh"
BDYP,BIDYADHARPUR,ER,"Bidyadharpur, West Bengal"
AKL,ANAKHOL,WR,"State HIghway 133, Gujarat"
ASAN,ASAN,NR,"Panipat, Haryana"
ATUL,ATUL,WR,"Valsad, Gujarat"
AONI,AMONI,NFR,"Amoni, Assam"
BASA,BANOSA,CR,"Daryapur, Maharashtra"
BATS,BHATSAR,WR,"Brahmanwada, Gujarat"
HRI,HARDOI,IR,", India"
BBE,BAGHI BARDIHA,ECR,"Baghi Bardiha, Bihar"
BFX,BAGHI GHAUSPUR,ECR,"Baghi Ghauspur, Bihar"
BCF,BANKAPASI,ER,"Bankapasi, West Bengal"
BDV,BADANAVALU,SWR,"Nanjungudu-Chamarajanagara Rd, Karnataka"
BCHR,BACHAR,WR,"Palej, Gujarat"
BCM,BURANPUDI,ECR,"Supaul, Bihar"
BDKE,BHADSIVNI,CR,"Bhadsivni, Maharashtra"
PGU,PADUGUPADU,IR,", India"
KJJ,KODAVALURU,IR,", India"
TMC,TALAMANCHI,IR,", India"
AXR,ALLURU ROAD,IR,", India"
BTTR,BITRAGUNTA,IR,", India"
SVPM,S VENKTESWRPALM,IR,", India"
KPO,KARANPURA,IR,", India"
BUDA,BHUDA,IR,", India"
MURD,MANDAWAR MAHUA RD,IR,", India"
ANDN,ANAND NAGAR,NER,"Pharenda, Uttar Pradesh"
GOS,GHOSRANA,IR,", India"
DTF,DANTLA,IR,", India"
BDRN,BHADRAN,WR,"Borsad, Gujarat"
KL,KHERLI,IR,", India"
ARK,ARAKKU,ECoR,"Araku, Andhra Pradesh"
TBL,TARCHERRA BRLRM,IR,", India"
BF,BAGETAR,NFR,"North Cachar Hills, Assam"
NBI,NADBAI,IR,", India"
PPEA,PAPRERA,IR,", India"
HK,HELAK,IR,", India"
BTE,BHARATPUR JN,IR,", India"
ATR,ATTAR,WR,"East Nimar, Madhya Pradesh"
NHB,NOH BACHHAMDI,IR,", India"
IK,IKRAN,IR,", India"
CIK,CHIKSANA,IR,", India"
ANY,ARUMUGANERI,SR,"Arumuganeri, Tamil Nadu"
BAKA,BANKA,?,"Banka, Bihar"
AH,ACHHNERA JN,IR,", India"
TDL,TUNDLA JN,IR,", India"
BAW,CHIK BANAVAR,SWR,"Bengaluru, Karnataka"
PVN,PAVUNUR,IR,", India"
BFN,BUGANA,NR,"National Highway 65, Haryana"
ANF,ANANDAPURAM,SWR,"Anandapuram, Karnataka"
BBN,BARBIL,SER,"Kiriburu, Odisha"
HNG,HIRANGAON,IR,", India"
FZD,FIROZABAD,IR,", India"
MNR,MAKKHANPUR,IR,", India"
SKB,SHIKOHABAD JN,IR,", India"
KAA,KAURARA,IR,", India"
BDN,BHADAN,IR,", India"
BBL,BALRAI,IR,", India"
JGR,JASWANTNAGAR,IR,", India"
SB,SARAI BHOPAT,IR,", India"
ETW,ETAWAH,IR,", India"
EKL,EKDIL,IR,", India"
BNT,BHARTHANA,IR,", India"
DBM,DABOLIM,SWR,"Mormugao, Goa"
AUWA,AUWA,NWR,"Somesar, Rajasthan"
JP,JAIPUR,IR,", India"
BEB,BELDANGA,ER,"Beldanga, West Bengal"
BHLI,BOHALI,CR,"State Highway 161, Maharashtra"
BASN,BHAINSWAN,NR,"Gohana, Haryana"
BHNA,BHAYNA,ER,"Mamjoan Rd, West Bengal"
BHME,BHANDARIDAH,ECR,", India"
BCU,BHUCHCHU,NR,"Bhucho Mandi, Punjab"
BHL,BHILWARA,NWR,"Bhilwara, Rajasthan"
KVA,KAVAS,NWR,"NH-112 Barmer-Jodhpur Hwy, Rajasthan"
BDW,BANDANWARA,NWR,"Bandanwara, Rajasthan"
BJV,BIJAURIA,NER,"Bareilly, Uttar Pradesh"
BHJ,BARHAJ BAZAR,NER,"Barhaj, Uttar Pradesh"
DRD,DAHANU ROAD,WR,"Dahanu, Maharashtra"
BJRA,BHAJERA,IR,", India"
BDXT,BASAI DHANKOT,NR,"Gurgaon, Haryana"
BCHN,BOCHASAN JUNCTION,WR,"Anand, Gujarat"
BHT,BHATTU,NWR,"Bhattu Kalan, Haryana"
SHR,SIHORA ROAD,WCR,"Jabalpur, Madhya Pradesh"
SGBJ,SURGAON BANJARI,WCR,"Khandwa, Madhya Pradesh"
BADR,BHADER,WR,"Amreli, Gujarat"
TLA,TITVALA,IR,", India"
BJUD,BAJUD,WR,"State Highway 31, Gujarat"
KON,KUDALNAGAR,IR,", India"
BDSW,BUDHSINGHWALA,NWR,"Hanumangarh, Rajasthan"
BER,BEAWAR,NWR,"Beawar, Rajasthan"
BGDA,BOGADA,?,"Bogada, Orissa"
AWG,AWA GARH,NCR,"Awagarh, Uttar Pradesh"
SBK,SHAHBAZ KULI,NER,"Shahbaz Quli, Uttar Pradesh"
ENR,ENNORE,IR,", India"
NLS,NELLORE SOUTH,IR,", India"
AVL,AMRITVEL,WR,"Amrutwel Rd, Gujarat"
NLR,NELLORE,IR,", India"
BGR,BHAGDARA,CR,"Bhagdara, Maharashtra"
BGA,BAGALIA,SER,"Purulia, West Bengal"
BERO,BERO,SER,"Purulia, West Bengal"
BHHT,BARHARA,?,"Barhara, Bihar"
DVBH,MAKUDAN VIRAPANDI BLOCK HUT,IR,", India"
AVT,AVATI,SWR,"Avati, Karnataka"
BHOJ,BHOJ PADRA,WR,"Vadodara Jambusar, Gujarat"
BIV,BAMHANI BANJUR,SECR,"Bamhani, Madhya Pradesh"
BGB,BUDGE BUDGE,ER,"Kolkata, West Bengal"
BHRD,BAGHARA ROAD,SER,", India"
DDBC,DDBC,IR,", India"
UMNR,UMESHNAGAR,ECR,"National Highway 31, Bihar"
BHWR,BHITIHARWA ASHRAM,ECR,"Pashchim Champaran, Bihar"
BDBP,BASUDEBPUR,ER,"Basudebpur, Bihar"
MOL,MULI ROAD,WR,"Surendranagar, Gujarat"
AZA,AZARA,NFR,"Guwahati, Assam"
BAHI,BALENAHALLI,SWR,"State Highway 48, Karnataka"
BDHP,BHUDPUR,NR,"State Highway 57, Uttar Pradesh"
SHW,SAMHON,IR,", India"
PATA,PATA,IR,", India"
PJY,PARA JANI HALT,IR,", India"
RURA,RURA,IR,", India"
BPU,BHAUPUR,IR,", India"
CNB,KANPUR CENTRAL,IR,", India"
CHK,CHAKERI,IR,", India"
SSL,SIRSAUL,IR,", India"
RAMA,RAMVA,IR,", India"
BKF,BHIKHNA THORI,ECR,"WestChamparan, Bihar"
BGJT,BAGHA JATIN,ER,"Kolkata, West Bengal"
BGPL,BAGHUAPAL,ECoR,"Orissa, Orissa"
BEHS,BIHAR SHARIF,ECR,"06112-222306, Bihar"
BHRB,BHAIRABI,?,"Kolasib, Mizoram"
BDWL,BIRADHWAL,NWR,"National Highway 15, Rajasthan"
BANE,BASNI,NWR,"Jodhpur, Rajasthan"
BHZ,BIHARA,NFR,"K Rd, Assam"
BHI,BAHERI,NER,"SH 37, Uttar Pradesh"
BHB,BADLA GHAT,ECR,"Bihar, Bihar"
BJNR,BIJAINAGAR,NWR,"Bijainagar, Rajasthan"
BGHI,BAGAHAI ROAD,WCR,"Baghai Road, Madhya Pradesh"
BDDR,BADODAR,WR,"National Highway 8D, Gujarat"
BIJ,BIRNAGAR,ER,"Birnagar, West Bengal"
BJO,BIJNOR,NR,"Bijnor, Uttar Pradesh"
BHLA,BEHULA,ER,"Behula, West Bengal"
BLQR,BILASPUR ROAD,NER,"Rampur, Uttar Pradesh"
BHLE,BARAHAT,ER,"State Highway 19, Bihar"
BGAE,BALAGARH,ER,"Balagarh, West Bengal"
BJRI,BIJURI,SECR,"Shahdol, Madhya Pradesh"
BHTA,BHATIYA,WR,"National Highway 8E, Gujarat"
BKRO,BOKARO THERMAL,ECR,", India"
CHCR,CHACHER,IR,", India"
DNL,DHANOLI,IR,", India"
LLP,LALITGRAM,ECR,"Lalitgram, Bihar"
NI,NAYDONGRI,IR,", India"
HJN,HOWRAH JN. CABIN,IR,", India"
PKE,PIMPAR KHED,IR,", India"
PJN,PANJHAN,IR,", India"
HSL,HISVAHAL,IR,", India"
PNV,PANEVADI,IR,", India"
MMR,MANMAD JN,IR,", India"
TGR3,BLOCK AND CATCH SIDING CABINE NO.3,IR,", India"
BDGP,BADANAGUPPE,SWR,"SH 57, Karnataka"
KYN,KALYAN JN,IR,", India"
PMR,PITAMBARPUR,IR,", India"
BIQ,BANSI PAHARPUR,NCR,"Rupbas, Rajasthan"
CTTP,CHITRAPUR HALT,KR,"Uttara Kannada, Karnataka"
BMDI,BRAHMANWADA,WR,"State Highway 7, Gujarat"
BFD,BORHAT,NFR,"Nahar Rd, Assam"
BGM,BELGAUM,SWR,"Belgaum, Karnataka"
BGU,BAIRGANIA,ECR,"Barahwa Pool Rd, Bihar"
BGRM,BIGGABAS RAMSARA,NWR,"National Highway 11, Rajasthan"
BEML,BEML NAGAR,SWR,"KGF, Karnataka"
BKT,BAKSHI KA TALAB,NER,"Bakshi Ka Talab, Uttar Pradesh"
BFPA,BHOPATPUR,NER,"Bhopatpur, Uttar Pradesh"
BJP,BIJAPUR,SWR,"Bijapur, Karnataka"
BILA,BHESLANA,NWR,"Jobner to Nawa Rd, Rajasthan"
VJA,VEJANDLA,SCR,"Guntur, Andhra Pradesh"
SJL,SANGAM JAGARLAMUDI,SCR,"High School Rd, Andhra Pradesh"
BDE,BODELI,WR,"Vadodara, Gujarat"
GCAB,GCAB,IR,", India"
BIA,BHILAI,IR,", India"
BPHB,BHILAI POWER HOUSE,IR,", India"
BQR,BHILAI NAGAR,IR,", India"
BADK,BARKA,NR,"State Highway 57, Uttar Pradesh"
BDKT,BADAKHANDITA,ECoR,"State Highway 12, Orissa"
BELA,BELA,ECR,"Gaya, Bihar"
VDE,VEDAYAPALEM,IR,", India"
TRL,TIRUVALLUR,IR,", India"
BIDR,BIDAR,SCR,"Bidar, Karnataka"
WCN,WIMCO NAGAR,IR,", India"
KAVM,KATHIVAKKAM,IR,", India"
VKT,VENKATACHALAM,IR,", India"
BHM,BAHRAM,NR,"Behram, Punjab"
BGPA,BAGESHAPURA,SWR,"Bageshapura, Karnataka"
BHRJ,BECHARJI,WR,"State Highway 7, Gujarat"
SDM,SURAREDDIPALEM,IR,", India"
PRH,POWERPET,IR,", India"
VGT,UNGUTURU,IR,", India"
BMGM,BRAHMANAGUDEM,IR,", India"
KYM,KADIYAN,IR,", India"
BBPM,BALABHADRAPURAM,IR,", India"
NASP,NARASINGAPALLI,IR,", India"
GPT,GOPALAPATNAM,IR,", India"
VKD,BAKHRABAD,IR,", India"
NYA,NARAYANGARH,IR,", India"
BPE,BENAPUR,IR,", India"
HIJ,HIJILLI,IR,", India"
BKL,BONA KALU,SCR,"Bonakalu, Andhra Pradesh"
BLO,BHULON,WCR,"Kota, Rajasthan"
BMHR,BAMANHERI,NR,"Muzaffarnagar, Uttar Pradesh"
BME,BARMER,NWR,"Barmer, Rajasthan"
BLC,BOLDA,SCR,"Parbhani, Maharashtra"
BKWA,BAKAYANWALA,NR,"Diwan Khera, Rajasthan"
BLDI,BHILDI,WR,"Bhildi, Gujarat"
BJ,BAHJOI,NR,"Bahjoi, Uttar Pradesh"
ADIJ,AHMEDABAD JN,IR,", India"
BMSR,BHIMASAR,WR,"Kutch, Gujarat"
BLWR,BILESHWAR,WR,"Rajkot, Gujarat"
BKDE,BUDHAKHERA,NR,"SH 14, Haryana"
HCAB,BMY H CABIN,IR,", India"
KOK,KORUKKUPET JN,IR,", India"
BHY,BHAYAVADAR,WR,"Sahid Kharachia, Gujarat"
BL,VALSAD,WR,"Valsad, Gujarat"
TNP,TONDIARPETTAI,IR,", India"
BNSP,BANSAPAHAR,WCR,"Uttar Pradesh, Uttar Pradesh"
ULB,ULUBARIA,IR,", India"
BLP,BALRAMPUR,NER,"Balrampur, Uttar Pradesh"
VOC,V.O.C. NAGAR,IR,", India"
CTRE,CHITTERI,IR,", India"
TUG,THALANGAI,IR,", India"
APH,ANUPGARH,NWR,"Sri Ganganagar, Rajasthan"
WJR,WALAJAH ROAD JN,IR,", India"
BJMR,BAIJNATH MANDIR,NR,"Baijnath, Himachal Pradesh"
MCN,MUKUNDARAYAPURM,IR,", India"
TVT,TIRUVOTTIYUR,IR,", India"
BOTR,BHAVDHARI,NWR,"Bhiwani, Haryana"
BOX,BHOJASAR,NWR,"State Highway 8, Rajasthan"
BMR,BIKRAMPUR,WCR,"Balaghat, Madhya Pradesh"
BPAH,BENIPUR HALT,ECR,"Darbhanga, Bihar"
BKH,BANKHEDI,WCR,"Bankheri, Madhya Pradesh"
AKRA,AKRA,ER,"Kolkata, West Bengal"
BPF,BANAPURA,WCR,"Seoni Malwa, Madhya Pradesh"
BLKR,BALLEKERE HALT,SWR,"National Highway 206, Karnataka"
SUCH,SUCHINDRAM,SR,"Suchindram, Tamil Nadu"
BJWS,BOJAWAS,NWR,"State Highway 24, Haryana"
BLGA,BELAGULA,SWR,"Belagula, Karnataka"
BLLI,BALLI,KR,"Bali, Goa"
BJMD,BARA JAMDA,SER,"Kiriburu, Jharkhand"
BMP,BRAMHAPURI,SECR,"Brahmapuri, Maharashtra"
BIC,BICHIA,NER,"Bichia, Uttar Pradesh"
BILK,BILKHA,WR,"Bilkha, Gujarat"
BMPR,BADAMPAHAR,SER,"National Highway 6, Orissa"
BMGR,BAMANGRAM,NFR,"Hemtabad, West Bengal"
BPN,BANPUR,ER,"Banpur-Majhdia Rd, West Bengal"
BMLL,BAMLA,NWR,"State Highway 16A, Haryana"
BMW,BAMHNI,SECR,"Nagpur, Maharashtra"
KOTR,KORATTUR,IR,", India"
PCW,PERAMBUR CARRIAGE WORKS,IR,", India"
VLK,VILLIVAKKAM,IR,", India"
BNHL,BELLENAHALLI,SWR,"Chitradurga, Karnataka"
PVM,PATTARAVKKAM,IR,", India"
ABU,AMBATTUR,IR,", India"
ANNR,ANNANUR,IR,", India"
KMSI,KUMSI,IR,", India"
AVD,AVADI,IR,", India"
HC,HINDU COLLEGE,IR,", India"
PAB,PATTABIRAM,IR,", India"
NEC,NEMILICHERRY HALT,IR,", India"
SVR,SEVVAPET ROAD,IR,", India"
PTLR,PUTLUR HALT,IR,", India"
EGT,EGATTUR HALT,IR,", India"
BJE,BHOJUDIH JUNCTION,SER,"Jairampur More to Baliapur, Jharkhand"
MAF,MANUR,IR,", India"
MSU,MOSUR,IR,", India"
MLPM,MELPAKKAM,IR,", India"
MRLM,MARUDALAM,IR,", India"
BPZ,BAZPUR,NER,"Bazpur, Uttarakhand"
BRY,BAREILLY,NER,"Bareilly, Uttar Pradesh"
BQZ,BALLALPUR,ER,"Farakka, West Bengal"
BNN,BARNALA,NR,"Barnala, Punjab"
BNJL,BINJHOL HALT,NR,"Panipat, Haryana"
KAV,KALAMNA,IR,", India"
BNH,BHIMNATH,WR,"Bhimnath, Gujarat"
BNVD,BHANVAD,WR,"Bhanvad, Gujarat"
BRGM,BARAIGRAM JUNCTION,NFR,"National Highway 44, Assam"
BSPR,BISHRAMPUR,SECR,"District Sarguja, Chhattisgarh"
BRH,BAIKUNTHPUR RD,SECR,"NH 78, Chhattisgarh"
SAL,SALWA,IR,", India"
BTKL,BHATKAL,KR,"Bhatkal, Karnataka"
TAR,THARSA,IR,", India"
TMR,TUMSAR ROAD,IR,", India"
GJ,GANGAJHARI,IR,", India"
BNSR,BHAGWANSAR,NWR,"Bhagwan Sar, Rajasthan"
PJB,PANIAJOB,IR,", India"
THL,TIRUVALAM,IR,", India"
BQH,BHANOHAD PUNJAB,NR,"Bhanohad, Punjab"
SVUR,SEVUR,IR,", India"
KPD,KATPADI JN,IR,", India"
BPRA,BARIPURA,NCR,"National Highway 86, Uttar Pradesh"
PCKM,PACHACHAKUPAM,IR,", India"
BRPM,BARIPUR MANDALA,WR,"Mandala, Gujarat"
BRTL,BHARTHALI,WR,"National Highway 8, Gujarat"
DGG,DONGARGARH,IR,", India"
BPO,BARIPADA,SER,"Baripada, Orissa"
BO,BORSAD,WR,"Borsad, Gujarat"
JTR,JATKANHAR,IR,", India"
BS,BANISAR,NWR,"Benisar, Rajasthan"
ATH,ANTAH,WCR,"Antah, Rajasthan"
BON,BHONRA,WCR,"Kota, Rajasthan"
BOV,BHATGAON,SECR,"Bhatgaon, Chhattisgarh"
MUA,MUSRA,IR,", India"
BNCE,BANGALORE EAST,SWR,"Bengaluru, Karnataka"
KNDV,KNDV,IR,", India"
BRP,BARUIPUR JUNCTION,ER,"Baruipur, West Bengal"
AAH,ITEHAR,NCR,"State Highway 19, Madhya Pradesh"
RYT,RAYAT PURA,NCR,"National Highway 92, Madhya Pradesh"
BBY,BHADROLI,NCR,"Gwalior, Madhya Pradesh"
BAKL,BAKAL,IR,", India"
BTKB,BATHNA KRITTIBAS HALT,ER,"Bathna Krittibas, West Bengal"
GD,GONDA JN,IR,", India"
AKZ,AKASHI,SER,"Ranchi, Jharkhand"
BR,BANDH BARETA,NCR,"Dumariya, Rajasthan"
DAN,DHANETA,IR,", India"
CKYD,CHAKRA ROAD,NER,"Chakara Road Halt, Uttar Pradesh"
MUP,MURHIPAR,IR,", India"
BOKE,BHOKE,KR,"Maharashtra, Maharashtra"
RSM,RASMARA,IR,", India"
PHQ,PARDHANDE,IR,", India"
PC,PACHORA JN,IR,", India"
BSKH,BASUKINATH,ER,"Basukinath, Jharkhand"
BSKN,BHESANA MANKNAJ,WR,"State Highway 41, Gujarat"
GAA,GALAN,IR,", India"
NGD,NAGARDEVLA,IR,", India"
AV,ASVALI,IR,", India"
PI,PADLI,IR,", India"
GO,GHOTI,IR,", India"
IGP,IGATPURI,IR,", India"
SHAD,SHAHAD,IR,", India"
ASE,ASAUDAH,NR,"Delhi-Rohtak Corridor, Haryana"
ABO,ASTHAL BOHAR,NR,"Rohtak, Haryana"
KZH,KILA ZAFARGARH,NR,"NH 71, Haryana"
BNQL,BHANKALA HALT,NR,"State Highway 57, Uttar Pradesh"
BQA,BANKURA,SER,"Bankura, West Bengal"
BRLI,BARAULI,NCR,"National Highway 11B, Uttar Pradesh"
BPRH,BALPUR HALT,SECR,"Umreli, Chhattisgarh"
BNKI,BANMANKHI JUNCTION,ECR,"Purnia, Bihar"
AIP,ATTIPPATTU,IR,", India"
MJR,MINJUR,IR,", India"
BRJ,BRACE BRIDGE,ER,"Kolkata, West Bengal"
BZGT,BAZURGHAT,NFR,"Bazurghat, Assam"
ALGP,ALGAPUR,?,"Hailakandi, Assam"
TAN,TARANA ROAD,IR,", India"
DWO,DOIWALA,NR,"Dehradun, Uttarakhand"
BRSQ,BRAR SQUARE,NR,"Delhi Cantonment, Delhi NCT"
KAT,KHATAULI,NR,"Khatauli, Uttar Pradesh"
BUB,BISSAU,NWR,"Bissau, Rajasthan"
PQY,PABLI KHAS,NR,"Meerut, Uttar Pradesh"
GUH,GULDHAR,NR,"Ghaziabad, Uttar Pradesh"
BRRD,BORDI ROAD,WR,"Bordi, Gujarat"
BRU,BHAIROGANJ,ECR,"Bhairoganj, Bihar"
BTH,BETTIAH,ECR,"Bettiah, Bihar"
MKU,MALKAPUR,IR,", India"
BSDL,BHARSENDI,WCR,"Sidhi, Madhya Pradesh"
BSC,BULANDSHAHR,NR,"Bulandshahr, Uttar Pradesh"
BTPG,BETHERIA GHOLA,ER,"Betheria Ghola, West Bengal"
BTPD,BETHAMPURDI,SCR,"Kothagudem To Bhadrachalam Rd, Andhra Pradesh"
BTG,BASHARATGANJ,NR,"Bareilly, Uttar Pradesh"
BTIC,BHATINDA CANTT,NR,"State Highway 17, Punjab"
ALL,ALAL,NR,"Mullowal, Punjab"
WADO,WADODA,IR,", India"
KJL,KHUMGAON BURTI,IR,", India"
NN,NANDURA,IR,", India"
BTD,BOTAD JN,WR,"Botad, Gujarat"
BU,BASWA,NWR,"Alwar, Haryana"
AK,AKOLA JN,IR,", India"
DKS,DAREKASA,IR,", India"
BUGL,BUGLANWALI,NWR,"Hanumangarh, Rajasthan"
BSX,BASAR,SCR,"Basara, Andhra Pradesh"
BWZ,BADDOWAL,NR,"Baddowa, Punjab"
BSQ,BARSI TAKLI,SCR,"Dist. Akola, Maharashtra"
PARH,PARAKHEDA,WCR,"Shivpuri, Madhya Pradesh"
BLNR,BIRLANAGAR,IR,", India"
BUQ,BARGI,SECR,"Bargi Nagar - Ghansore Rd, Madhya Pradesh"
SIKD,SIKRODA KWANRI,IR,", India"
BSJ,BHUPALSAGAR,NWR,"Rajsamand, Rajasthan"
BRPK,BISHARPARA KODALIYA,ER,"Kolkata, West Bengal"
TY,TULUKAPATI,SR,"National Highway 7, Tamil Nadu"
BYSA,BASULYASUTAHATA,SER,"Haldia, West Bengal"
BRG,BARGARH,NCR,"Kaushambi, Uttar Pradesh"
KSRA,KASARA,IR,", India"
OMB,OOMBERMALI,IR,", India"
MH,MARAHRA,CR,", India"
KE,KHARDI,IR,", India"
THS,THANSIT,IR,", India"
BSGR,BHAGSAR,NR,"Ramgarh Chungha, Punjab"
ATG,ATGAON,IR,", India"
ASO,ASANGAON,IR,", India"
VSD,VASIND,IR,", India"
KDV,KHADAVLI,IR,", India"
ABY,AMBIVLI,IR,", India"
DIVA,DIVA,IR,", India"
SNRD,MUMBAI SANDHURST ROAD,CR,"Mumbai, Maharashtra"
BXB,BANGA,NR,"Nawan Shahar, Punjab"
TNA,THANE,IR,", India"
BVW,BAHMINIWALA,NR,"State Highway 20, Punjab"
MLND,MULUND,IR,", India"
KUF,KAURHA,IR,", India"
KAR,KARNA,IR,", India"
NHU,NAHUR,IR,", India"
BTQ,BETNOTI,SER,"Betnoti, Orissa"
BSN,BANASANDRA,SWR,"SH19, Karnataka"
MOI,MORI BERA,NWR,"Nana, Rajasthan"
BRLY,BIROLIYA,NWR,"Biroliya Rd, Rajasthan"
RT,ROHAT,NWR,"SH 64, Rajasthan"
BSRX,BAGEVADI RD,SWR,"Bagevadi, Karnataka"
AIPP,ATTIPPATTU PUDU NAGAR,IR,", India"
BZG,BILGA,NR,"Bilga, Punjab"
LMC,LAKHAMANCHI,WR,"State Highway 113, Gujarat"
BDME,BAIDYANATHDHAM DEOGHAR,ER,"Deoghar, Jharkhand"
BTW,BARSI TOWN,CR,"Barshi, Maharashtra"
BWW,BARWAHA,WR,"Barwah, Madhya Pradesh"
JWLS,JAWAN WALA SHEHAR,NR,"Jawan Wala Shehar, Himachal Pradesh"
KIM,KIM,IR,", India"
CDLD,CHANDLODIYA,WR,"Ahmadabad, Gujarat"
CDMA,CHANDESHWARSTHAN,ECR,"Chandeshwarsthan, Bihar"
SER,SAMAYANALLUR,IR,", India"
CDD,CHANDOD,WR,"State Highway 160, Gujarat"
DPH,DADHAPARA,IR,", India"
JRMG,JAIRAMNAGAR,IR,", India"
UGN,UGAON,IR,", India"
BXT,BAMANHAT,NFR,"Kurigram Nageshwari Rd, West Bengal"
BXK,BANDARKHAL,NFR,"Diakkawn Rd, Assam"
BWX,BAHMAN DIWANA,NR,"Behman Diwana, Punjab"
BYHA,BARYA RAM,NR,"THAKUR Rd, Uttar Pradesh"
CRK,CHARKHERA,WCR,"Harda, Madhya Pradesh"
BUTA,BHADUTALA,SER,"Lalgarh-Medinipur Road, West Bengal"
CDGR,CHANDRAKONA RD,SER,"Chandrakona Rd, West Bengal"
BZO,BARSOLA,NR,"District Jind, Haryana"
DG,DINDIGUL JN,IR,", India"
VO,VELLODU,IR,", India"
ABI,AMBATURAI,IR,", India"
KQN,KODAIKANAL ROAD,IR,", India"
VDP,VADIPPATTI,IR,", India"
CDQ,CHADOTAR,WR,"National Highway 14, Gujarat"
BWL,BAWAL,NWR,"Bawal, Haryana"
BVRT,BHIMAVARAM TOWN,SCR,"Bhimavaram, Andhra Pradesh"
BQN,BAGRI NAGAR,NWR,"Marwar, Rajasthan"
KYR,KARUPPATTI,IR,", India"
SDN,SHOLAVANDAN,IR,", India"
CIO,CHIKHLI ROAD,WR,"SH 179, Gujarat"
BUG,BAGAHA,ECR,"Bagaha, Bihar"
CAI,CHANPATIA,ECR,"Sikta-Mainatad Rd, Bihar"
CAA,CHAKIA,ECR,"Chakia, Bihar"
CKNA,CHIKNA,ECR,", India"
BXM,BELRAYAN,NER,"Tikapur, Uttar Pradesh"
BVQ,BHILAVDI,CR,"Sangli, Maharashtra"
ANR,ANARA,SER,"Purulia, West Bengal"
BWPL,BALWANT PURA CHELASI,NWR,"Jhunjhunu, Rajasthan"
CATD,CHATAUD,SECR,", India"
CID,CHIRAIDONGRI,SECR,"Chiraidongri, Madhya Pradesh"
KGFR,KATHGHAR RIGHT BANK,IR,", India"
KGFE,KATHGHAR EAST,IR,", India"
BHGJ,BIHARIGANJ,ECR,"Kishanganj, Bihar"
HTGR,HATHIGADH,WR,"SH 115, Gujarat"
CHBN,CHANDKHIRA BAGN,NFR,"National Highway 44, Assam"
YY-MMRX,YY-MMRX,IR,", India"
MKY,MEKKUDI,SR,"Nagappattinam - Trichy - Karur- Coimbatore - Mettupalayam - Ooty - Gundlupet Road(Vandikara Street), Tamil Nadu"
MIL,MILAK,IR,", India"
NRS,NAGARIA SADAT,IR,", India"
BXC,BARWALA,NR,"Barwala, Haryana"
BLM,BALAMU JN,IR,", India"
UTA,UMAR TALI,IR,", India"
CBG,CHARBHUJA ROAD,NWR,"Amet, Rajasthan"
HNA,HONNAVAR,KR,"Honavar, Karnataka"
SEN,SENAPURA,KR,"Udupi, Karnataka"
CGX,CHARGOLA,NFR,"National Highway 44, Assam"
TMP,TAMARAIPADI,IR,", India"
VDM,VADAMADURA,IR,", India"
AYR,AYYALUR,IR,", India"
KFC,KALPATTICHATRAM,IR,", India"
VPJ,VALYAMPATTI,IR,", India"
CII,CHETTIYAPATTI,IR,", India"
BYR,BHAYANDAR,WR,"Thane, Maharashtra"
BHU,BHANDU MOTIDAU,WR,"Mahesana, Gujarat"
CG,CANNING,ER,"Canning, West Bengal"
CGLA,CHANGOTOLA,?,", India"
CHKB,CHAKKI BANK,NR,"Pathankot, Punjab"
JAR,JUNAIR HALT,IR,", India"
CH,CHANDAUSI JN,NR,"Chandausi, Uttar Pradesh"
BSLX,BSLX,IR,", India"
DGI,DUNGRI,WR,"NH 8, Gujarat"
BIS,BISWA BRIDGE,IR,", India"
YAD,YEULKHED,IR,", India"
KKT,KATH KUIYAN,IR,", India"
BGN,BORGAON,IR,", India"
DDY,DUDWINDI,NR,"Kapurthala, Punjab"
KTP,KATEPURNA,IR,", India"
SUM,SUMMIT,IR,", India"
LS,LASALGAON,IR,", India"
DDN,DEHRADUN,NR,"Dehradun, Uttarakhand"
MZR,MURTAJAPUR,IR,", India"
CDSL,CHANDRESAL,WCR,"Kota, Rajasthan"
CDG,CHANDIGARH,NR,"Darua, Chandigarh"
MANA,MANA,IR,", India"
MNDA,MANDURA,IR,", India"
CPJ,KAPTANGANJ JN,NER,"Captainganj, Uttar Pradesh"
AWS,ASWANI HALT,ECR,"Bagaha, Bihar"
KUM,KURAM,IR,", India"
TKI,TAKLI,IR,", India"
KKJ,KAKORI,IR,", India"
LNWT,LUCKNOW WEST (ALH),IR,", India"
DES,DESARI,ECR,"Vaishali, Bihar"
NR,NIPHAD,IR,", India"
BD,BADNERA JN,IR,", India"
BKJ,BARKUR,KR,"Udupi, Karnataka"
BFR,BEKAL FORT,SR,"Pallikere, Kerala"
DMK,DILMILI,ECoR,"National Highway 16, Chhattisgarh"
DGHR,DEOGHAR,ER,"Deoghar, Jharkhand"
ALUR,ALUR HALT,SWR,"Hassan - Alur Rd, Karnataka"
TMT,TIMTALA,IR,", India"
MLR,MALKHED,IR,", India"
CND,CHANDUR,IR,", India"
DIP,DIPORE,IR,", India"
DMN,DHAMANGAON,IR,", India"
TLN,TALNI,IR,", India"
PLO,PULGAON JN,IR,", India"
KAOT,KAOTHA,IR,", India"
DAE,DAHEGAON,IR,", India"
WR,WARDHA JN,IR,", India"
SEGM,SEVAGRAM,IR,", India"
VADR,WARUD,IR,", India"
TGP,TULJAPUR,IR,", India"
BOK,BORKHEDI,IR,", India"
BTBR,BUTI BORI,IR,", India"
CBX,CHAND BHAN,NR,"Jaitu, Punjab"
GMG,GUMGAON,IR,", India"
DEV,DEVARAYI,SWR,"State Highway 34, Karnataka"
KRI,KHAPTI,IR,", India"
AJNI,AJNI,IR,", India"
KP,KAMPTEE,IR,", India"
CGA,CHENGEL,IR,", India"
DGBZ,DONGRI BUZURG,SECR,"State Highway 251, Maharashtra"
BVA,BAURIA JN,IR,", India"
NALR,NALPUR,IR,", India"
DEEG,DEEG,NCR,"Bharatpur, Rajasthan"
ABB,ABADA,IR,", India"
SEL,SANKRALL,IR,", India"
ADL,ANDUL,IR,", India"
SRC,SANTRAGACHI JN,IR,", India"
RMJ,RAMRAJATALA,IR,", India"
DGNR,DURGANAGAR,ER,"Kolkata, West Bengal"
MPA,MANAPARAI,IR,", India"
BHGN,BHILGAON,NFR,"National Highway 39, Assam"
SMDM,SAMUDRAM,IR,", India"
KLS,KOLATUR,IR,", India"
CHB,CHABUA,NFR,"Chabua, Assam"
DEO,DEOKALI,NER,"State Highway 90, Uttar Pradesh"
CHNR,CHHAN ARORIAN,NR,"Chhan Arorian, Jammu and Kashmir"
BDHY,BUDHI,NR,"Kathua, Jammu and Kashmir"
CKKN,CHAK KALAN,NR,"National Highway 1A, Punjab"
BNGL,BHANGALA,NR,"National Highway 1A, Punjab"
CDH,CHAKDAHA,ER,"Chakdaha, West Bengal"
CGH,CHOLANG,NR,"Adda Cholang, Punjab"
DIC,DAHISAR,WR,"Mumbai, Maharashtra"
CHN,CHHINA,NR,"Ghuman Kalan Rd, Punjab"
MLYA,MALIYA,ER,"Maliya, West Bengal"
DMU,DHAMUA,ER,"Sherpur Dhamua Rd, West Bengal"
DON,DERAWAN HALT,SER,"Derawan, Jharkhand"
BSP,BILASPUR JN,IR,", India"
DMJ,DHARMAJ,WR,"State Highway 6, Gujarat"
DLB,DAULATABAD,SCR,"Maharashtra., Maharashtra"
DHT,DHAMARA GHAT,ECR,"Bihar, Bihar"
DLGN,DHALGAON,CR,"Jath Rd, Maharashtra"
DKY,DHOKI,CR,"Dhoki Town, Maharashtra"
DLSR,DALHOGI ROAD,?,", India"
DRBR,DEORAHA BABA ROAD,NER,", India"
DLR,DULLAHAPUR,NER,"SH 67, Uttar Pradesh"
DCAB,DCAB,IR,", India"
DKE,DIHAKHO,NFR,"Diakkawn Rd, Assam"
CABN,BHILAI CABIN,IR,", India"
DNEA,DANEA,ECR,", India"
DPLN,DIPLANA,NWR,"State Highway 36, Rajasthan"
KMI,KUMHARI,IR,", India"
DOW,DAVOL,WR,", India"
DHR,DHARNAODA,WCR,"Dharnawada, Rajasthan"
SZB,SARONA CABIN,IR,", India"
DHPR,DAPPAR,NR,"National Highway 22, Punjab"
R,RAIPUR JN,IR,", India"
WRC,W R S COLONY PH,IR,", India"
URK,URKURA,IR,", India"
DUMR,DUMRA,ECR,"NH 77, Bihar"
DISA,DISA,WR,"Disa, Gujarat"
CKV,CHERUKUVADA,SCR,"Cherukawada, Andhra Pradesh"
LKO,LUCKNOW,IR,", India"
DLI,OLD DELHI,NR,"Shyama Prasad Mukherji Marg, Delhi NCT"
DOLK,DHOLIKUA,WR,"Gujarat, Gujarat"
MDH,MANDHAR,IR,", India"
SLH,SILIARI,IR,", India"
BKTH,BAIKUNTH,IR,", India"
CHV,CHARVATTUR,SR,"Kasaragod district, Kerala"
CDRA,CHANDERA,SR,"Kasaragod, Kerala"
BYL,BELHA,IR,", India"
PUG,PUNGGUDI,IR,", India"
TPJ,TIRUCHIRAPPALLI,IR,", India"
CHBT,CHAKARBHATHA,IR,", India"
DTRD,DIYATARA ROAD,?,"Diyatra, Rajasthan"
IB,IB,IR,", India"
DSNB,DARSANA BORDER,?,"Chuadanga, Bangladesh"
KGP,KHARAGPUR JN,IR,", India"
FLR,PHULESWAR,IR,", India"
DHH,DINHATA,NFR,"Dinhata, West Bengal"
DKDP,DAKSHIN DURGAPUR,ER,"Dakshin Durgapur, West Bengal"
DJRZ,TO DARJEELING,NFR,"Darjeeling, West Bengal"
DJG,DULIAJAN,NFR,"Duliajan, Assam"
DKM,DIKOM,NFR,"A T Rd, Assam"
DHNA,DHACHNA,NFR,"National Highway 34, Bihar"
JTIN,JETHIAN,IR,", India"
DURP,DURGAPURI,NCR,"Khojeepura, Madhya Pradesh"
DMR,DHARMANAGAR,NFR,"Dharmanagar, Tripura"
DPDP,DHAPDHAPI,ER,"Dhapdhapi, West Bengal"
ENB,ELLENABAD,NWR,"State Highway 23, Rajasthan"
DLCR,DULLABCHERRA,NFR,"Anipur Nivia Rd, Assam"
DVH,DEVI HALT,SECR,"Devi, Madhya Pradesh"
DGX,DAGAON,NFR,"Mathaouri Rd, Assam"
DKWA,DOKWA,NWR,"National Highway 65, Rajasthan"
DUH,DUDDA,SWR,"Dudda, Karnataka"
DHI,DHULE,CR,"Dhule, Maharashtra"
DHU,DHUBULIA,ER,"Nadia, West Bengal"
DOGL,DONIGAL,SWR,"Mangalore - Bangalore Hwy, Karnataka"
DSM,DARASURAM,SR,"Kumbakonam, Tamil Nadu"
DWX,DEWAS,WR,"Dewas, Madhya Pradesh"
DOR,DUNDARA,NWR,"Dhundhara, Rajasthan"
DMH,DAURAM MADHEPURA,ECR,"Madhepura, Bihar"
DPK,DHOLIPAL,NWR,"Dholipal, Rajasthan"
AHO,ADARSHNAGAR,NWR,"Ajmer, Rajasthan"
DNN,DINA NAGAR,NR,"Dinanagar, Punjab"
DPC,DARLIPUT,ECoR,"Darliput, Orissa"
DWK,DWARKA,WR,"Dwarka, Gujarat"
RJN,RAJ NANDGAON,IR,", India"
DWM,DARWHA MOTI BAGH JUNCTION,CR,"Darwha, Maharashtra"
DOZ,DAURAI,NWR,"Madar, Rajasthan"
PMS,PARMALKASA,IR,", India"
DOC,DAUN KALAN,NR,"National Highway 64, Punjab"
MXA,MARAUDA,SECR,"Bhilai, Chhattisgarh"
ER08,KALINAGAR,ER,"State Highway 6, West Bengal"
BQF,BARAHMUAFI,WCR,"Uttar Pradesh, Uttar Pradesh"
DOE,DEORI,WCR,"Jabalpur, Madhya Pradesh"
DRHI,DAGARHKERI,WCR,"State Highway 15, Madhya Pradesh"
DGN,DONGARGAON,CR,"Borgaon, Madhya Pradesh"
KBSN,KASBE-SUKENE,IR,", India"
KW,KHERVADI,IR,", India"
ODHA,ODHA,IR,", India"
NK,NASIK ROAD,IR,", India"
LT,LAHAVIT,IR,", India"
KJMG,KANJUR MARG,IR,", India"
GC,GHATKOPAR,IR,", India"
LTT,LOKMANYA TILAK TERM,IR,", India"
DRB,DEBARI,NWR,"Debari, Rajasthan"
FAP,FAKHARPUR HALT,NR,"Fakharpur, Uttar Pradesh"
DSA,DELHI SHAHDARA,NR,"Circular Rd, Delhi NCT"
GZT,GHAZIPUR GHAT,NER,"Ghazipur, Uttar Pradesh"
PGN,PERUGAMANI,SR,"Nagappattinam - Trichy - Karur- Coimbatore - Mettupalayam - Ooty - Gundlupet Road(Vandikara Street), Tamil Nadu"
DMV,DIMAPUR,NFR,"Dimapur, Nagaland"
DWF,DUDH SAGAR WATER FALLS,SWR,"National Highway 4A, Karnataka"
FSG,PHURSUNGI,CR,"Phursungi, Maharashtra"
FLU,PHULIA,ER,"Fulia, West Bengal"
DPS,DANGOAPOSI,SER,"Nurda, Jharkhand"
DZKT,DURGA CHAK TOWN,SER,"Haldia, West Bengal"
EPR,MUMBAI ELPHINSTONE ROAD,WR,"Mumbai, Maharashtra"
ELL,ERALIGU,NFR,"Eraligu, Assam"
DLN,DILDARNAGAR JN,IR,", India"
DNWH,DANIYAWAN BAZAR HALT,?,"Daniawan, Bihar"
AHM,AHIMANPUR,NER,"St Ravidas Nagar, Uttar Pradesh"
FA,FALNA,NWR,"Falna, Rajasthan"
DODH,DODH,NR,"State Highway 20, Punjab"
DRGJ,DARAGANJ,NER,"Allahabad, Uttar Pradesh"
DQN,DHANERA,NWR,"Dhanera, Gujarat"
DUMK,DUMKA,ER,"Dumka, Jharkhand"
SRGM,SRIRANGAM,IR,", India"
GOC,PONMALAI GOLDEN ROCK,IR,", India"
DZK,DURGACHAK,SER,"Haldia, West Bengal"
TPTN,TIRUCHIRAPALI TOWN,IR,", India"
UKV,UTTAMARKOVIL,IR,", India"
BXS,PICHCHANDARKOVL,IR,", India"
VLDE,VALADI,IR,", India"
MAND,MANDURAI,IR,", India"
LLI,LALGUDI,IR,", India"
KTTR,KATTUR,IR,", India"
PMB,PULLAMBADI,IR,", India"
KKPM,KALLAKKUDI PLGH,IR,", India"
KLGM,KALLAGAM,IR,", India"
SLTH,SILLAKKUDI,IR,", India"
ALU,ARIYALUR,IR,", India"
OTK,OTTAKOVIL,IR,", India"
VER,VELLUR HALT,IR,", India"
SNDI,SENDURAI,IR,", India"
MTUR,MATHUR,IR,", India"
ICG,ICHCHANGADU,IR,", India"
PNDM,PENNADAM,IR,", India"
TLNR,TALANALLUR,IR,", India"
VRT,VRIDDHACHALM TN,IR,", India"
DPD,DOSAPADU,SCR,"Krishna, Andhra Pradesh"
GAMI,GOGAMERI,NWR,"MDR 18, Rajasthan"
GANI,GHARNI,?,"MSH3, Maharashtra"
DVN,DEVTHANA,SCR,"Nanded, Maharashtra"
DXH,DUHAI,NR,"Uttar Pradesh, Uttar Pradesh"
DWLE,DHAUNI,ER,"Dhauni, Bihar"
DUI,DHURI JN,NR,"Dhuri, Punjab"
FPS,FATEHPUR SHEKHAWATI,NWR,"Fatehpur, Rajasthan"
DWJ,DWARKAGANJ,NR,"Sultanpur, Uttar Pradesh"
DI,DOMBIVILI,IR,", India"
VK,VIKHROLI,IR,", India"
VVH,VIDYAVIHAR,IR,", India"
VGN,VANGAON,WR,"Thane, Maharashtra"
GALG,GOLDINGGANJ,?,"GoldingGanj, Bihar"
EKR,EKANGARSARAI,ECR,"Ekangar Sarai, Bihar"
GGN,GURGAON,NR,"Gurgaon, Haryana"
DTW,DATEWAS,NR,"Bareta, Punjab"
NAI,NANGI,ER,"Kolkata, West Bengal"
FN,FARUKHNAGAR,NR,"Gurgaon, Haryana"
GDL,GONDAL,WR,"Gondal, Gujarat"
GAH,GAWNAHA,ECR,"Pashchim Champaran, Bihar"
GAL,GHATLA,NWR,"State Highway 14, Rajasthan"
AI,ADIPUR,WR,"Dist. Kachchh, Gujarat"
CHG,MUMBAI CHINCHPOKLI,CR,"Mumbai, Maharashtra"
DWZ,DANTEWARA,ECoR,"Dantewada, Chhattisgarh"
DXR,DIGSAR,WR,"State Highway 17, Gujarat"
FTD,FATEHABAD CHOWK JUNCTION,WR,"Indore, Madhya Pradesh"
DZB,DAHINA ZAINABAD,NWR,"Tumna Rd, Haryana"
TMLP,TIRUMALPUR,SR,"Tirumalpur, Tamil Nadu"
CJE,KANCHIPURAM EAST,SR,"Kanchipuram, Tamil Nadu"
DUJ,DUBRAJPUR,ER,"Dubrajpur, West Bengal"
DGU,DIGARU,NFR,"Digaru, Assam"
BRHU,BARAHU,NFR,"National Highway 37, Assam"
DML,DHARAMTUL,NFR,"Dharamtul, Assam"
BHGP,BHAGIRATHPUR,NER,"National Highway 29, Uttar Pradesh"
DHRY,DHALPUKHURI,NFR,"Hojai Rd, Assam"
BRLF,BAR LANGFER S,NFR,"Lumding, Assam"
SLX,SELENG HAT,NFR,"National Highway 61, Assam"
DBRG,DIBRUGARH,NFR,"Dibrugarh, Assam"
DIL,DILAWARNAGAR,IR,", India"
NDJ,NANDGANJ,NER,"National Highway 29, Uttar Pradesh"
DYU,DIYURI,NER,"Diyuri, Uttar Pradesh"
JAT,JAMMU TAWI,NR,"Jammu Cantt, Jammu and Kashmir"
KNDI,KANDRORI,NR,"District Kangra Pin- 176402, Himachal Pradesh"
DYP,DARYAPUR,NR,"National Highway 24B, Uttar Pradesh"
BMK,BIRANG KHERA,NWR,"MDR 105, Punjab"
DHRR,DHIRERA,NWR,"Bikaner, Rajasthan"
CBN,CHIT BARAGAON,NER,"Chitbaragaon, Uttar Pradesh"
CPR,CHHAPRA,IR,", India"
DRI,DUMRI JUARA,IR,", India"
SEE,SONPUR JN,IR,", India"
FRDH,FARIDAHA HALT,NER,"Aunrihar, Uttar Pradesh"
KLL,KALOL JN,WR,"Kalol, Gujarat"
DNW,DANGARWA,WR,"Jagudan, Gujarat"
CHP,CHHAPI,WR,"Banaskantha, Gujarat"
SOH,SIROHI ROAD,NWR,"Pindwara, Rajasthan"
TN,TUTICORIN,SR,"Thoothukudi, Tamil Nadu"
GBA,GARHBETA,SER,"Medinipur, West Bengal"
ELM,ELIMALA,SR,"Kannur District, Kerala"
GARA,GARHA,ECR,"NH 77, Bihar"
GJN,GAJNER,NWR,"National Highway 15, Rajasthan"
GIA,GARIA,ER,"Kolkata, West Bengal"
ERL,ERANIEL,SR,"Kanyakumari, Tamil Nadu"
VRI,VRIDHACHALAM JN,IR,", India"
MPLY,MEPPULIYUR,IR,", India"
PRKL,PARIKKAL,IR,", India"
KGZ,KARUNGUZHI,IR,", India"
PNDP,PANDILLAPALLI,SCR,"Pandillapalli Railway Station, Andhra Pradesh"
GLV,GULVANCHI,CR,"Jath Rd, Maharashtra"
GHH,GARHI HARSARU,NR,"Gurgaon, Haryana"
GOP,GOP JAM,WR,"State Highway 27, Gujarat"
GDZ,GUNDARDEHI,SECR,"Gundardehi, Chhattisgarh"
GDB,GIDDARBAHA,NR,"Giddarbaha, Punjab"
GJW,GAJUWALA,NR,"State Highway 2, Punjab"
GMIA,GUMIA,ECR,", India"
GDHA,GODHA,NR,"Godha, Uttar Pradesh"
GHUM,GHOOM,NFR,"Darjeeling, West Bengal"
GNPT,GANPATPURA,WR,"Gujarat, Gujarat"
LRJ,LAKSAR JN,IR,", India"
GSDH,GARSANDA HALT,ECR,"Garsanda, Jharkhand"
GELA,GHADELA HALT,SECR,"State Highway 19, Madhya Pradesh"
GHQ,GARHWA,ECR,"Garhwa, Jharkhand"
GDV,GUDIVADA JN,SCR,"Krishna District, Andhra Pradesh"
GNDI,GONDWALI,WCR,"Bargawa, Madhya Pradesh"
KEI,KASHI,IR,", India"
BBRM,BABA BHAGWAN RAM HALT,IR,", India"
VYN,VYASNAGAR,IR,", India"
GNK,GARHNOKHA,ECR,"State Highway 12, Bihar"
BHBV,BLOCK HUT B,IR,", India"
BSB,VARANASI JN,IR,", India"
DKI,DHARMKUNDI,WCR,"Hoshangabad, Madhya Pradesh"
NGL,NANGAL,NR,"Saharanpur, Uttar Pradesh"
MOZ,MUZAFFARNAGAR,NR,"MuzaffarNagar, Uttar Pradesh"
DRLA,DAURALA,NR,"Meerut, Uttar Pradesh"
MDNR,MODINAGAR,NR,"Ghaziabad, Uttar Pradesh"
BRI,BHIRINGI,WCR,"Harda, Madhya Pradesh"
GEDE,GEDE,ER,"R 748, West Bengal"
THK,THAKRULI,IR,", India"
GHE,GHEVRA,NR,"Ghevra, Delhi NCT"
GHA,GOLEHWALA,NR,"Golehwala, Punjab"
GAW,GAINJAHWA,NER,"MDR 10E, Uttar Pradesh"
GNZ,GAHNDRAN HALT,NR,"Malsian Rd, Punjab"
MGSO,MGSO,IR,", India"
GH,GHUGHULI,NER,"Ghughli Bazar, Uttar Pradesh"
DLWS,DLWS,IR,", India"
SJGH,SARAI JAGDISH,NER,"National Highway 2, Uttar Pradesh"
KARD,KAMAN ROAD,CR,"Section 2, Maharashtra"
GOV,GOVINDPURI,NCR,"Kanpur, Uttar Pradesh"
AML,AMALSAD,WR,"Amalsad, Gujarat"
GPLG,GOPALPURGRAM,ER,"Contai Nandakumar Rd, West Bengal"
GQD,GOURDAHA HALT,ER,"Gourdaha, West Bengal"
GTQ,GUMTALI HALT,NR,"Gumtali, Punjab"
GLD,GHELDA,WR,"State Highway 133, Gujarat"
LRJC,LAKSAR NORTH CABIN,IR,", India"
GCT,GHAZIPUR CITY,NER,"Ghazipur, Uttar Pradesh"
GIS,GARHI SANDRA,NCR,"Dholpur, Rajasthan"
GUV,GURUVAYUR,SR,"Guruvayoor 0487-2556820, Kerala"
EOCM,EOCM,IR,", India"
KCA,KUCHMAN,IR,", India"
SLD,SAKALDIHA,IR,", India"
TLAM,TULSI ASHRAM,IR,", India"
DHA,DHEENA,IR,", India"
DTVL,DATIVLI,CR,"Kalyan Shilphata Rd, Maharashtra"
KLMG,KALAMBOLI GOODS,CR,"Navi Mumbai, Maharashtra"
BHCL,BAHORA CHANDIL,IR,", India"
ZNA,ZAMANIA,IR,", India"
DRV,DARAULI,IR,", India"
USK,USIA KHAS,IR,", India"
PEN,PEN,CR,"Pen, Maharashtra"
GKA,GOKHULA,ECR,"Dhaminaha, Bihar"
CMC,CHEMANCHERI,SR,"Dist. Kozhikode, Kerala"
ETR,ELATTUR,SR,"Kozhikode district, Kerala"
GPBN,GANDHI PARK HALT,?,", India"
CLT,KOZHIKODE,SR,"Calicut, Kerala"
FK,FEROK,SR,"Feroke, Kerala"
PGI,PARPANANGADI,SR,"Parappanangadi, Kerala"
BPZA,BHARATHAPUZHA H,IR,", India"
VTK,VALLATHOL NAGAR,IR,", India"
BWH,BHADAURA,IR,", India"
GIO,GORIYAN,NWR,"National Highway 11, Rajasthan"
GLA,GARLA,SCR,"Garla, Andhra Pradesh"
GOD,GIDARPINDI,NR,"Jalandhar, Punjab"
GVH,GOVIND GARH,NCR,"Govindgarh, Rajasthan"
GRB,GARHDHRUBESWAR,SER,"Purulia, West Bengal"
GNW,GANGIWARA,CR,"Chhindwara, Madhya Pradesh"
PHLG,PHLG,IR,", India"
GRI,GURIYA,NWR,"Pali, Rajasthan"
HBE,HABIBPUR,ER,"National Highway 34, West Bengal"
GWV,GOWDAVALLI,SCR,"Rangareddy, Andhra Pradesh"
GLGT,GOLAGHAT,NFR,"Golaghat, Assam"
MDRR,MADHAVNAGAR ROA,WCR,"Madhavnagar, Madhya Pradesh"
GMD,GURAMKHEDI,WCR,"Sohagpur, Madhya Pradesh"
HGA,HOGLA,ER,"Hogla H, West Bengal"
BGTA,BAGRA TAWA,WCR,"Bagra Tawa, Madhya Pradesh"
AIA,AJARAKA,NWR,"Ajaraka, Rajasthan"
GNJ,GUNJI,SWR,"Belagavi, Karnataka"
H,VENKATAGIRI KOTE HALT,SWR,"Venkatagiri Kote, Karnataka"
GPB,GHATPRABHA,SWR,"Ghatprabha, Karnataka"
GTRA,GOTRA HALT,NR,"Gotra, Uttar Pradesh"
GLTA,GAHLOTA,NWR,"Kishangarh, Rajasthan"
GNA,GONEANA,NR,"Goniana, Punjab"
GJS,GAJSINGHPUR,NWR,"State Highway 3, Rajasthan"
GJUT,GANGSAR JAITU,NR,"Jaitu, Punjab"
GUS,GHUMASAN,WR,"State Highway 41, Gujarat"
GSD,GHOSUNDA,NWR,"Chittaurgarh, Rajasthan"
HBP,HARPAR BOCHAHA,ECR,"Pagra Rd, Bihar"
MRLA,MARIYAL GANGAVA,IR,", India"
GLE,GAJULAGUDEN,SCR,"Gajulaguden, Andhra Pradesh"
GOPG,GOPALGANJ,NER,"Harkhua, Bihar"
GOK,GOKARNA ROAD,KR,"Uttara Kannada, Karnataka"
CS,KANNUR SOUTH,SR,"Kannur, Kerala"
GNL,GONGLE,SECR,"Gondia, Maharashtra"
ETK,ETAKKOT,SR,"NH 17, Kerala"
GQN,GARHANI,ECR,"Garhani, Bihar"
GNC,GANDHINAGAR CAPITAL,WR,"Gandhinagar, Gujarat"
HJO,HARANGAJAO,NFR,"North Cachar Hills, Assam"
GUA,GUA,SER,"Kiriburu, Jharkhand"
HKH,HARANYA KHERI,WR,"National Highway 3, Madhya Pradesh"
GVL,GUDLAVALLERU,SCR,"Gudlavalleru, Andhra Pradesh"
GWYR,GREENWAYS ROAD,SR,"Chennai, Tamil Nadu"
GSP,GURDASPUR,NR,"Gurdaspur, Punjab"
HKD,HAILAKANDI,?,"Hailakandi, Assam"
GNPR,GUNUPUR,ECoR,"Gunupur, Orissa"
GULR,GULER,NR,"State Highway 22, Himachal Pradesh"
GSW,GURSAR SHNEWALA,NWR,"Bagwali, Punjab"
HRD,HARSUD,WCR,"Harsud, Madhya Pradesh"
HAPA,HAPA,WR,"Jamnagar, Gujarat"
GZN,NEW GHAZIABAD,NR,"Ghaziabad, Uttar Pradesh"
HSWS,HANSIAWAS,NWR,"Hansiawas, Rajasthan"
HPT,HOSPET JN,SWR,"Hospet, Karnataka"
HLZ,HALDIA,SER,"Sutahata, West Bengal"
HEM,HIMAYATNAGAR,SCR,"Nanded, Maharashtra"
HTD,HATUNDI,NWR,"Ajmer, Rajasthan"
HLAR,HOLE ALUR,SWR,"Badami Rd, Karnataka"
HPP,HARPALPUR,NCR,"Dist - Chhatarpur, Madhya Pradesh"
GSL,GODAPIASAL,SER,"Godapiasal, West Bengal"
HLDR,HALDAUR,NR,"State Highway 76, Uttar Pradesh"
GVD,GHOLVAD,WR,"Gholvad, Maharashtra"
HSA,HASIMARA,NFR,"Hasimara, West Bengal"
GTT,GOMTA,WR,"Gomta, Gujarat"
GTF,GUMTHAL,NR,"Raja Ka Sahaspur, Uttar Pradesh"
HSI,HARSAULI,NWR,"Harsoli, Rajasthan"
HRSR,HARISH NAGAR HALT,ER,"BSF Rd, West Bengal"
GSO,GHASO,NR,"District Jind, Haryana"
HNK,HANAKERE,SWR,"Mandya, Karnataka"
AII,AJMER JN,NWR,"Ajmer, Rajasthan"
HIL,HILSA,ECR,"Hilsa, Bihar"
GXG,GEONG,NR,"Haryana, Haryana"
HBN,HAIBARGAON,NFR,"Nagaon, Assam"
HLW,HIRNAWALI,NWR,"Hirnawali, Rajasthan"
HRT,HARNAUT,ECR,"Harnaut, Bihar"
HBF,HADOBHANGI HALT,ECoR,"Paralakhemundi, Orissa"
HRF,HATHRAS KILA,NCR,"Hathras(05722-242803), Uttar Pradesh"
GRPA,GARHPURA,ECR,"Begusarai, Bihar"
HSR,HISAR,NWR,"Hisar, Haryana"
GTM,GHATAMPUR,NCR,"Ghatampur, Uttar Pradesh"
GRMA,GHORMARA,ER,"Deoghar, Jharkhand"
PCV,PALAKKODU,SWR,"Dharmapuri, Tamil Nadu"
HAH,HOSA AGRAHARA,SWR,"Hosa Agrahara, Karnataka"
HPI,HARAPATTI,?,"State Highway 65, Bihar"
IDR,INDI ROAD,SWR,"Bijapur, Karnataka"
HLDD,HALDI ROAD,NER,"NH 87, Uttarakhand"
IZN,IZZATNAGAR,NER,"Bareilly, Uttar Pradesh"
HSQ,HUSAINPUR,NR,"Kapurthala, Punjab"
HNM,HINAUTARAMBAN,WCR,"Satna, Madhya Pradesh"
HLX,HILARA,NFR,"Cachar, Assam"
INDR,INDIRA NAGAR,SR,"Chennai, Tamil Nadu"
HYB,HYDERABAD DECCAN,SCR,"Hyderabad, Andhra Pradesh"
JCU,JAICHOLI,WCR,"SH 1, Rajasthan"
HTK,HATKANAGALE,CR,"Hatkanangale, Maharashtra"
HMT,HIMMATNAGAR,WR,"Himatnagar, Gujarat"
JAM,JAMNAGAR,WR,"Jamnagar, Gujarat"
HGJ,HARDUAGANJ,NCR,"Aligarh, Uttar Pradesh"
HMI,HIMMATANA,NR,"SH 11, Punjab"
HRNG,HARPUR NAG HALT,ECR,"National Highway 28, Bihar"
HW,HARIDWAR JN,NR,"Haridwar, Uttarakhand"
INDM,INDORE JUNCTION MG,WR,"Indore, Madhya Pradesh"
IHP,INCHHAPURI,NR,"Gurgaon, Haryana"
HWX,HABAIPUR,NFR,"Station Rd, Assam"
HMRR,HAMARAPUR,CR,"Raigad, Maharashtra"
HIND,HIND,NR,"State Highway 57, Uttar Pradesh"
HTNL,HITNAL,SWR,"National Highway 63, Karnataka"
HJL,HEJJALA,SWR,"Bengaluru, Karnataka"
JGNR,JOGENDRANAGAR,NFR,"Agartala, Tripura"
HVR,HAVERI,SWR,"Haveri, Karnataka"
JDL,JAGDEVWALA,NWR,"Bikaner, Rajasthan"
HEI,HEGGERE HALT,SWR,"Heggere, Karnataka"
HHL,HIREHALI,SWR,"NH 4, Karnataka"
JDP,JADABPUR,ER,"Kolkata, West Bengal"
JHD,JEHANABAD,ECR,"Jahanabad, Bihar"
HRM,HADMADIYA,WR,"Junagadh, Gujarat"
HDM,HIRDAMALI,SECR,"Gondia, Maharashtra"
JJPR,JHANJHARPUR BAZAR HALT,?,"Jhanjharpur, Bihar"
JARI,JARI,NWR,"Dhanera, Gujarat"
HTW,HATHUA,NER,"Hathua, Bihar"
HLV,HALIYURU,SWR,"State Highway 48, Karnataka"
BETI,BHETASI,WR,", India"
KMNR,KAMALNAGAR,SCR,"Kamal Nagar, Karnataka"
JKL,JALAL KHALI,?,"State Highway 11, West Bengal"
HPLE,HATPURAINI,ER,"Bhagalpur, Bihar"
JGN,JAGRAON,NR,"Jagraon, Punjab"
HPA,HAMPAPURA,SWR,"Hampapura, Karnataka"
IAM,MAI HALT,?,", India"
JHDC,JEHANABAD COURT,ECR,"National Highway 83, Bihar"
JOR,JALOR,NWR,"Jalor, Rajasthan"
JBP,JABALPUR,WCR,"Jabalpur, Madhya Pradesh"
IRN,IRGAON,SER,"Lohardaga, Jharkhand"
JHK,JETHUKE,NR,"Jettuke, Punjab"
JNA,JULANA,NR,"Julana, Haryana"
IDJ,IDALHOND,SWR,"Garlgunj - Idalhond Rd, Karnataka"
IDL,INDALVAI,SCR,"Indalvai, Andhra Pradesh"
JJR,JEJURI,CR,"Pune, Maharashtra"
JRBM,JIRIBAM,NFR,"Rd, Assam"
JRNA,JIRANIA,NFR,"Jirania Railway Station, Tripura"
JCY,JIND CITY,NR,"Jind, Haryana"
JDNX,JOGINDER NAGAR,NR,"Joginder Nagar, Himachal Pradesh"
IGL,IRINGAL,SR,"Kochi - Panavel Rd, Kerala"
AILM,AILAM,NR,"State Highway 57, Uttar Pradesh"
JONR,JEONARA PH,SECR,"Nainpur, Madhya Pradesh"
JAK,JAKANUR,SWR,"Badami Rd, Karnataka"
IBL,INDRABIL,SER,"Purulia District, West Bengal"
JOS,JOGESHWARI,WR,"Mumbai, Maharashtra"
JDN,JAGUDAN,WR,"Mehsana, Gujarat"
PBS,PURAB SARAI,ER,"Munger, Bihar"
JGG,JANGIGANJ,NER,"Allahabad, Uttar Pradesh"
JMNR,JAMNER,CR,"Jamner, Maharashtra"
JTG,JATINGA,NFR,"Jatinga, Assam"
JMB,JAMBUSAR JUNCTION,WR,"Bharuch Jambusar, Gujarat"
JMBC,JAMBUSAR CITY,WR,"Jambusar, Gujarat"
JTP,JETPUR,WR,"Jetpur, Gujarat"
JMRA,JAMIRA,?,"Bairabi Rd, Assam"
JONA,JONHA,SER,"State Highway 2, Jharkhand"
JPAH,JAGDISHPUR HALT,ECR,"Darbhanga, Bihar"
JBB,JAMBUR,WR,"Jambur, Gujarat"
ITKY,ITKY,SER,"Ranchi, Jharkhand"
JJN,JHUNJHUNUN,NWR,"Jhunjhunu, Rajasthan"
JBU,JABUGAM,WR,"Vadodara, Gujarat"
JTTN,JORHAT TOWN,NFR,"Jorhat, Assam"
JBW,JHABELWALI,NR,"State Highway 16, Punjab"
JSA,JASAI,?,"State Highway 40, Rajasthan"
IDAR,IDAR,WR,"Sabarkantha, Gujarat"
JLLO,JHILO,NWR,"State Highway 13, Rajasthan"
HZR,HAFIZPUR,NR,"Hafizpur, Uttar Pradesh"
JK,JAKOLARI,NR,"National Highway 15, Punjab"
JPO,JORA ALAPUR,NCR,"Joura, Madhya Pradesh"
JPV,JAMTARA PARASWARA,SECR,"Howbadh Jabalpur, Madhya Pradesh"
JRJ,JARGAON,NR,"Chandausi, Uttar Pradesh"
JTRD,JATH ROAD,CR,"State Highway 71, Maharashtra"
KCB,KUSLAMB,CR,"State Highway 77, Maharashtra"
KCNR,KACHNARA ROAD,WR,"State Highway 31, Madhya Pradesh"
JWO,JAWAD ROAD,WR,"National Highway 79, Rajasthan"
JYM,JAI SAMAND ROAD,NWR,"Dengari, Rajasthan"
KEG,KARENGI,NR,"Karengi, Uttar Pradesh"
JSM,JAISALMER,NWR,"Jaisalmer, Rajasthan"
JID,JAGI ROAD,NFR,"Jagiroad, Assam"
JKN,JAKHANIAN,NER,"State Highway 67, Uttar Pradesh"
KEQ,KACHHPURA,WCR,"Jabalpur, Madhya Pradesh"
JRS,JORAVASAN,WR,"Joravasan, Gujarat"
JLR,JETALSAR JN,WR,"Rajkot, Gujarat"
JHT,JUNEHTA,WCR,"State Highway 22, Madhya Pradesh"
KB,KHAIRATABAD,NER,"Sitapur National Highway 24, Uttar Pradesh"
JIR,JIRA ROAD,WR,"SH 236, Gujarat"
JJT,JAI JAI WANTI,NR,"Jind, Haryana"
JKP,JHAREKAPUR,NER,"Sitapur, Uttar Pradesh"
JSB,YAMUNA SOUTH BANK,NCR,"Uttar Pradesh, Uttar Pradesh"
JPH,JHANTIPAHARI,?,"Bankura District, West Bengal"
JNKR,JANAKINAGAR,ECR,"Chapra, Bihar"
KAGR,KAGANGARH,NR,"MDR 102, Punjab"
KFP,KUKRA KHAPA,SECR,"State Highway 19, Madhya Pradesh"
KALD,KALANAD,SR,"Kizur Rd, Kerala"
KALN,KALANA,NWR,"MDR 18, Rajasthan"
KAPM,KOTTAPALEM,ECoR,"Vishakhapatnam, Andhra Pradesh"
KBGN,KHUBAGAON,CR,"Khubagaon, Maharashtra"
JYP,JEYPORE,?,"Jeypore, Orissa"
JKHI,JAKHOD KHERA,NWR,"Jakhodlkhera, Haryana"
KCO,KACHHIA BRIDGE,NER,"State Highway 33, Uttar Pradesh"
KAVI,KAVI,WR,"Bharuch, Gujarat"
JNK,JHINKPANI,SER,"Jorapokhar, Jharkhand"
KAI,KAIRLA,NWR,"Pali, Rajasthan"
JPM,JIYAPURAM,?,"NH 67, Tamil Nadu"
KCY,KAICHAR,ER,"Kaichar, West Bengal"
KDRA,KADAMPURA,ECR,"Kadampura, Bihar"
JRG,JUGPURA,?,"Mayurbhanj, Orissa"
JOH,JUHARPURA,NWR,"State Highway 69, Rajasthan"
JOK,JODHKA,?,"Sirsa, Haryana"
JTDM,JATDUMRI HALT,?,", India"
VI,VILLIANUR,SR,"NH 45A, Puducherry"
JKS,JAKSI,WR,"State HIghway 138, Gujarat"
KBGH,KAREA KADAMBAGACHHI,ER,"State Highway 2, West Bengal"
JRL,JHARILI,NWR,"Jhajjar, Haryana"
JHWR,JHAWAR,NR,"National Highway 15, Punjab"
KAJ,KALIYAGANJ,NFR,"RaiGanj, West Bengal"
KBE,KUREBHAR,NR,"MDR 66E, Uttar Pradesh"
KGM,KATHGODAM,NER,"Kathgodam, Uttarakhand"
KDGI,KUDGI,SWR,"NH 13, Karnataka"
KHHJ,KHATKAR KALAN,NR,"Nawan Shahar, Punjab"
KDLG,KUNDALGARH,NWR,"Dungarpur, Rajasthan"
KCF,KALCHINI,NFR,"NH 31C, West Bengal"
JVA,JAVALE,CR,"State Highway 71, Maharashtra"
JUA,JARAUNA,NR,"Alamganj, Uttar Pradesh"
JSP,JAYASINGPUR,CR,"Jaysingpur, Maharashtra"
KBI,KAMBRGANVI,SWR,"State Highway 34, Karnataka"
KDMR,KODIYAR MANDIR,WR,"SH 21, Gujarat"
KIQ,KHAI PHEMEKI,NR,"State Highway 20, Punjab"
JWP,JWALAPUR,NR,"Jwalapur, Uttarakhand"
KBR,KABRAI,NCR,"National Highway 76, Uttar Pradesh"
KCR,KHONKER,WCR,"Shivpuri, Madhya Pradesh"
KGW,KARIGANURU,SWR,"Bellary, Karnataka"
KBL,KOPPAL,SWR,"Koppal, Karnataka"
KGI,KENGERI,SWR,"Bengaluru, Karnataka"
KBU,KASU BEGU,NR,"Kasu Begu, Punjab"
KGX,KANGINHAL,SWR,"Gadag, Karnataka"
KHAR,KHAR,WR,"Mumbai, Maharashtra"
KILE,KANDIVLI,WR,"Mumbai, Maharashtra"
JTY,JETHI,NWR,"BANASKANTHA, Gujarat"
JSD,JAISINGDER,?,"Barmer, Rajasthan"
KIE,KHIRIA KHURD,NER,"Shahbaznagar, Uttar Pradesh"
KKGT,KALKALIGHAT,NFR,"National Highway 44, Assam"
BOMN,BOMMAGUNDANAKERE,SWR,"Bellary-Hiriyur Rd, Karnataka"
KAY,KARAIMADAI,SR,"Karamadai, Tamil Nadu"
KKK,KHAKHARIA,WR,"State Highway 110, Gujarat"
KALI,KAILI,NR,"State Highway 18, Uttar Pradesh"
KKAE,KAIKALA,ER,"State Highway 2, West Bengal"
JTH,JHOKTAHAL SINGH,NR,"Jhoktahal Sing, Punjab"
JRX,JURIAGAON,NFR,"Mathaouri Rd, Assam"
KGKD,KANG KHURD,NR,"Kang Khurd, Punjab"
KARH,KAKRAHA REST HOUSE,NER,"State Highway 26, Uttar Pradesh"
KLCR,KATLICHERRA,?,"Bairabi Rd, Assam"
KHGR,KASHINAGAR HALT,ER,"Kashinagar, West Bengal"
KCHV,KACHCHANVILAI,SR,"Thoothukudi, Tamil Nadu"
KDBM,KHED BRAHMA,WR,"Khedbrahma, Gujarat"
JTS,JATUSANA,NWR,"Nanagal Pathani Rd, Haryana"
KHNM,KUNDA HARNAMGANJ,NR,"Kunda, Uttar Pradesh"
KI,KONDAPALLI,SCR,"Kondapalli, Andhra Pradesh"
KII,KILLE,SR,"NH 45A, Tamil Nadu"
KLPG,KAMALPURGRAM,SECR,"National Highway 78, Chhattisgarh"
KFA,KOPARIA,ECR,"Bihar, Bihar"
KHDI,KHANDERI,WR,"Rajkot, Gujarat"
KHC,KHORANA,WR,"State Highway 113, Gujarat"
KDU,KADAMBUR,SR,"Kadambur, Tamil Nadu"
KDN,KUDATINI,SWR,"Bellary, Karnataka"
KKB,KARAK BEL,WCR,"Karak Bel, Madhya Pradesh"
KJG,KARAJGI,SWR,"haveri, Karnataka"
KEB,KARAMBELI,WR,"National Highway 8, Gujarat"
KEZ,KELZAR,SECR,"Chandrapur, Maharashtra"
KEP,KELANPUR,WR,"SH 11, Gujarat"
KDHL,KUNDHELA,WR,"Vadodara, Gujarat"
KESR,KESRI SINGHPUR,NWR,"Kesrisinghpur, Rajasthan"
KLMC,KALAMBOLI,CR,"Navi Mumbai., Maharashtra"
KGQ,KASARAGOD,SR,"Kasaragod, Kerala"
KLRD,KALI ROAD,WR,"Ahmedabad, Gujarat"
KNGT,KARNAWAS,NWR,"Karnawas, Haryana"
PSL,PARISAL,NWR,"Khairthal, Rajasthan"
AJE,ANJAR,WR,"Anjar, Gujarat"
KHA,KHAIGAON,WCR,"East Nimar, Madhya Pradesh"
KHLL,KETOHALLI,SWR,"Bengaluru, Karnataka"
KLNA,KOLHANA HALT,?,"Kothana, Bihar"
KJP,KHOJEEPURA,NCR,"Khojeepura, Madhya Pradesh"
KMB,KALV AMBA,WR,"Gujarat, Gujarat"
KLKR,KALIKAPUR,ER,"Kalikapur Staion Rd, West Bengal"
KNDR,KANDARI,WR,"Gujarat, Gujarat"
KNGM,KANGAM,WR,"Gujarat, Gujarat"
KLW,KALWAN HALT,ER,"Kalwan, West Bengal"
KDRI,KENDRI,SECR,"Kendri, Chhattisgarh"
KKNA,KHUNKHUNA,NWR,"State Highway 60, Rajasthan"
KNBR,KANAIBAZAR,NFR,"National Highway 44, Assam"
KHRA,KHACHERA,NWR,"State Highway 37, Rajasthan"
KLOD,KELOD,SECR,"Kelod, Maharashtra"
KHTU,KHATU,NWR,"Khatu Khurd, Rajasthan"
KFV,KUNDARA EAST,SR,"Kollam-Tirumangalam Rd, Kerala"
KLZ,KEOLARI,SECR,"State Highway 11A, Madhya Pradesh"
KLE,KAITHAL,NR,"Haryana, Haryana"
KKNH,KARUKHIRHARNAGAR HALT,ECR,", India"
SLHP,SULAH HIMACHAL PRADESH,NR,"Sulah, Himachal Pradesh"
KKZ,KOTTARAKARA,SR,"Kottarakkara, Kerala"
KIY,KALAYAT,NR,"Haryana, Haryana"
KIJ,KULDIHA,SER,"Mayurbhanj, Orissa"
KMRD,KALAMB ROAD,CR,"Tadwale, Maharashtra"
KMC,KAMAREDDI,SCR,"Kamareddi, Andhra Pradesh"
KLB,KIRAOLI,NCR,"Kiraoli, Uttar Pradesh"
KNVT,KINWAT,SCR,"Kinwat, Maharashtra"
KJLU,KHARI JHALU,NR,"Jhalu, Uttar Pradesh"
KHV,KARAINTHI,NR,"NH 71, Haryana"
KIU,KINANA,NR,"Brarkhera, Haryana"
KLWN,KALWAN,NR,"MDR 111, Haryana"
KKP,KOT KAPURA,NR,"Kotkapura, Punjab"
KLT,KULITALAI,SR,"Kulithalai, Tamil Nadu"
KKET,KAMRUP KHETRI,NFR,"Khetri, Assam"
KM,KALEEM,SWR,"Kalay Railway Station, Goa"
KNP,KHANAPUR,SWR,"Khanapur, Karnataka"
PRSR,PAHARSAR,NWR,"Paharsar, Rajasthan"
KMLI,KAMLI,WR,"Chhapi, Gujarat"
SHIV,SHINDAWANE,CR,"Walti Goan, Maharashtra"
KKW,KANKAVALI,KR,"Kankavli, Maharashtra"
KMQ,KUMBLA,SR,"Kumbla, Kerala"
KNPL,KANDANUR PUDUVAYAL,SR,"State Highway 28, Tamil Nadu"
KORA,KORA,WR,"Gujarat, Gujarat"
KORL,KURAL,WR,"Vadodara Jambusar, Gujarat"
KLQ,KILIKOLLUR,SR,"Kollam, Kerala"
KQV,KINKHED,CR,"State Highway 201, Maharashtra"
KR,KEVDI,WR,"SH 166, Gujarat"
KNDL,KHANDEL,NWR,"MDR 59, Rajasthan"
KHRK,KHARAK,NWR,"kharak Village, Haryana"
KPKD,KHAPRI KHEDA,SECR,"State Highway 243, Maharashtra"
KOTI,KOTI,NR,"National Highway 22, Himachal Pradesh"
KKTA,KOLLIKHUTAHA,ER,"State Highway 19, Bihar"
KKRL,KAKRALA,NR,"Nabha, Punjab"
KJY,KHURJA CITY,NR,"Sikri, Uttar Pradesh"
KQI,KALACHAND,NFR,"Diakkawn Rd, Assam"
KPV,KASHIPUR,NER,"Kashipur, Uttarakhand"
KNKT,KANAKOT,WR,"State Highway 113, Gujarat"
KODI,KODI,SCR,"Ranjani, Maharashtra"
KNO,KUNDGOL,SWR,"Kundgol, Karnataka"
KTHU,KATHUA,NR,"Kathua, Jammu and Kashmir"
KTF,KOT FATTEH,NR,"Bathinda, Punjab"
KRH,KHAIRTHAL,NWR,"Khairthal, Rajasthan"
KODR,KODINAR,WR,"Kodinar, Gujarat"
KQS,KAILARAS,NCR,"Kailaras, Madhya Pradesh"
KRJN,KARANJALI HALT,ER,"Tengrabichi, West Bengal"
KRJT,KARANJA TOWN,CR,"Karanja, Maharashtra"
KUG,KUSUGALI,SWR,"National Highway 63, Karnataka"
KSG,KISHANGARH,NWR,"Kishangarh, Rajasthan"
KRJR,KARJARA,ECR,"State Highway 8, Bihar"
KRTR,KAROTA PATRI HALT,?,", India"
KOL,KOLAD,KR,"Kolad, Maharashtra"
KRMI,KARMALI,KR,"Karmali North, Goa"
KRMG,KUMARAMANGALAM,SR,"Avur Rd, Tamil Nadu"
KSAI,KOSADI HALT,WR,"Mosali, Gujarat"
KSBG,KHUSTA BUZURG,CR,"Amravati, Maharashtra"
KPQ,KANNAPURAM,SR,"Kannur District, Kerala"
KRHR,KHARAR,NR,"Kharar, Punjab"
KRJA,KARANJA,CR,"Karanja, Maharashtra"
KRON,KARONA HALT,?,", India"
KTGM,KAYASTHAGRAM,NFR,"National Highway 44, Assam"
KNGR,KASHINAGAR HALT,ECoR,"State Highway 34, Orissa"
KRBO,KARABOH,SECR,"SH 26, Madhya Pradesh"
KPA,KANCHRAPARA,ER,"Kanchrapara, West Bengal"
KTNI,KAPUSTALNI,CR,"Amravati, Maharashtra"
KTNR,KIRTYANAND NAGAR,ECR,"Purnea, Bihar"
KRXM,KRISHNAMOHAN HALT,ER,"Krishnamohan, West Bengal"
KRX,KURUD,SECR,", India"
KRDH,KORADIH,SECR,"Nagpur, Maharashtra"
KTPM,KOTTURPURAM,SR,"Chennai, Tamil Nadu"
KRP,KRISHNAPUR,ER,"Lalgola, West Bengal"
KUTL,KUWANTHAL,NWR,"Pali, Rajasthan"
KRKN,KARKEND,SER,"Karkend, West Bengal"
KTBR,KASTURBA NAGAR,SR,"Chennai, Tamil Nadu"
KNAD,KANAD,WR,"Bhavnagar, Gujarat"
KRC,KIRODA,NWR,"Degana, Rajasthan"
KRO,KURAWAN,WCR,"Harda, Madhya Pradesh"
KSAE,KOSAI,SCR,"Kinwat, Maharashtra"
KTLA,KATKOLA JN,WR,"Katkola Junction, Gujarat"
KRGA,KURANGA,WR,"Jamnagar, Gujarat"
KRCD,KHARWA CHANDA,NWR,"Kharwa Chanda, Rajasthan"
VR,VIRAR,WR,"Thane, Maharashtra"
KTI,KANTI,ECR,"Kanti, Bihar"
KSU,KUSHTAUR,SER,"Purulia, West Bengal"
KTGD,KOTH GANGAD,WR,"Koth, Gujarat"
KTO,KATORA,SECR,"Patna, Chhattisgarh"
KV,KAYAVAROHAN,WR,"Kayavarohan, Gujarat"
KVO,KEVDI ROAD,WR,"Gujarat, Gujarat"
KSD,KESHOD,WR,"Keshod, Gujarat"
KSA,KHASA,NR,"Khasa, Punjab"
KQY,KHARIKATIA,NFR,"Dhodar Ali, Assam"
KS,KHETA SARAI,NR,"Nawab Yousuf Rd, Uttar Pradesh"
KTR,KOTHAR,NWR,"Pali, Rajasthan"
KWDP,KAKDWIP,ER,"National Highway 117, West Bengal"
NMT,NAMTIALI,NFR,"National Highway 61, Assam"
KRKP,KYARKOP,SWR,"Dharwad, Karnataka"
KUD,KUDACHI,SWR,"Kudchi, Karnataka"
KRG,KOREGAON,CR,"Koregaon, Maharashtra"
KQK,KOTIKULAM,SR,"Bekal, Kerala"
KTKR,KUMTHA KHURD,SCR,"State Highway 217, Maharashtra"
KTU,KUTTIPPURAM,SR,"Kuttippuram, Kerala"
KRNI,KRISHNAI,NFR,"NH 37, Assam"
KUHI,KUHI,SECR,"Nagpur, Maharashtra"
KXD,KOKALDA,CR,"Amravati, Maharashtra"
KZPB,KAZIPARA BARASAT,ER,"Station Rd, West Bengal"
KTAL,KATHALAL,WR,"Kathalal, Gujarat"
KUTR,KULATHUR,SR,"Keeranur, Tamil Nadu"
LAT,LATHI,WR,"Lathi, Gujarat"
KWF,KATWA,ER,"Katwa, West Bengal"
KYH,KHAIRAH,NER,"Saran, Bihar"
KYP,KALYANPUR,ER,"Baruipur, West Bengal"
KTNA,KATHANA,WR,"Bhadran, Gujarat"
KRUR,KEERANUR,SR,"Keeranur, Tamil Nadu"
KTWS,KATHUWAS,NWR,"State Highway 26, Haryana"
KRY,KADIRI,SCR,"Kadiri, Andhra Pradesh"
KUMB,KUMARBAGH,ECR,"Kumarbagh, Bihar"
LAK,LAKHO,ECR,"Lakho, Bihar"
KVK,KAVATHE MAHANKL,CR,"Jath Rd, Maharashtra"
KXO,KUDIKADU,SR,"Poondi, Tamil Nadu"
LKPR,LAKSHMIKANTPUR,ER,"Lakshmikantapur, West Bengal"
LAL,LUSHALA,WR,"State Highway 99, Gujarat"
KWJ,KHOJEWALA,NR,"Kapurthala, Punjab"
KXH,KAPURTHALA,NR,"Kapurthala, Punjab"
LING,LING,CR,"Ling, Maharashtra"
KZS,KUAKHERA HALT,NR,"Chandausi, Uttar Pradesh"
KVE,KAVALANDE,SWR,"SH 57, Karnataka"
KWM,KAMPUR,NFR,"Kampur, Assam"
KZW,KATAR SINGHWALA,NR,"State Highway 17, Punjab"
KZTW,KULITTURAI WEST,SR,"Kanyakumari, Tamil Nadu"
LNH,LACHHMANGARH SIKAR,NWR,"Laxmangarh, Rajasthan"
KUTI,KHUMTAI,NFR,"Khumtai, Assam"
LDE,LOKDHIKHERA,SECR,"Sausar, Madhya Pradesh"
LDD,LADKHED,CR,"SH 212, Maharashtra"
KZC,KULUKKALUR,SR,"Kulukkallur, Kerala"
LDM,LEDARMER,NWR,"Jalor, Rajasthan"
LFG,LOWER HAFLONG,NFR,"Haflong, Assam"
LGN,LEHGAON,CR,"Amravati, Maharashtra"
LKKA,LAL KUAN,NER,"Lalkuan, Uttarakhand"
LMB,LIMBARA,WR,"SH 166, Gujarat"
KYI,KALYANI,ER,"Kalyani, West Bengal"
KUDN,KUDNI,NR,"MDR 101, Punjab"
KXT,KETTI,SR,"Granduff Rd, Tamil Nadu"
LIR,LACHMIPUR,NER,", India"
LIG,LINGA,SECR,"Linga, Madhya Pradesh"
LDK,LADHUKA,NR,"State Highway 20, Punjab"
KYBR,KHAIRATIYA BANDH ROAD,NER,"Khairatiya, Uttar Pradesh"
LEDO,LEDO,NFR,"Ledo, Assam"
LBO,LATABOR,SECR,"Latabore, Chhattisgarh"
KYY,KARIHA,NR,"Kariha, Punjab"
KYS,KUSUMKASA,SECR,"Kusumkasa, Chhattisgarh"
KTYR,KOTTAIYUR,SR,"Kottaiyur, Tamil Nadu"
LGL,LALGOLA,ER,"Lalgola, West Bengal"
KVH,KHAMBHEL,WR,"State Highway 7, Gujarat"
LKN,LAKHMINIA,ECR,"Bihar, Bihar"
LNP,LANGARPETH,CR,"Jath Rd, Maharashtra"
LMNR,LAKSHMIBAI NAGAR,WR,"Indore, Madhya Pradesh"
LHBK,LOTHAL BHURKI,WR,"State Highway 1, Gujarat"
LPNR,LAJPAT NAGAR,NR,"Lajpat Nagar, Delhi NCT"
MCPK,CHEPAUK,SR,"Chennai, Tamil Nadu"
LSR,LASUR,SCR,"Aurangabad, Maharashtra"
LNA,LAMANA,NWR,"Beawar, Rajasthan"
LOG,LOHGARA,NCR,"Lohgara, Uttar Pradesh"
DTRA,DANTRA,IR,", India"
LBTL,LEBUTALA,ER,"Lebutala, West Bengal"
LTD,LATHIDAD,WR,"Tajpar Rd, Gujarat"
LLU,LALRU,NR,"Lalru, Punjab"
LPJ,LALPUR JAM,WR,"Lalpur, Gujarat"
LPU,LAKHPURI,CR,"Lakhpuri, Maharashtra"
LSN,LASINA,CR,"Lasina, Maharashtra"
LTA,LAMTA,SECR,"Lamta, Madhya Pradesh"
LHA,LEHRA GAGA,NR,"Sangrur, Punjab"
RRME,RANCHI ROAD,ECR,", India"
LKSH,LAKSHMINARAYANAPURAM,SCR,"L Narayanapuram, Andhra Pradesh"
MARD,MAVUR ROAD,SR,"State Highway 23, Tamil Nadu"
MAX,MANGUDI,SR,"State Highway 23, Tamil Nadu"
LWR,ALNAVAR JN,SWR,"Alnavar, Karnataka"
MBH,MOBHA ROAD,WR,"Vadodara Jambusar, Gujarat"
LKZ,LAKADIYA,WR,"Lakadia, Gujarat"
LTR,LAKHTAR,WR,"Lakhtar, Gujarat"
LPR,LILAPUR ROAD,WR,"State Highway 17, Gujarat"
LMO,LILIYA MOTA,WR,"Liliya Mota, Gujarat"
LMN,LACHHMANPUR,NR,"Unchahar, Uttar Pradesh"
LPN,LAOPANI,NFR,"National Highway 37, Assam"
LKA,LANKA,NFR,"Lanka, Assam"
MCPT,CHINTADRIPET,SR,"Chennai, Tamil Nadu"
LKG,LAMSAKHANG,NFR,"Lamsakhan Rd, Assam"
LCT,LANGCHOLIET,NFR,"TV Centre Road, Assam"
LPTA,LONGPATIA,NFR,"Nabhokotia Rd, Assam"
LHL,LAHOAL,NFR,"A T Rd, Assam"
MANU,MANU,NFR,"Manu, Tripura"
MAK,MALLIKPUR,ER,"Kolkata, West Bengal"
LKW,LAKHEWALI,NR,"Court Rd, Punjab"
LNO,LOHNA ROAD,ECR,"Naruar, Bihar"
LHW,LOHARWARA,NWR,"Sikar Rd, Rajasthan"
LTK,LATHIKATA,SER,"Latkata, Orissa"
LRI,LIHURI HALT,ECoR,"Lihuri Rd, Andhra Pradesh"
LHLL,LAHLI,NWR,"State Highway 16, Haryana"
MAAR,MALHAR,?,"Jodhpur, Rajasthan"
LCH,LINCH,WR,"State Highway 41, Gujarat"
MDR,MADHIRA,SCR,"K.Ponnavaram, Andhra Pradesh"
MDB,MANDOR,NWR,"Jodhpur, Rajasthan"
TUY,THIRUTHURAIYUR,SR,"Thiruthuraiyur Railway Station Rd, Tamil Nadu"
MDL,MANDAL,NWR,"Mandal, Rajasthan"
MDPR,MODPUR,WR,"Khambhalia-Lalpur, Gujarat"
MDRA,MEDRA,WR,"National Highway 8, Gujarat"
MFR,MANDLA FORT,SECR,"Mandla Fort, Madhya Pradesh"
MDHA,MADHADA,WR,"Bhavnagar, Gujarat"
MDNP,MADANPUR HALT,ER,"Madanpur, Jharkhand"
MAUR,MAUR,NR,"Maur Mandi, Punjab"
MDF,MURADI,SER,"Barakar, West Bengal"
MDLA,MUNDLANA,NR,"Panipat, Haryana"
VU,VAGHPURA,IR,", India"
MEM,MAU AIMMA,NR,"Allahabad, Uttar Pradesh"
MEQ,MALETHU KANAK,NR,"Bikapur, Uttar Pradesh"
MBS,MADHOSINGH,NER,"SH 5, Uttar Pradesh"
MDVB,MANDAR VIDYAPITH HALT,ER,"Mandar, Bihar"
MCF,MANIK CHAUREE HALT,SECR,"Manikchauri, Chhattisgarh"
MCU,MULACALACHERUVU,SCR,"Mulakalacheruvu, Andhra Pradesh"
MD,MADAR,NWR,"Ajmer, Rajasthan"
MBNL,MARWAR BHINMAL,NWR,"Bhinmal, Rajasthan"
MADR,MADURE,KR,"Sawantwadi Vengurla Rd, Maharashtra"
MANK,MANKI,KR,"Manki, Karnataka"
MGR,MUNGER,ER,"Munger, Bihar"
MAJN,MANGALORE JN,SR,"Mangalore, Karnataka"
MBY,MANDI DABWALI,NWR,"Mandi Dabwali, Haryana"
MGX,MAILONGDISA,NFR,"Mailongdisa, Assam"
MAHE,MAHE,SR,"Mahe, Puducherry"
MDD,MALAD,WR,"Mumbai, Maharashtra"
MGKM,MUNGIAKAMI,NFR,"Mungiyakami, Tripura"
MDLE,MANDAR HILL,ER,"Mandar, Bihar"
AJL,AJITWAL,NR,"Ajitwal, Punjab"
MDBP,MADHABPUR,ER,"State Highway 3, West Bengal"
AJN,AJNOD,WR,"Indore, Madhya Pradesh"
MDCR,MASAUDHI COURT HALT,?,"National Highway 22, Bihar"
MDGR,MANENDRAGARH,SECR,"Manendragarh, Madhya Pradesh"
MG,MODELGRAM,NR,"Ludhiana, Punjab"
MEE,METHAI,ECR,", India"
MEW,MARHAURA,NER,"National Highway 28B, Bihar"
LYD,LAYABAD,SER,"Loyabad, Jharkhand"
MIJ,MAJHDIA,ER,"Banpur-Majhdia Rd, West Bengal"
MBW,MALWARA,NWR,"Marwara, Rajasthan"
MHC,MASRAKH,NER,"Mashrakh, Bihar"
MGVK,MALEGAON VYENKU,SECR,"National Highway 69, Maharashtra"
MFM,MAHALAM,NR,"State Highway 20, Punjab"
MET,MALERKOTLA,NR,"Maler Kotla, Punjab"
MHOW,MHOW,WR,"Mhow, Madhya Pradesh"
MINA,MIYANA,WCR,"Guna, Madhya Pradesh"
MIQ,MIRHAKUR,NCR,"Idgah Agra, Uttar Pradesh"
MLSR,MALSAR,WR,"Sinor, Gujarat"
MKP,MANIKPUR JN,NCR,"Manikpur, Uttar Pradesh"
MES,MADURAI EAST,SR,"Madurai, Tamil Nadu"
MHRL,MAHRAIL,ECR,"Mahrail, Bihar"
MGLE,MANIGRAM,ER,"Lalgola, West Bengal"
MLH,MANAKLAO,NWR,"State Highway 61, Rajasthan"
VV,VALIVADE,CR,"Valivade, Maharashtra"
MKI,BAPUDHAM MOTIHARI,ECR,"Motihari, Bihar"
MHL,MAHWAL,ECR,"Muzaffarpur, Bihar"
MHMB,MAHIMBA,SCR,"Nanded, Maharashtra"
AJP,AJJAMPUR,SWR,"Ajjampur, Karnataka"
MHDP,MAHADEVPARA,WR,"State Highway 9, Gujarat"
MIRA,MIRA ROAD,WR,"Mira Bhayandar, Maharashtra"
MJO,MAJORDA,KR,"South Goa, Goa"
MGRR,MAGARPUR,NCR,"Mau Ranipur, Uttar Pradesh"
MJE,MUJNAL,NFR,"National Highway 31C, West Bengal"
MKRL,MOTI KORAL,WR,"Maninageshwar Rd, Gujarat"
MIH,MIHRAWAN,NR,"Nawab Yousuf Rd, Uttar Pradesh"
MM,MUMBAI MAHIM JN,WR,"Mumbai, Maharashtra"
MOAR,MANIPUR BAGAN,?,"Bairabi Rd, Assam"
MJS,MANJESHWAR,SR,"NH 17, Kerala"
MGAE,MORGRAM,ER,"Murshidabad Distt., West Bengal"
MNGT,MYSORE NEW GOOD,SWR,"Mysore, Karnataka"
MHU,MANHERU,NWR,"Bhiwani, Haryana"
MJN,MAKUM JUNCTION,NFR,"Makum, Assam"
MLHS,LIGHT HOUSE,SR,"Chennai, Tamil Nadu"
MGM,MURAGACHA,ER,"Nadia, West Bengal"
MNGV,MOTA MIYA MANGROL,WR,"Mosali, Gujarat"
MNLI,MANALI HALT,SR,"State Highway 23, Tamil Nadu"
MNDY,MANDAVELI,SR,"Chennai, Tamil Nadu"
MHAD,MOHADI PRAGANE LALING,CR,"Dhule, Maharashtra"
MIW,MIGHAUNA,NER,"Mighauna, Uttar Pradesh"
MIO,MOLISAR,NWR,"Churu, Rajasthan"
MHUA,MAHUDHA,WR,"Madhuda, Gujarat"
MLKH,MULEWAL KHAIHRA,NR,"Neewa Meianwal, Punjab"
MNME,MANAMADURAI EAST,SR,"Manamadurai, Tamil Nadu"
MNCR,MONACHERRA,?,", India"
MJV,MANJHAGARH,NER,"National Highway 28, Bihar"
MOTC,MOTICHUR,NR,"Haridwar, Uttarakhand"
MLHA,MALIYA HATINA,WR,"Malia, Gujarat"
MLB,MODNIMB,CR,"Shetfal, Maharashtra"
MNL,MINCHNAL,SWR,"Bijapur, Karnataka"
MKH,MALAKHERA,NWR,"Mala Khera, Rajasthan"
MLG,MALHARGARH,WR,"Malhargarh, Madhya Pradesh"
MKD,MARKUNDI,WCR,"State Highway 11, Madhya Pradesh"
MUE,MUDKHED,SCR,"Mudkhed, Maharashtra"
MNDR,MANDI DHANAURA,NR,"Jyotiba Phule Nagar, Uttar Pradesh"
MLGT,MALLAPPA GATE,SCR,"Guntakal, Andhra Pradesh"
MNQ,MAINPURI,NCR,"Mainpuri, Uttar Pradesh"
MLSA,MALLASANDRA,SWR,"NH 206, Karnataka"
MKS,MUKTSAR,NR,"Muktsar, Punjab"
MQW,MALLANNAGAR,NER,"State Highway 33, Uttar Pradesh"
MRD,MANUND,WR,"State HIghway 55, Gujarat"
MPLR,MAHIPAL ROAD,ER,"Lalgola, West Bengal"
MKLI,MAKRAULI,NR,"Rohtak, Haryana"
MNO,MEHNAR ROAD,ECR,"Bihar, Bihar"
MRU,MUMBAI MATUNGA ROAD,WR,"Mumbai, Maharashtra"
MMC,MAHAMANDIR,NWR,"Jodhpur, Rajasthan"
MMY,MARWAR MATHANYA,NWR,"Mathania, Rajasthan"
MTHP,MITHAPUR,WR,"Jamnagar, Gujarat"
MON,MODRAN,NWR,"Jalor, Rajasthan"
MNZ,MANANI,NR,"State Highway 57, Uttar Pradesh"
AJRE,AUJARI,NFR,"National Highway 37, Assam"
MLN,MAILANI,NER,"Lakhimpur Kheri, Uttar Pradesh"
MNS,MANSHAHI,NFR,"National Highway 81, Bihar"
MRJD,MARAJDWA,ECR,"Sikta-Mainatad Rd, Bihar"
MLX,MULLANPUR,NR,"Mullanpur, Punjab"
MPUR,NEW MADANPUR,?,", India"
MSQ,MARWAR RATANPUR,NWR,"State Highway 128, Gujarat"
MMG,MADHYAMGRAM,ER,"Kolkata, West Bengal"
MPML,MOHAPANI MAL,SECR,"State Highway 19, Madhya Pradesh"
MLTR,MELATTUR,SR,"Melattoor, Kerala"
MQQ,MARKAHANDI U HALT,SECR,"State Highway 26, Madhya Pradesh"
MQS,MALSIAN SHAHKOT,NR,"Shahkot-Moga Rd, Punjab"
MKDN,MORKADHANA,CR,"Nayagaon, Madhya Pradesh"
MSZ,MANSA,NR,"Mansa, Punjab"
MPLE,MAHIPAL,ER,"Lalgola, West Bengal"
MQL,MIRKHAL,SCR,"Purna, Maharashtra"
MTJR,MOTERJHAR,NFR,"Dhubri Kochugaon Rd, Assam"
MSOD,MASODHA,NR,", India"
MTJL,MOTIJHEEL,NCR,"Gwalior, Madhya Pradesh"
MSDH,MASNADIH,ECR,", India"
MSP,MANSURPUR,NR,"Muzaffarnagar, Uttar Pradesh"
MVJ,MAVLI JN,NWR,"Mavli, Rajasthan"
NBA,NABHA,NR,"Nabha, Punjab"
MUT,MEERUT CANT,NR,"Meerut, Uttar Pradesh"
MWT,MARWAR LOHWAT,NWR,"Jodhpur, Rajasthan"
MTC,MEERUT CITY,NR,"Meerut, Uttar Pradesh"
MUD,MURADNAGAR,NR,"Ghaziabad, Uttar Pradesh"
MSRP,MURHESI RAMPUR,WCR,"SH 33, Uttar Pradesh"
MTFA,MERTALA PHALEYA,ER,"Mertala Phaleya, West Bengal"
MRL,MAROLI,WR,"Maroli, Gujarat"
MQ,MANNARGUDI,SR,"Mannargudi, Tamil Nadu"
MP,MELAPPALAIYAM,SR,"Tirunelveli, Tamil Nadu"
MSD,BOMBAY MASJID,CR,"Mumbai, Maharashtra"
MTAP,MATANIA ANANTPUR,ER,"Matania Anantapur Railway Station, West Bengal"
MWW,MAHWA,NWR,"Alwar, Rajasthan"
MX,MUMBAI MAHALAKSHMI,WR,"Mumbai, Maharashtra"
MTT,MUTUPET,SR,"Muthupet, Tamil Nadu"
MYA,MANDYA,SWR,"Mandya, Karnataka"
MULK,MULKI,KR,"Mulki, Karnataka"
MTMY,THIRUMAYILAI,SR,"Chennai, Tamil Nadu"
MRTL,MIRTHAL,NR,"Mirthal, Punjab"
MXO,MORTHALA,NWR,"NH 14, Rajasthan"
MT,MATERA,NER,"Bahraich, Uttar Pradesh"
MOBD,MOABUND,NFR,"Mohbondha, Assam"
MSDL,MAHISADAL,SER,"Haldia Mechada via Tamluk, West Bengal"
MRG,MARGHERITA,NFR,"Ledo, Assam"
MOM,MAMAN,NR,"National Highway 91, Uttar Pradesh"
MTCN,TRIPLICANE,SR,"Chennai, Tamil Nadu"
MUPA,MUPA,NFR,"Diakkawn Rd, Assam"
NNKR,NANAKSAR,NR,"Nanaksar, Punjab"
MZRT,MURTAJAPUR TOWN,CR,"Murtajapur, Maharashtra"
MPUE,MAINPURI KACHRI,NCR,"Mainpuri Kachri, Uttar Pradesh"
MUZ,MOHIUDDINPUR,NR,"Meerut, Uttar Pradesh"
NADA,NADA,WR,"Mota Habipura Nada Rd, Gujarat"
NBGH,NOWBAGH,CR,"Nowbagh, Maharashtra"
NEI,NEOLI,CR,"State Highway 77, Maharashtra"
NKRA,NOKHRA,?,"Nokhra, Rajasthan"
MWM,MALLESWARAM,SWR,"Bengaluru, Karnataka"
NGLT,NAGLATULA,NCR,"Bayana, Rajasthan"
NDLH,NANDLALEE HALT,?,", India"
MVO,MANWATH ROAD,SCR,"Parbhani, Maharashtra"
NGE,NAGAR,SECR,"National Highway 78, Chhattisgarh"
MXH,MAKHU,NR,"Makhnu, Punjab"
NCR,NAGORE,SR,"Nagore, Tamil Nadu"
MZL,MIRZAPALI,SCR,"Medak, Andhra Pradesh"
KKG,KEKATUMAR,SCR,"Washim, Maharashtra"
MWX,MALLANWALA KHAS,NR,"Mallanwala, Punjab"
MXY,MAHUARIYA,ECR,"Sonebhadra, Uttar Pradesh"
MZHL,MAJHAOLI,WCR,"Bargawa, Madhya Pradesh"
MYL,MALLIYALA,SCR,"Kurnool, Andhra Pradesh"
NGR,ANNIGERI,SWR,"Dist. Dharwad, Karnataka"
MWJ,MARWASGRAM,WCR,"Madhya Pradesh, Madhya Pradesh"
NDNI,NIDHANI,SECR,"Ghonsor, Madhya Pradesh"
MZW,MANJHWE,ECR,"Manjhwe, Bihar"
MYU,MAYANOOR,SR,"NH 67, Tamil Nadu"
NGA,NINGALA JN,WR,"State Highway 117, Gujarat"
NIG,NAIGAON,WR,"Naigaon West, Maharashtra"
NAN,NANDGAON ROAD,KR,"Sindhudurg, Maharashtra"
MXN,MARIANI JN,NFR,"Mariani, Assam"
MUGN,MAHUTGAON,NFR,"B G Rd, Assam"
NAM,NAMRUP,NFR,"Borhat, Assam"
MVG,MALIGURA,ECoR,"Maligura Station, Orissa"
NGX,NIGAN,ER,"Nigan, West Bengal"
MUH,MURTHIHA,NER,"State Highway 26, Uttar Pradesh"
MTP,METTUPALAYAM,SR,"Mettupalayam, Tamil Nadu"
NCP,NISHCHINDAPUR,ER,"Tengrabichi, West Bengal"
NERH,NER HALT,?,", India"
MYHT,MAYURHAT,ER,"Mayurhat-Taraknagar Rd, West Bengal"
NAL,NAL HALT,?,"NH 15, Rajasthan"
NKL,NALIKUL,ER,"State Highway 2, West Bengal"
MVC,MAVINKERE,SWR,"Mavinkere, Karnataka"
NHY,NAGANAHALLI,SWR,"Mysore District, Karnataka"
NDAE,NABADWIP DHAM,ER,"Nabadwip, West Bengal"
NPRD,NAGPUR ROAD,SECR,"Koria, Chhattisgarh"
NPM,NELLAIKUPPAM,SR,"Nellikuppam, Tamil Nadu"
NGNT,NEW GUNTUR,SCR,"Guntur City, Andhra Pradesh"
NLRD,NECKLACE ROAD,SCR,"Hyderabad, Andhra Pradesh"
NBE,NEW BARRACKPORE,ER,"Kolkata, West Bengal"
NAS,NASRALA,NR,"Distt.Hoshiarpur, Punjab"
NGRT,NAGROTA,NR,"Nagrota Bagwan, Himachal Pradesh"
AJTM,AJITGILL MATTA,NR,"Kotkapura Jaitu Rd, Punjab"
NID,NIDUR,SR,"Neivasal, Tamil Nadu"
NED,HUZUR SAHIB NANDED,SCR,"Nanded, Maharashtra"
NDE,NANDRE,CR,"Sangli, Maharashtra"
NGT,NAGAPPATTINAM,SR,"Nagapattinam, Tamil Nadu"
NPK,NORTH PANAKUDI,SR,"Panakudi, Tamil Nadu"
AKE,AKANAPET,SCR,"Medak, Andhra Pradesh"
NPV,NARPATGANJ,ECR,"National Highway 57, Bihar"
NRKE,NARI KHETRI,NWR,"Jhunjhunu, Rajasthan"
NDPR,NANDAPUR,SCR,"Hingoli, Maharashtra"
NMZ,NEW MAL JN,NFR,"National Highway 31. 03562-255097, West Bengal"
NHM,NANDOL DEHEGAM,WR,"Dehegam, Gujarat"
NEM,NEMEM,SR,"Thiruvananthapuram, Kerala"
NDU,NADAUJ,ECR,"Nadaul, Bihar"
RJU,RAJULA CITY,WR,"Distt. Amreli, Gujarat"
NMKA,NAMKHANA,ER,"Namkhana, West Bengal"
NRM,NURMAHAL,NR,"Philur Nurmahal Rd, Punjab"
NBPH,NEW BALARAMPUR HALT,ER,"New Balarampur, West Bengal"
PALI,PALI,NWR,"Pali, Rajasthan"
NWA,NAGARWARA,SECR,"Nainpur, Madhya Pradesh"
NYM,NEYAMATPUR,ECR,", India"
ARNG,ARUNNAGAR,IR,", India"
NNL,NARNAUL,NWR,"Narnaul, Haryana"
NGAN,NAGAON,NFR,"Nagaon, Assam"
NRPM,NARAYANPUR MURLI HALT,ECR,"Saraygarh, Bihar"
NVC,NAGALWANCHA,SCR,"Jagannadhapuram To Matkepalli Rd, Andhra Pradesh"
NRUR,NARESHWAR ROAD,WR,"Nareshwar Rd, Gujarat"
NRWI,NARWASI,NWR,"MDR 18, Rajasthan"
NRGR,NARANJIPUR,WR,"Dewas, Madhya Pradesh"
NSP,NALLA SOPARA,WR,"Nallasopara station Rd, Maharashtra"
NUPR,NURPUR ROAD,NR,"Nurpur, Punjab"
NUIH,NEURI HALT,ECR,"Darbhanga, Bihar"
NXR,NAGSAR,ECR,"Ghazipur, Uttar Pradesh"
PAPM,PALAT POTARAM,SCR,"National Highway 7, Andhra Pradesh"
NPT,NARASINGAMPET,SR,"Thiruvavaduthurai, Tamil Nadu"
NSU,NISUI,NR,"Aonla- Bareilly Link Rd, Uttar Pradesh"
NZH,NIDAGHATTA,?,"Bangalore-Mysore Rd, Karnataka"
P,P,?,", India"
NKE,NARKATIAGANJ JN,ECR,"Narkatiaganj, Bihar"
NMGT,NIMSHIRGAON TAMDALGE,CR,"Miraj Rd, Maharashtra"
NNO,NANGLOI,NR,"JJ Colony No 1, Delhi NCT"
NSL,NAGARSOL,SCR,"Nashik, Maharashtra"
NRW,NARWANA JN,NR,"Way to Narwana, Haryana"
NMJ,NIDAMANGALAM,SR,"Needamangalam, Tamil Nadu"
NLH,NAULTHA,NR,"Brahman Majra, Haryana"
NWB,NIWAS ROAD,WCR,"Sidhi, Madhya Pradesh"
NPX,NARINDARPURA,NR,"Mansa, Punjab"
NTG,NURSRATABAD KHARKHAR,NR,"State Highway 57, Uttar Pradesh"
PASG,PANISAGAR,NFR,"Panisagar, Tripura"
NLSF,NIYALISH PARA,ER,"Berhampore, West Bengal"
PDE,PINDRAI,SECR,"State Highway 11A, Madhya Pradesh"
NNN,NANGUNERI,SR,"Nanguneri, Tamil Nadu"
ODM,ONDAGRAM,SER,"Onda, West Bengal"
NYH,NAYANDAHALLI,SWR,"Bengaluru, Karnataka"
NNGE,NARANGI,NFR,"Panikhaiti, Assam"
NTSK,NEW TINSUKIA JN,NFR,"A T Rd, Assam"
AKI,ADARKI,CR,"Pune, Maharashtra"
NMA,NIRMALI,ECR,"Supaul, Bihar"
NS,NARASAPUR,SCR,"Narsapur, Andhra Pradesh"
NLD,NALANDA,ECR,"National Highway 82, Bihar"
SSC,SHAHI,NER,"Shahi, Uttar Pradesh"
NKX,NAKTISEMRA,ECoR,"Jagdalpur, Chhattisgarh"
OTD,OOTWAR,NCR,"Alwar, Rajasthan"
PDRA,PADRA,WR,"Padra, Gujarat"
OD,OD,WR,"Od, Gujarat"
NUA,NUA,NWR,"Jhunjhunu, Rajasthan"
TUV,TUVVUR,SR,"Thuvvur, Kerala"
NSF,NASIBPUR,ER,"State Highway 2, West Bengal"
NRPR,NARENDRAPUR HALT,ER,"Kolkata, West Bengal"
NJA,NAGJUA,SER,"Ranchi, Jharkhand"
NNU,NANGAL MUNDI,NWR,"State Highway 24, Haryana"
BHJA,BHEJA,ECoR,"Bheja Station, Orissa"
NTA,NETRA,ER,"National Highway 117, West Bengal"
NZP,NIYAZIPUR HALT,?,", India"
PDPK,PADMAPUKAR,SER,"Howrah, West Bengal"
PCP,PALSAP,CR,"State Highway 77, Maharashtra"
PDNR,PADNUR,SWR,"Shegao to Alagi Rd, Karnataka"
PARD,PATHRAD,SCR,"Huzur Sahib Nanded, Maharashtra"
PALR,PALUR,SR,"SH 58, Tamil Nadu"
PKRD,PAKARA ROAD,WCR,"Pakara, Madhya Pradesh"
PGR,PUGALUR,SR,"Karur, Tamil Nadu"
NWR,NIWAR,WCR,"Katni, Madhya Pradesh"
OKHA,OKHA,WR,"Okha, Gujarat"
OKD,OKHA MADHI,WR,"NH 8E, Gujarat"
NRO,NAKODAR JUNCTION,NR,"Nakodar, Punjab"
NTR,NITTUR,SWR,"NH 206, Karnataka"
PGK,PILI BANGAN,NWR,"Pilibanga, Rajasthan"
PEE,PATERHI,NER,"Saran, Bihar"
NTZ,NATHWANA,NWR,"Malkisar, Rajasthan"
NUD,NAVAGADH,WR,"Jetpur, Gujarat"
PKZ,PIPLI PAKHI KALAN,NR,"Faridkot, Punjab"
PIH,PARHIHARA,NWR,"Sujangarh, Rajasthan"
NVRD,NAVADE ROAD,CR,"Ghotkamp Koyana vele, Maharashtra"
OND,AUNLAJORI JUNCTION,SER,"Mayurbhanj, Orissa"
NAND,NANDIKUR,IR,", India"
NTW,NANJANGUD TOWN,SWR,"Nanjangudu, Karnataka"
PL,MUMBAI LOWER PAREL,WR,"Mumbai, Maharashtra"
NVL,NEYVELI,SR,"SH 10, Tamil Nadu"
OBR,OBRA DAM,ECR,"Obra, Uttar Pradesh"
PCX,PAGLA CHANDI,ER,"National Highway 34, West Bengal"
PDKT,PUDUKKOTTAI,SR,"Pudukkottai, Tamil Nadu"
PED,PIPARDAHI,SECR,"SH 26, Madhya Pradesh"
NZT,NAZARETH,SR,"Thoothukudi, Tamil Nadu"
PHU,PAHUR,CR,"Pahur, Maharashtra"
PIJ,PIJ,WR,"State Highway 149, Gujarat"
PKP,PALLIKKARA,SR,"Kasaragod, Kerala"
PCC,PRACHI ROAD JUNCTION,WR,"Jambur, Gujarat"
PKT,PATTUKOTTAI,SR,"Pattukkottai, Tamil Nadu"
AKK,AKKIHEBBALU,SWR,"Mandya District, Karnataka"
PEC,PENCHARTHAL,NFR,"Pecharthal, Tripura"
NSS,NAWANSHAHR DOABA JUNCTION,NR,"Bhaddi, Punjab"
KRSW,KOHAR SINGHWALA,NR,"State Highway 20, Punjab"
PKGM,PHAKHOAGRAM,NFR,"Phakhoagram, Assam"
PJLE,PANJWARA ROAD,ER,"Mandar, Bihar"
PHS,FEROZESHAH,NR,"Firozpur Rd, Punjab"
PHX,PATHAKPUR,NR,"Chandausi, Uttar Pradesh"
PRDP,PARADIP,ECoR,"Paradip, Orissa"
PCR,PANCHRA,ER,"Birbhum, West Bengal"
PMYA,PARMINIYA HALT,ECR,"Parminiya, Bihar"
PDH,PADADHARI,WR,"Paddhari, Gujarat"
PMI,PAIMAR,ECR,"Paimar, Bihar"
PG,PERGAON,SCR,"Parbhani, Maharashtra"
PIZ,PINGLI,SCR,"Parbhani, Maharashtra"
KRSH,KARAMGARH SDRGH,IR,", India"
PDQ,PADLA,NWR,"Padla, Rajasthan"
PCT,PANCHTALAVDA ROAD,WR,"SH 115, Gujarat"
PGL,PAGDHAL,WCR,"Pagdhal, Madhya Pradesh"
PHI,PANIKHAITI,NFR,"Chandrapur Rd, Assam"
PIRO,PIRO,ECR,"Piro, Bihar"
PML,PAPANASAM,SR,"Rajagiri, Tamil Nadu"
PMM,PARSEHRA MAL,NER,"Parsehra, Uttar Pradesh"
PNYA,PANIAHWA,NER,", India"
PMK,PARAMAKKUDI,SR,"Paramagudi, Tamil Nadu"
PR,MUMBAI PAREL,CR,"Mumbai, Maharashtra"
PBA,PIARDOBA,SER,"Bankura, West Bengal"
PGTN,PALGHAT TOWN,SR,"Palakkad, Kerala"
PNVL,PANVEL,CR,"Panvel, Maharashtra"
PAZ,PAYANGADI,SR,"Kannur District, Kerala"
PEU,PERSSANNUR,SR,"Koodallur, Kerala"
PFT,POTHAHI,ECR,"Pothahi, Bihar"
PNUG,PUNPUN GHAT HALT,?,", India"
PMGN,PIMPALGAON,CR,"Pimpalgaon, Maharashtra"
POHE,POHE,CR,"Pohe, Maharashtra"
PPV,PRATAPGANJ,ECR,"Pratapganj, Bihar"
PLF,PIALI,ER,"Champahati To Peyali Rd, West Bengal"
PRGT,PARGOTHAN,CR,"Wardha, Maharashtra"
PRKA,PARIKHA,WR,"Gujarat, Gujarat"
PRNC,PURNIA COURT,ECR,"Purnia, Bihar"
PIL,PILER,SCR,"Piler Station, Andhra Pradesh"
PIT,PALITANA,WR,"Palitana, Gujarat"
PNCB,PANCHEBERIA,ER,"Haranath Para Ln, West Bengal"
PLC,PHALODI JUNCTION,NWR,"Phalodi, Rajasthan"
PAVI,PAVI,WR,"Vadodara, Gujarat"
PHWR,PEHOWA ROAD,NR,"Haryana, Haryana"
PPB,PARTABPURA,NR,"Partabpura, Punjab"
PLH,PARLAKHEMUNDI,ECoR,"Paralakhemundi, Orissa"
PDX,PAYRADANGA,ER,"Payradanga, West Bengal"
PDS,PINDARSI,NR,"Haryana, Haryana"
PCO,PALAYANKOTTAI,SR,"Tirunelveli, Tamil Nadu"
PMO,PANDOLI,NWR,"State Highway 9, Rajasthan"
PQE,PAWAPURI ROAD,ECR,"Distt Nalanda, Bihar"
PNGM,PANCHGRAM,NFR,"Panchgram, Assam"
PLS,PIPALSANA,NER,"State Highway 49, Uttar Pradesh"
PJR,PANGRI,CR,"State Highway 77, Maharashtra"
PLMX,PALAMPUR HIMACHAL,NR,"Palampur, Himachal Pradesh"
PRU,PARLU,NWR,"Parlu, Rajasthan"
PJH,PIRJHALAR,WR,"Ratlam, Madhya Pradesh"
PPLI,PIPLI,WR,"Jamnagar, Gujarat"
PRTP,PARTAPUR,NR,"Meerut, Uttar Pradesh"
PYM,PANDIYAPURAM,SR,"State HIghway 75, Tamil Nadu"
PJA,PAJIAN,NR,"Kapurthala, Punjab"
RAMP,RAMPURI,SECR,"Bamhani, Madhya Pradesh"
PNGR,PINGORA,WCR,"SH 1, Rajasthan"
PUE,PALARI,SECR,"State Highway 11A, Madhya Pradesh"
PUF,PAUTA,NER,"Pauta, Uttar Pradesh"
PKDE,PILU KHERA,NR,"Jind, Haryana"
PLWR,PHULWARIA,NER,"Phulwaria, Uttar Pradesh"
PNJ,PADRIGANJ,SECR,"Nainpur, Madhya Pradesh"
RAU,RAU,WR,"Rau, Madhya Pradesh"
TIK,TIK,NR,", India"
PRDL,PARADOL,SECR,"Manendragarh, Madhya Pradesh"
TUA,TIRUNNAVAYA,SR,"Thirunavaya, Kerala"
PNPR,PUNNAPURA,SR,"Alappuzha, Kerala"
PUPR,PUNNAPRA,SR,"Alappuzha, Kerala"
PLP,PHULPUR,NR,"Phulpur, Uttar Pradesh"
PRG,PRAYAG,NR,"Allahabad, Uttar Pradesh"
PMY,PALI MARWAR,NWR,"Pali, Rajasthan"
PRNG,PRITAM NAGAR,WR,"Ratlam, Madhya Pradesh"
PTG,PATNA GHAT,ECR,"Sabalpur, Bihar"
PTRT,PATHROT,CR,"Amravati, Maharashtra"
PRTL,PIRTALA,ER,"Pirtala, West Bengal"
PMQ,PARNA NAND,NR,"National Highway 15, Punjab"
PVI,PERAVURANI,SR,"Peravurani, Tamil Nadu"
RAS,RAS,WR,"Bhadran, Gujarat"
PKO,PALAKOLLU,SCR,"Palakollu, Andhra Pradesh"
POA,PALIKONA,SCR,"Bhattiprolu, Andhra Pradesh"
PSK,PARADSINGA HALT,SECR,"Paradsinga, Madhya Pradesh"
PTKD,PATHARKANDI,NFR,"Patharkandi, Assam"
PKBS,PEEPLEE-KA-BAS,NWR,"MDR 59, Rajasthan"
PNSA,PUNSIA,ER,"Punsia, Bihar"
KRSL,KRISHNASHILLA,ECR,"Sonebhadra, Uttar Pradesh"
PTE,PATIALA CANTT.,NR,"Patiala, Punjab"
PLT,PIRTHALA LLAUDA,NR,"Tohana, Haryana"
RHW,ROHIRA GHALUGHRA,NR,"Sangrur, Punjab"
PRKH,PARKANHATTI,SWR,"Parakanhatti, Karnataka"
RAKL,RETHORAKALAN,NCR,"Malanpur, Madhya Pradesh"
RDI,KARDI,SWR,"Karadi Cross, Karnataka"
RKR,RANIKUND RARAH,WCR,"Rarah, Rajasthan"
RMGJ,RAMGANJ,NR,"State Highway 9, Uttar Pradesh"
PT,PATLI,NR,"Gurgaon, Haryana"
POR,PIPALDA ROAD,WCR,"Baren, Rajasthan"
PTRD,PATAUDI ROAD,NR,"Hailley Mandi, Haryana"
PSD,PARSODA,SCR,"Rotegaon, Maharashtra"
POZ,POTUL,SCR,"Lasur, Maharashtra"
PRKE,PURUA KHERA,NR,"Bijnour, Uttar Pradesh"
RBK,REOTI BAHORA KHERA,NR,"Reoti B Khera, Uttar Pradesh"
VMU,VEMURU,SCR,"Coastal Andhra Region, Andhra Pradesh"
RDY,REDIPALAYAM,SR,"State Highway 58, Tamil Nadu"
PPKD,PAPRAKUND,ECR,"Obra, Uttar Pradesh"
RAJP,RAJAPUR ROAD,KR,"Ratnagiri, Maharashtra"
RANI,RANI,NWR,"Rania, Rajasthan"
PPNS,PAPPINISSERY,SR,"Kannur District, Kerala"
PRZ,PARSA,NER,"Itwa Badhayan Rd, Uttar Pradesh"
PSLI,PARSOLI,WCR,"NH 76, Rajasthan"
RAL,REPALLE,SCR,"Repalle, Andhra Pradesh"
RJQ,RAJENDRANAGAR,WR,"Indore, Madhya Pradesh"
RHU,RAHON,NR,"Rahon, Punjab"
RAHA,RAHA,NFR,"Roha, Assam"
PRES,PATTABIRAM EAST,SR,"Pattabiram, Tamil Nadu"
RCTC,RAGHUNATHPUR,ECoR,"Raghunathpur, Orissa"
PRBZ,PARSA BAZAR,ECR,"NH 83, Bihar"
RGV,RATHOPUR,ECR,"Saraygarh, Bihar"
PRNR,PORJANPUR,?,"National Highway 215, Orissa"
PPCK,PIPALWALI CHOWK,NCR,"Pipalwali Chowk, Madhya Pradesh"
RNIR,RAJNARAINPUR,NER,"State Highway 90, Uttar Pradesh"
PPN,PUNPUN,ECR,"Patna, Bihar"
RBN,RAGHUBANS NAGAR,ECR,"Raghubans Nagar, Bihar"
RMO,RAMAKONA,SECR,"State Highway 19, Madhya Pradesh"
RAH,RAMGARH,NCR,"Alwar, Rajasthan"
TNRI,TENERI HALT,?,", India"
PTRJ,PATTI RAJPURA HALT,NR,"Majhairan, Himachal Pradesh"
PTWA,PATWARA,WCR,"Katni, Madhya Pradesh"
PUY,PHULAGURI,NFR,"National Highway 37, Assam"
RENH,RENHAT,WCR,"Shivpuri, Madhya Pradesh"
RE,REWARI,NWR,"Rewari, Haryana"
RHG,RAJGARH,NWR,"Rajgarh, Rajasthan"
RMH,RANGMAHAL,NWR,"Sri Ganganagar, Rajasthan"
RA,RAMPARDA,WR,"Surendranagar, Gujarat"
RGLI,RANGAULI,NCR,"Mahoba, Uttar Pradesh"
RMR,RAMNAGAR,NER,"Ramnagar, Uttarakhand"
RKI,RAMKANALI JN,SER,"Purulia, West Bengal"
QLM,KULEM,SWR,"South Goa Distt., Goa"
RRE,RAHUL ROAD,ECR,"National Highway 31, Bihar"
RMSR,RAMSINGHPUR,NWR,"Ramsinghpur, Rajasthan"
PYOL,PAYYOLI,SR,"Payyoli, Kerala"
RPB,RUPASIBARI,NFR,"National Highway 44, Assam"
PUM,PALLIPPURAM,SR,"Palakkad, Kerala"
RGD,RAJGIR,ECR,"Rajgir, Bihar"
RGS,RINGAS JUNCTION,NWR,"Ringas, Rajasthan"
RTBR,RATABARI,NFR,"Ratabari, Assam"
RGJI,RANGJULI,NFR,"Rangjuli Railway Station, Assam"
RPLY,RUPAULI,ECR,"Murliganj, Bihar"
PW,PIRWA,NWR,"Degana, Rajasthan"
RDG,RAYADURG,SWR,"Rayadurg, Andhra Pradesh"
RPP,RANU PIPRI,WR,"Gujarat, Gujarat"
RSMN,RAMGOVINDSINGH MAHULI HALT,?,", India"
RJR,RAJALDESAR,NWR,"Rajaldesar, Rajasthan"
RPV,RAJAPATTI,NER,"Musepur To Rajapatti Railway Statipn, Bihar"
PUQ,PURANIGUDAM,NFR,"Puranigudam, Assam"
PTRE,PATARA,NCR,"Kanpur Nagar, Uttar Pradesh"
RGJ,RAIGANJ,NFR,"Raiganj, West Bengal"
TUD,TALODHI ROAD,SECR,"Nagbhir, Maharashtra"
RM,RAJMANE,CR,"Kunzar Rd, Maharashtra"
RMN,RAMAN,NWR,"Rama Mandi, Punjab"
RPHR,RAIPUR HARIYANA JUNCTION,NR,"Hisar, Haryana"
QTP,QUATABPUR,NR,"Haryana, Haryana"
RBJ,RAIBOJHA,NER,"State Highway 26, Uttar Pradesh"
RWH,ROWRIAH SDG,NFR,"Jorhat, Assam"
RWL,RAIWALA,NR,"Rishikesh, Uttarakhand"
RPI,RUPAHELI,NWR,"Bhilwara, Rajasthan"
RNA,ROHANA KALAN,NR,"Muzaffarnagar, Uttar Pradesh"
RKD,RUKADI,CR,"Kolhapur, Maharashtra"
RNE,RANJANI,SCR,"Jalna, Maharashtra"
RXRX,RANGAPAHAR CRS,NFR,"Diphu Rd, Nagaland"
SAG,SANGRUR,NR,"Sangrur, Punjab"
SAH,SAPHALE,WR,"Thane, Maharashtra"
RUJ,RANUJ,WR,"Patan, Gujarat"
RNR,RANIBENNUR,SWR,"Ranebennur, Karnataka"
RRB,BIRUR JN,SWR,"Birur, Karnataka"
RIGA,RIGA,ECR,"Barahwa, Bihar"
VMP,VALLAMPADUGAI,SR,"Vallampadugai, Tamil Nadu"
RMM,RAMESWARAM,SR,"Rameshwaram, Tamil Nadu"
SAZ,SAMNI,WR,"Samni, Gujarat"
RPMN,RAMPURMANI HARA,NR,"Saharanpur, Uttar Pradesh"
SASN,SAS NAGAR MOHALI,NR,"Mohali, Punjab"
RNBD,RANA BORDI,WR,"State Highway 27, Gujarat"
RKX,RUKHI,NR,"Sonepat, Haryana"
RXW,RATANGARH WEST,NWR,"Ratangarh, Rajasthan"
RNQ,RENUKUT,ECR,"Sonbhadra, Uttar Pradesh"
ROHA,ROHA,CR,"Roha, Maharashtra"
ROK,ROHTAK JN,NR,"Rohtak, Haryana"
RLS,ROMANA ALBEL SINGH,NR,"Kotkapura Jaitu Rd, Punjab"
RRS,RAGHURAJ SINGH,NR,"Raghuraj Singh Railway Station, Uttar Pradesh"
RUR,RANPUR,WR,"Ranpur, Gujarat"
RVT,REVELGANJ GHAT,NER,"Ghaghra Bank, Bihar"
RW,RANKUA,WR,"Gujarat, Gujarat"
SAHA,SARAHULA,ECR,"Dildarnagar, Uttar Pradesh"
SAD,SONADA,NFR,"Sonada, West Bengal"
RJ,RAWAT GANJ,NER,"National Highway 29, Uttar Pradesh"
RGX,RAGHUNATHBARI,SER,"Panskura - Tamluk Rd, West Bengal"
RNJ,RUNIJA,WR,"Ujjain, Madhya Pradesh"
SAKA,SIMARIYA KAJANWADA,SECR,"Mandla Fort, Madhya Pradesh"
SBGR,SUBHAS GRAM,ER,"Kolkata, West Bengal"
RNV,RANIWARA,NWR,"Raniwara, Rajasthan"
RRW,RORANWALA,NR,"Jandwala Bhimeshah, Punjab"
RXN,RAMSAN,NWR,"State Highway 27, Gujarat"
SCA,SALCHAPRA,NFR,"Salchapra, Assam"
RSJ,RAYSER,WCR,"Guna, Madhya Pradesh"
SDPR,SARDAR PATEL ROAD,NR,"Delhi Cantonment, Delhi NCT"
SBD,SLEEMANABAD RD,WCR,"Sleemanabad, Madhya Pradesh"
SBM,SONBARSA KACHERI,ECR,"Bihar, Bihar"
RY,RAYAKA,WR,"SH 1 Dhandhuka to Fadara Rd, Gujarat"
SCN,SONDHA ROAD,NCR,"National Highway 92, Madhya Pradesh"
BMPL,BRAHMANPALLI,SCR,"National Highway 7, Andhra Pradesh"
RUPC,RUDRAPUR CITY,NER,"Udham Singh Nagar, Uttarakhand"
SALE,SALAR,ER,"Salar, West Bengal"
SELU,SELU,SCR,"Parbhani, Maharashtra"
SDGM,SARDARGRAM,WR,"Ahmedabad, Gujarat"
SHBA,SAHEBTALA,ER,"Sahebtala, West Bengal"
SHRD,SAIJ SERTHA RD,WR,"Jhulasan, Gujarat"
SINR,SINOR,WR,"Sinor, Gujarat"
SAHR,SAHERI,NER,"National Highway 29, Uttar Pradesh"
SIU,SINGUR,ER,"Singur, West Bengal"
RSYI,RASAYANI,CR,"Rasayani, Maharashtra"
SED,SHEDBAL,SWR,"Belagavi, Karnataka"
SDRN,SHENDURNI,CR,"Shendurni, Maharashtra"
RSG,RAMSAGAR,SER,"Bankura, West Bengal"
RZJ,RAZAGANJ,NER,"Lakhimpur Kheri, Uttar Pradesh"
SGBA,SIR GURUDAS BANERJEE HALT,ER,"Kolkata, West Bengal"
AHMP,ADARSH MANPUR,IR,", India"
SHKY,SAHARSA KUTCHERY HALT,ECR,"Bihra Panchayat, Bihar"
SHRG,SRI RAMGARH HALT,NWR,"Ramgarh Railway Station, Rajasthan"
SDMK,SIDMUKH,NWR,"Sidhmukh, Rajasthan"
SALI,SALI,NWR,"Ajmer, Rajasthan"
SBNM,SUBARNAMRIGI,ER,"Police Station Rd, West Bengal"
SHZ,SUMMER HILL,NR,"Shimla, Himachal Pradesh"
RTR,RAMNATHPUR,NER,"Handia, Uttar Pradesh"
SIPA,SINGHOOKHARIA,SER,"National Highway 75, Jharkhand"
RUSD,RUNNISAIDPUR,ECR,"Runni, Bihar"
SDZ,SINDHAR,NR,"Sindhar, Punjab"
SDF,SUDSAR,NWR,"Bikaner, Rajasthan"
SIRD,SIRD,?,"Jodhpur, Rajasthan"
SDLP,SADULPUR JUNCTION,NWR,"Rajgarh, Rajasthan"
SFNR,SAIFINAGAR HALT,WR,"Indore, Madhya Pradesh"
SAWN,SOHANSRA,NWR,"State Highway 24, Haryana"
SJM,SAJUMA,NR,"High School Rd, Andhra Pradesh"
SEW,SEHAL,NER,"MDR 65W, Uttar Pradesh"
SGRE,SULGARE,CR,"Jath Rd, Maharashtra"
SJS,SHAMLAJI ROAD,NWR,"State Highway 5, Gujarat"
SGP,SOHAGPUR,WCR,"Sohagpur, Madhya Pradesh"
SEQ,SEKHA,NR,"Off Rd, Punjab"
SMC,SAMNAPUR,SECR,"State Highway 11, Madhya Pradesh"
MNHL,MAJHAIRAN HIMACHAL,NR,"Majhairan, Himachal Pradesh"
SGLM,SENGULAM,SR,"National Highway 7, Tamil Nadu"
DUB,DABTARA,NR,"Bisauli, Uttar Pradesh"
SHBL,SHIBLUN,ER,"State Highway 6, West Bengal"
SIZ,SHRIKHANDA,ER,"Shrikhanda, West Bengal"
SJTR,SOJITRA,WR,"Anand, Gujarat"
SKHK,SUKHASAN KOTHI,ECR,"Purnia, Bihar"
SEJ,SARKHEJ,WR,"Ahmedabad, Gujarat"
SHC,SAHARSA JN,ECR,"Saharsa, Bihar"
SHTT,SILGHAT TOWN,NFR,"Silghat, Assam"
SGUT,SILIGURU TOWN,NFR,"Siligur, West Bengal"
SGUJ,SILIGURI JN,NFR,"Siligur, West Bengal"
SJSM,SALEMGARHMASANI,NWR,"Salemgarhmasani, Rajasthan"
SCH,SACHIN,WR,"Sachin, Gujarat"
SCPD,SUCHIPIND,NR,"Jalandhar, Punjab"
SEV,SITHALAVAI,SR,"Krishnarayapuram, Tamil Nadu"
SGR,SANGMESHWAR,KR,"NH 17, Maharashtra"
SGD,SONGADH,WR,"Bhavnagar, Gujarat"
SHK,SHEIKPURA,ECR,"Sheikhpura, Bihar"
SMDR,SIMODARA,WR,"SH 166, Gujarat"
SMTN,SOMTHAN,CR,"Somthan, Maharashtra"
SMSR,SAMASWARA,SECR,"SH 26, Madhya Pradesh"
SIKR,SIKAR JUNCTION,NWR,"Sikar, Rajasthan"
SHF,SHIRUD,CR,"Shirud, Maharashtra"
SGS,SHOGHI,NR,"Shoghi, Himachal Pradesh"
SHN,SUCHAN KOTLI,NWR,"Suchan, Haryana"
SJPR,SURJYAPUR,ER,"Surjyapur F, West Bengal"
SMKR,SHAM KAURIA,NER,"National Highway 28B, Bihar"
SGA,SHERGARH,NWR,"Bathinda, Punjab"
SLGE,SULERJAVALGE,SWR,"NH 13, Karnataka"
AKVD,AKIVIDU,SCR,"Coast Andhra, Andhra Pradesh"
SQR,SULTANPUR LODI,NR,"Kapurthala, Punjab"
SIF,SIRLI,SCR,"Parbhani, Maharashtra"
SKF,SAKHOTI TANDA,NR,"Meerut, Uttar Pradesh"
SMQL,SHAMLI,NR,"Shamli, Uttar Pradesh"
SMBJ,SHRI MAHABIRJI,WCR,"Karauli, Rajasthan"
SLU,SASALU,SWR,"State Highway 47, Karnataka"
SQK,SHANKAR,NR,"Jalandhar, Punjab"
SMM,SALIYAMANGALAM,SR,"NH 67, Tamil Nadu"
SKR,SAKHPUR,WR,"to railway station, Gujarat"
SONW,SONWARSA HALT,?,", India"
SLR,SALOGRA,NR,"NH 22, Himachal Pradesh"
SOQ,SOMPUR ROAD,SWR,"Sompur, Karnataka"
SJN,SANJAN,WR,"Sanjan, Gujarat"
SKND,SUKINDA ROAD,ECoR,"Duburi, Orissa"
SKVL,SANKVAL,SWR,"Sancoale, Goa"
SL,SURATHKAL,KR,"Surathkal, Karnataka"
SJDA,SANJUJE DA AREY,SWR,"CURTORIM, Goa"
SKNR,SHAKAR NAGAR,SCR,"Bodhan, Andhra Pradesh"
SOF,SAOTA,ER,"Saota, West Bengal"
SLI,SANGLI,CR,"Sangli, Maharashtra"
SIW,SHIRRAVDE,CR,"Satara, Maharashtra"
SLP,SALPA,CR,"SH 61, Maharashtra"
SOI,SONARIPUR,NER,"MDR 6C, Uttar Pradesh"
SNBD,SUNDERABAD,WR,"Ratlam, Madhya Pradesh"
SPS,SHRIPAT SHRIKHAND,ER,"Shripat Shrikhand, West Bengal"
SQW,SIDHWALIA,NER,"Saran, Bihar"
SNKX,SANKRA,SECR,", India"
SME,SHIMOGA,SWR,"State Highway 57, Karnataka"
SONH,SEONAN HALT,?,", India"
SNU,SANGRAMPUR,ER,"State Highway 3, West Bengal"
SJJ,SANJHA,ER,"Sanjha, Bihar"
SLON,SALONA,NFR,"Salona, Assam"
SJPA,SUJALPUR,?,"Digha Contai Rd, West Bengal"
SILO,SILAO,ECR,"Nalanda, Bihar"
SOW,SUHSARAI,ECR,"National Highway 31, Bihar"
BLND,BOLINNA DOABA,NR,"Patara Rd, Punjab"
SKTN,SHAKTI NAGAR,ECR,"Dist. Sonebhadra, Uttar Pradesh"
SOY,SUKRIMANGELA,SECR,"Shikara - Dhooma Rd, Madhya Pradesh"
SQJ,SAILA KHURD,NR,"Saila Khurd, Punjab"
SNB,SATNAUR BADESRON,NR,"Satnaur Badesron, Punjab"
SONR,SAONER JUNCTION,SECR,"Saoner, Maharashtra"
SOJ,SAROJINI NAGAR,NR,"Sarojini Nagar, Delhi NCT"
SPD,SUPEDI,WR,"Supedi, Gujarat"
SNX,SANEH ROAD,NR,"Saneh Road, Uttar Pradesh"
SRA,SEMRA,ECR,"National Highway 28A, Bihar"
SRSI,SARSI,ECR,"State Highway 77, Bihar"
SNPR,SINGARPUR,NCR,"Rupbas, Rajasthan"
SNYN,SONIYANA,NWR,"National Highway 79, Rajasthan"
SRJ,SHANKARGARH,NCR,"Shankargarh, Madhya Pradesh"
STF,SIKTA,ECR,"Sikta, Bihar"
SRGH,SURAJGARH,NWR,"Surajgarh, Rajasthan"
SQE,SAMRLA,SCR,"Dharmabad, Maharashtra"
SRK,SAMRAU,NWR,"State Highway 61, Rajasthan"
SOHL,SOHAL,NR,"National Highway 15, Punjab"
SRNK,SORON,NER,"Soron, Uttar Pradesh"
SNSN,SONASAN,WR,"Salal, Gujarat"
SRID,SHRIDHAM,WCR,"Shridham, Madhya Pradesh"
SQL,SONTALAI,WCR,"Itarsi, Madhya Pradesh"
SPZ,SAMPLA,NR,"Sampla, Haryana"
SNHR,SANKHAI,WR,"Patan, Gujarat"
SPK,SAPEKHATI,NFR,"Moran to Naharkatiya Rd, Assam"
SPRA,SILLIPUR,NCR,"State Highway 2, Rajasthan"
STC,SANTA CRUZ,WR,"Mumbai, Maharashtra"
SSV,SASVAD ROAD,CR,"Sasvad, Maharashtra"
SOU,SUPAUL,ECR,"Supaul, Bihar"
SOJN,SIHOR GUJARAT,WR,"Shihor, Gujarat"
KRNG,KARGAON HALT,IR,", India"
SNDY,SANDAI,NER,"Sandai, Uttar Pradesh"
SNDD,SINDHUDURG,KR,"Oros, Maharashtra"
SPGL,SARAI GOPAL,NR,"Allahabad Bypass, Uttar Pradesh"
STH,SETHAL,NER,"Bareilly, Uttar Pradesh"
SRMN,SEMRAON,ECR,"State Highway 12, Bihar"
STPM,S NARAYANAPURAM,SCR,"Vijayawada, Andhra Pradesh"
SSP,SANTOSHPUR,ER,"Kolkata, West Bengal"
SNDT,SINDRI TOWN,?,"Sindri, Jharkhand"
SRN,SORON,NER,"Soron, Uttar Pradesh"
SNA,SADANAPURA,WR,"Sadanapura, Gujarat"
WW,WANABAR,?,", India"
SSRD,SHASAN ROAD,ER,"Baruipur, West Bengal"
SMTG,SAHEED MATANGINI,SER,"Medinipur, West Bengal"
SOE,SHEOPUR KALAN,NCR,"Sheopur, Madhya Pradesh"
SMNN,SHRI MAKRI NATH NAGAR,NWR,"Churu, Rajasthan"
AKU,ANGALAKUDURU,SCR,"Coastal Andhra Region, Andhra Pradesh"
GTI,GHUTAI,NCR,"National Highway 76, Uttar Pradesh"
SWAR,SEWAR,WCR,"Bharatpur, Rajasthan"
STSN,SHAITAN SINGH NAGAR,NWR,"State Highway 61, Rajasthan"
MHTR,MALIHATI TALIBPUR ROAD,ER,"Rd, West Bengal"
SRRG,SURERGOTH,NWR,"State Highway 25, Rajasthan"
SVKD,SAVAR KUNDLA,WR,"Savar Kundla, Gujarat"
SSKA,SISARKA,NR,"State Highway 43, Uttar Pradesh"
SSR,SARERI,NWR,"National Highway 79, Rajasthan"
SRNT,SARNATH,NER,"Varanasi, Uttar Pradesh"
SVW,SHIVNI SHIVAPUR,SCR,"Akola, Maharashtra"
SRVX,SURAVALI,KR,"Margao, Goa"
SXS,SHOBHASAN,WR,"State Highway 41, Gujarat"
STBJ,SITABANJI,ECoR,"National Highway 215, Orissa"
SVM,SANVERDAM CHUCH,SWR,"Curchorem, Goa"
SUL,SULADHAL,SWR,"Belagavi, Karnataka"
SURR,SURERA,NWR,"Surera, Rajasthan"
SVQ,SIVOK,NFR,"Sevoke, West Bengal"
VMLD,VEMULURIPADU,IR,", India"
SWQ,SANGWI,CR,"Sangwi, Maharashtra"
SWG,SIDHWAN,NR,"Sidhwan, Punjab"
SRY,SIRARI,ECR,"State Highway 6, Bihar"
SWX,SAIDANWALA,NR,"Saidanwala, Punjab"
SVGA,SIVAGANGA,SR,"SH 33, Tamil Nadu"
SSA,SIRSA,NWR,"Sirsa, Haryana"
MQA,MATODA,IR,", India"
SVB,SAVNI,WR,"Maljinjava, Gujarat"
SVC,SIWAN KACHARI,NER,"Siwan, Bihar"
SVV,SRIVAIKUNTAM,SR,"Thoothukudi, Tamil Nadu"
SVDC,SIVADEVUNICHKLA,SCR,"P.P.Road, Andhra Pradesh"
STNL,SATNALI,NWR,"Satnali, Haryana"
AEP,AMRELI PARA,WR,"Amreli, Gujarat"
SSF,SIRSUPHAL,CR,"Daund, Maharashtra"
SWD,SANAWAD,WR,"Sanawad, Madhya Pradesh"
SXE,SILA KHERI HALT,NR,"Jind, Haryana"
TAM,TILAIVILAGAM,SR,"Pattukkotai-Thiruthuraipoondi Rd, Tamil Nadu"
TKF,TAKI ROAD,ER,"Taki, West Bengal"
TNLR,THONDAIMANALLUR,SR,"Nallur, Tamil Nadu"
TER,THAIR,CR,"State Highway 77, Maharashtra"
TCT,TIRUCHITRAMBALAM,SR,"Musiri - Kulithalai - Manapparai - Pudukottai - Alangudi - Peravoorani - Sethubavachatram Rd, Tamil Nadu"
SY,SIRKAZHI,SR,"Sirkazhi, Tamil Nadu"
TNX,TARAK NAGAR,ER,"Shivniwas Rd, West Bengal"
TAPA,TAPA,NR,"Tapa Mandi, Punjab"
SYC,SARAI CHANDI,NR,"Phulpur, Uttar Pradesh"
THZI,TAKAZHI,SR,"Takazhi, Kerala"
TJNR,TAJ NAGAR,NR,"Gurgaon, Haryana"
SXP,SANKOPARA,ER,"State Highway 5, West Bengal"
TBN,TIMARNI,WCR,"Timarni, Madhya Pradesh"
SYQ,SINHAN,WR,"SH 6, Gujarat"
TIBI,TIBI,NWR,"Tibi, Rajasthan"
TAY,TALAIYUTHU,SR,"Thalaiyuthu, Tamil Nadu"
TEN,TIRUNELVELI,SR,"Tirunelveli, Tamil Nadu"
SYH,SAIYEDPUR BHTRI,NER,"Saidpur, Uttar Pradesh"
THN,TOLAHUNSE,SWR,"Tholahunase, Karnataka"
SZR,SARUPATHAR,NFR,"Sarupathar Road Thana Rd, Assam"
SYL,SALPURA,WCR,"Kawari, Rajasthan"
TIW,TIVARI,NWR,"Tinwari, Rajasthan"
TA,TANUR,SR,"Malappuram, Kerala"
TLI,TULWARA JHIL,NWR,"Tibi Railway Station, Rajasthan"
TABU,TALABURU,SER,"National Highway 75, Jharkhand"
TNK,TIRUNELLIKAVAL,SR,"State Highway 23, Tamil Nadu"
KGBS,KISHANGARH BALAWAS,NWR,"Kishengarh, Haryana"
TBX,TILBHUM,NFR,"National Highway 44, Tripura"
AL,ATTILI,SCR,"West Godavari, Andhra Pradesh"
TLX,TALDI,ER,"Taldi Station Rd, West Bengal"
TKO,TAKKOLAM,SR,"Arakkonam, Tamil Nadu"
TEA,TAREGNA,ECR,"Taregna, Bihar"
TLMR,TELIAMURA,NFR,"Teliamura, Tripura"
TELY,TELIA,?,"Telia, Bihar"
SZ,SALAWAS,NWR,"Luni, Rajasthan"
TB,THARBITIA,ECR,"State Highway 76, Bihar"
TNGI,TUNGI HALT,?,"Bihar Sharif, Bihar"
TCN,TIRUCHENDUR,SR,"Tiruchchendur, Tamil Nadu"
TRG,TARIGHAT,ECR,"Ghazipur, Uttar Pradesh"
TKYR,TIKARIA,WCR,"MDR 11, Madhya Pradesh"
TLV,TALVADYA,WCR,"East Nimar, Madhya Pradesh"
TSD,TAHSIL BHADRA,NWR,"Bhadra, Rajasthan"
BLNK,BELANKI,CR,"Jath Rd, Maharashtra"
TR,TARU,SCR,"Rotegaon Railway Station, Maharashtra"
THJ,TALHERI BUZURG,NR,"SH 59, Uttar Pradesh"
TIA,TILAYA,ECR,"State Highway 8, Bihar"
TTR,TIPTUR,SWR,"Tiptur, Karnataka"
TK,TUMKUR,SWR,"Tumkur, Karnataka"
TUN,TOHANA,NR,"Tohana, Haryana"
TKC,THAKURKUCHI,NFR,"Hatisila, Assam"
TME,TUTI MELUR,SR,"Thoothukudi, Tamil Nadu"
TTB,TITABAR,NFR,"Titabor, Assam"
TKR,TAKARI,CR,"Sangli, Maharashtra"
TPE,TIRUCHIRAPPALLI PALAKKARAI,SR,"Tiruchirapalli, Tamil Nadu"
TPN,TAPONA,CR,"Tapona, Maharashtra"
TKLE,TIKANI,ER,"Tikani, Bihar"
TTP,TIRUTURAIPUDI JUNCTION,SR,"Thiruthuraipoondi, Tamil Nadu"
SRPR,SARUPSAR JN,NWR,"MDR 103, Rajasthan"
AYRN,AKSHAYWAT RAI NAGAR,ECR,"Vaishali, Bihar"
TLGP,TALGUPPA,SWR,"Talaguppa, Karnataka"
TWB,TALWANDI,NR,"Talwandi Bhai, Punjab"
TQL,THEH QALANDAR,NR,"State Highway 20, Punjab"
TGU,TARIGOPPULA,SCR,"Krishna, Andhra Pradesh"
THVM,THIVIM,KR,"North Goa, Goa"
TKE,TARIKERE JUNCTION,SWR,"Tarikere, Karnataka"
TOK,THOKUR,KR,"Mangalore, Karnataka"
TKOT,TOKKOTTU,SR,"Ullal, Karnataka"
TLY,THALASSERY,SR,"Kannur, Kerala"
TIR,TIRUR,SR,"Malappuram, Kerala"
TRMN,TARAMANI,SR,"Chennai, Tamil Nadu"
TGRL,TANGIRIAPAL,ECoR,"Orissa, Orissa"
THE,THAWE JUNCTION,NER,"Gopalganj, Bihar"
TNDE,THANESAR CITY,NR,"Haryana, Haryana"
TTW,TITWA,SECR,"Lamta, Madhya Pradesh"
TMZ,TAMLUK,SER,"Tamluk, West Bengal"
TLC,TALCHHAPAR,NWR,"Sujangarh, Rajasthan"
THR,THARA,NCR,"State Highway 2, Madhya Pradesh"
THEA,THALERA,WCR,"Talera, Rajasthan"
ALJ,ALAI,NER,"National Highway 74, Uttarakhand"
UDM,UNDASA MADHAWPU,WR,"State Highway 18, Madhya Pradesh"
TZR,TURKI ROAD,WCR,"Rewa, Madhya Pradesh"
UPI,UPLAI,CR,"State Highway 77, Maharashtra"
TOD,TALOD,WR,"Talod, Gujarat"
BNWC,BHIWANI CITY,NWR,"Bhiwani, Haryana"
TVR,THIRUVARUR JN,SR,"Thiruvarur, Tamil Nadu"
TPZ,TAPRI JN,NR,"Saharanpur, Uttar Pradesh"
UBR,UMBARGAM ROAD,WR,"Umbergaon, Gujarat"
TZTB,TEZPORE,NFR,"Tezpur, Assam"
UTL,UTARLAI,NWR,"Barmer, Rajasthan"
TYMR,TIRUVANMIYUR,SR,"Chennai, Tamil Nadu"
TPK,TIPKAI,NFR,"Dhubri, Assam"
TNM,TIRUVANNAMALAI,SR,"Thiruvannamalai, Tamil Nadu"
TVN,TIRUPPUVANAM,SR,"Tiruppuvanam, Tamil Nadu"
TVI,TARADEVI,NR,"Shimla, Himachal Pradesh"
TQN,TIKUNIA,NER,"Tikapur Municipality, Uttar Pradesh"
TYAE,TENYA,ER,"Tenya, West Bengal"
UMPD,UMARPADA,WR,"Umarpada to Jumavadi, Gujarat"
UNI,UNAI VANSADA ROAD,WR,"Gujarat, Gujarat"
AJU,ARJUNI,SECR,"Gondia, Maharashtra"
TPC,TIRUPPACHETTI,SR,"Thiruppachethi, Tamil Nadu"
TRN,TARAON,NER,"Tranav Railway Station, Uttar Pradesh"
TTZ,TUKAITHAD,SCR,"Akot, Maharashtra"
VB,VILLIYAMBAKKAM,SR,"State Highway 58, Tamil Nadu"
UCB,UNCHI BASSI,NR,"National Highway 1A, Punjab"
UJ,UJALVAV,WR,"State Highway 31, Gujarat"
TNKU,TANUKU,SCR,"131, Andhra Pradesh"
TNRU,TENNERU,SCR,"Manthena, Andhra Pradesh"
TRBE,TARABARI,NFR,"Nagaon, Assam"
TTLA,TETELIA,NFR,"Tetelia-Maloibari Rd, Assam"
UIH,UMARIA ISPA HALT,SECR,"Umaria Ispa, Madhya Pradesh"
ULA,UMRA NALA,SECR,"Umranala Station, Madhya Pradesh"
TXM,TANDAVAPURA,SWR,"Thandavapura, Karnataka"
TSL,TAKSAL,NR,"Parwanoo, Himachal Pradesh"
TWV,THUWAVI,WR,"SH 11, Gujarat"
TSK,TINSUKIA JUNCTION,NFR,"Tinsukia, Assam"
KDRP,KANDARPUR,ECoR,"Jagatsinghpur Rd, Orissa"
UB,USKA BAZAR,NER,"State Highway 1A, Uttar Pradesh"
UAM,UDAGAMANDALAM,SR,"Ooty, Tamil Nadu"
TPP,TOPPUR,SWR,"Dharmapuri, Tamil Nadu"
VDV,VADIYA DEVLI,WR,"Vadiya, Gujarat"
UKA,UKHRA,ER,"Ukhra, West Bengal"
UPR,USMANPUR,SCR,"D1, Maharashtra"
UCP,UCHIPPULI,SR,"Uchipuli, Tamil Nadu"
UHR,UNCHHERA,WCR,"Unchhera, Madhya Pradesh"
UMD,USMANABAD,CR,"National Highway 211, Maharashtra"
WGA,WAGHODA,CR,"East Nimar, Madhya Pradesh"
UGR,UGAR KHURD,SWR,"Belgaum, Karnataka"
VAE,VADALI,WR,"Vadali, Gujarat"
VASO,VASO,WR,"Rampur, Gujarat"
VDGN,VADGAON NILA,SCR,"State Highway 169, Maharashtra"
VDNP,BAIJNATH ANDOLI,ECR,"Baijnath Andoli, Bihar"
WHM,WASHIM,SCR,"Washim, Maharashtra"
VEP,VELPURU ROAD,SCR,"Station Rd, Andhra Pradesh"
UOI,UMROLI,WR,"Boisar, Maharashtra"
VLP,VILE PARLE,WR,"Mumbai, Maharashtra"
VLC,VELACHHA,WR,"SH 166, Gujarat"
VLN,VILEGAON,CR,"Vilegaon, Maharashtra"
VMM,VALARAMANIKKAM,SR,"State Highway 28, Tamil Nadu"
VRX,VARAHI,WR,"Banaskantha, Gujarat"
VOL,VIROL,WR,"Anand, Gujarat"
VAPI,VAPI,WR,"Valsad, Gujarat"
KRNH,KARANAHALLI,SWR,"Bangalore Honavar Rd, Karnataka"
UVD,UDVADA,WR,"Udvada, Gujarat"
UD,UDUPI,KR,"Udupi, Karnataka"
VLCY,VELACHERY,SR,"Chennai, Tamil Nadu"
VNN,BHANAUR,NR,"State Highway 36, Uttar Pradesh"
VDH,VEDCHHA,WR,"Navsari, Gujarat"
VAL,VADAL,WR,"Vadal, Gujarat"
VKA,VERKA JUNCTION,NR,"Amritsar, Punjab"
UKN,UKLANA,NR,"State Highway 2, Haryana"
VPN,VIDYAPATINAGAR,ECR,"Raod For VIDYAPATI DHAM, Bihar"
UPL,UPPALUR,SCR,"Krishna, Andhra Pradesh"
UNK,UNKAL,SWR,"Hubli, Karnataka"
ULL,ULLAL,SR,"Someshwar, Karnataka"
VTJ,VARTEJ,WR,"Bhavnagar, Gujarat"
UTN,UTTAR RADHANAGAR HALT,ER,"Sherpur Dhamua Rd, West Bengal"
VDKS,VADANAM KURUSSI HALT,SR,"Shornur Perinthalmanna Hwy, Kerala"
UNA,UNA,WR,"Una, Gujarat"
UHL,UNA HIMACHAL,NR,"Una, Himachal Pradesh"
UMH,UMRETH,WR,"Umreth, Gujarat"
UGU,UGU,NR,"Unnao, Uttar Pradesh"
VRH,VIRBHADRA,NR,"Rishikesh, Uttarakhand"
VSPR,BISHNUPRIYA,ER,"Nabadwip, West Bengal"
VRJ,VADAJ,WR,"State Highway 160, Gujarat"
VRKD,VARKHEDI,CR,"Jalgaon, Maharashtra"
VSI,VISHVAMITRI,WR,"Vadodara, Gujarat"
VEL,VELLANUR,SR,"Pudukkottai, Tamil Nadu"
YSI,YEDESHI,CR,"National Highway 211, Maharashtra"
VUL,VIRUL,CR,"Wardha, Maharashtra"
VLY,VALLIYUR,SR,"Vallioor, Tamil Nadu"
VT,VELLORE TOWN,SR,"Vellore - 632008, Tamil Nadu"
VKG,VAVADI KHURD,WR,"National Highway 59, Gujarat"
WDR,WADIARAM,SCR,"Telangana Region, Andhra Pradesh"
VKP,VARAKALPATTU,SR,"State Highway 9, Tamil Nadu"
VTV,VALANTARAVAL,SR,"National Highway 49, Tamil Nadu"
VQD,VIRAMDAD,WR,"Khambhalia-Dwarka (SH 6), Gujarat"
ABLE,AMBALE,CR,"Malshiras Rd, Maharashtra"
WRD,WARUDKHED,CR,"Wardha, Maharashtra"
VTN,VAITARNA,WR,"Thane, Maharashtra"
XBAC,BACHHARPUR HALT,ECR,"Bachharpur, Bihar"
VNR,DEVANUR,SWR,"National Highway 206, Karnataka"
VKNR,VALMIKINAGAR RD,ECR,"National Highway 28B, Bihar"
WH,WEST HILL,SR,"Calicut, Kerala"
VVV,VAVERA,WR,"Rajula-Vijapadi Rd, Gujarat"
VLA,BAVLA,WR,"Bavla, Gujarat"
CAPE,KANYAKUMARI,SR,"Kanyakumari, Tamil Nadu"
XSAD,SADIPUR HALT,?,", India"
VNB,VANIYAMBALAM,SR,"Vaniyambalam, Kerala"
VSU,BISHNUPUR,SER,"Bishnupur, West Bengal"
VLL,VELLAYIL,SR,"Calicut, Kerala"
VJK,VEJALKA,WR,"State Highway 38, Gujarat"
VRQ,VIRARAKKIYAM,SR,"Verarakiyam, Tamil Nadu"
ABR,ABU ROAD,NWR,"Sirohi Dist, Rajasthan"
ZKV,ZANKHVAV,WR,"SH 166, Gujarat"
YTL,YAVATMAL,CR,"Yavatmal, Maharashtra"
VPZ,VAILAPUZHA,SR,"Vallapuzha, Kerala"
VLDR,VALADAR,WR,"Junagadh, Gujarat"
BXA,BALOD,SECR,"Balod, Chhattisgarh"
YDK,YEDEKUMERI,SWR,"Yedukumeri Station, Karnataka"
VVM,VIRAVASARAM,SCR,"Palakollu, Andhra Pradesh"
VVD,VAVDI,WR,"State Highway 31, Gujarat"
YP,ERRUPALEM,SCR,"Yerrupalem, Andhra Pradesh"
AHD,AHERWADI,SWR,"Sholapur, Karnataka"
YGL,YELGUR,SCR,"Yelgur Station, Andhra Pradesh"
ALMR,ALAMPUR,WR,"State Highway 31, Gujarat"
WNG,WANEGAON,SCR,"Chudawa, Maharashtra"
WANI,WANI,CR,"Wani, Maharashtra"
BDM,BADAMI,SWR,"Bagalkot, Karnataka"
BGK,BAGALKOT,SWR,"Bagalkot, Karnataka"
AFR,ASAFPUR,NR,"Bijnor, Uttar Pradesh"
WJ,WALAJABAD,SR,"Walajabad, Tamil Nadu"
WSA,WADSA,SECR,"Chandrapur, Maharashtra"
BHTN,BHITONI,WCR,"Jabalpur, Madhya Pradesh"
AMA,ATAMANDA,NER,"State Highway 37, Uttar Pradesh"
ZPI,ZAMPINI,SCR,"Zampani, Andhra Pradesh"
AMVA,AMARAVILA HALT,SR,"Thiruvananthapuram, Kerala"
ACLE,AZIMGANJ CITY,ER,"Police Station Rd, West Bengal"
WSJ,WANSJALIYA,WR,"Tarsai - Vansjaliya, Gujarat"
AHU,AHIRAULI,NER,"State Highway 1A, Uttar Pradesh"
BAY,BELLARY JN,SWR,"Bellary, Karnataka"
ALB,ALIA BADA,WR,"Jamnagar, Gujarat"
ATRU,ATRU,WCR,"Atru, Rajasthan"
WZJ,WAZERGANJ,ECR,"Gaya, Bihar"
BIX,BHIND,NCR,"Bhind, Madhya Pradesh"
WKRC,WANKANER CITY,WR,"Wankaner, Gujarat"
BBMN,BARI BRAHMAN,NR,"Bari Brahmana, Jammu and Kashmir"
WENA,WENA,ECR,"Wena, Bihar"
WAB,BALWA,WR,"SH 126, Gujarat"
BLCA,BLOCK HUT BEAS,IR,", India"
ZB,ZAHIRABAD,SCR,"Dist. Medak, Andhra Pradesh"
ZP,ZARPUR PALI,NWR,"Road to Nangal Mala, Haryana"
BJN,BEJNAL,NWR,"Rajsamand, Rajasthan"
BGKT,BHAGAT KI KOTHI,NWR,"Jodhpur, Rajasthan"
KRNN,KARNAUTI HALT,IR,", India"
VXM,VELLIPALAYAM,SR,"Nagapattinam, Tamil Nadu"
AMDI,AMDI HALT,SECR,"Amadi, Maharashtra"
BISH,BISHENGARH,NWR,"Jalor, Rajasthan"
YDV,YADVENDRANAGAR,NER,"Yadvendranagar, Uttar Pradesh"
YDP,YEDAPALLI,SCR,"Telangana Region, Andhra Pradesh"
YEAM,YOGENDRA DHAM HALT,NER,"Yogendra Dham, Uttar Pradesh"
AKW,AKORA,NCR,"National Highway 86, Uttar Pradesh"
ALV,ANKLAV,WR,"Anklav, Gujarat"
BSS,BAHADUR SINGH WALA,NR,"SH 11, Punjab"
AZ,AZIMGANJ JN,ER,"Police Station Rd, West Bengal"
ARAG,ARAG,CR,"Jath Rd, Maharashtra"
BEU,BISHESHWARGANJ,NER,"Bisheshwarganj, Uttar Pradesh"
BSI,BASBARI,NFR,"Dhubri Kochugaon Rd, Assam"
BPR,BHOJIPURA JN,NER,"SH 37, Uttar Pradesh"
APD,ALIPUR DUAR,NFR,"Alipurduar, West Bengal"
BHX,BULLUANA,NR,"Balluana, Punjab"
BIM,BILIMORA JN,WR,"Bilimora, Gujarat"
BKC,BHIKAMKOR,NWR,"Jodhpur, Rajasthan"
BMO,BOLARUM,SCR,"Secunderabad, Andhra Pradesh"
BLZ,BUDHLADA,NR,"Budhlada, Punjab"
BHLK,BHALKI,SCR,"Bhalki, Karnataka"
BDU,BADNAPUR,SCR,"Jalna, Maharashtra"
BMQ,BHIMARLAI,NWR,"National Highway 112, Rajasthan"
BNP,BHANAPUR,SWR,"National Highway 63, Karnataka"
BLT,BALOTRA JN,NWR,"Balotra, Rajasthan"
BFV,BAHELIA BUZURG,NER,"Bahelia Buzurg, Uttar Pradesh"
BHBR,BATHUA BAZAR,NER,"Phulwaria, Uttar Pradesh"
BTKP,BHARAT KUP,NCR,"Chitrakoot, Uttar Pradesh"
BIK,BHIRA KHERI,NER,"Lakhimpur Kheri, Uttar Pradesh"
BAOL,BAOLI,NR,"Bagpat, Uttar Pradesh"
BTX,BELA TAL,NCR,"Chhatarpur, Uttar Pradesh"
BOM,BOMADRA,NWR,"Pali Marwar, Rajasthan"
BSPX,BANSPANI,SER,"National Highway 215, Orissa"
BIB,BIRPUR,NCR,"State Highway 2, Rajasthan"
ARU,ARASALU,SWR,"Arasalu, Karnataka"
MPC,MUTTAMPATTI,SWR,"Dharmapuri, Tamil Nadu"
BAJ,BHALEJ,WR,"Bhalej, Gujarat"
AWM,ASWAPURAM,SCR,"Sarapaka, Andhra Pradesh"
AVP,ABHANPUR JUNCTION,SECR,"Raipur, Chhattisgarh"
BDXX,BADE ARAPUR,ECoR,"Bade Arapur, Chhattisgarh"
BGRD,BELIAGHATA ROAD,ER,"State Highway 2, West Bengal"
ANI,AJANTI,WR,"East Nimar, Madhya Pradesh"
BUT,BAYTU,NWR,"State Highway 40, Rajasthan"
BMGA,BHIMGARA,ER,"Birbhum, West Bengal"
BLTR,BELTHARA ROAD,NER,"Belthara, Uttar Pradesh"
BKNG,BHAKTI NAGAR,WR,"Rajkot, Gujarat"
DEP,DEPALSAR,NWR,"Churu, Rajasthan"
BKD,BHANKODA,WR,"State Highway 138, Gujarat"
DHJ,DHINOJ,WR,"Dhinoj, Gujarat"
BCY,VARANASI CITY,NER,"Varanasi, Uttar Pradesh"
BNE,BOHANI,WCR,"Narsinghpur, Madhya Pradesh"
DDR,MUMBAI DADAR WEST,WR,"Mumbai, Maharashtra"
BNC,BANGALORE CANT,SWR,"Bengaluru, Karnataka"
BSPH,BISHANPUR HARYANA,NR,"Bishanpur, Haryana"
BQY,BELERHAT,ER,"State Highway 6, West Bengal"
DGW,DHIGAWARA,NWR,"Baswa, Rajasthan"
BXJ,BOKAJAN,NFR,"Bokajan, Assam"
BOJ,BHOJO,NFR,"Bhojo Railway Station, Assam"
BDTS,MUMBAI BANDRA TERMINUS,WR,"Mumbai, Maharashtra"
BLPR,BADULIPAR,NFR,"Badulipar, Assam"
BBC,BHACHHBAR,NWR,"State Highway 40, Rajasthan"
BNKJ,BANKE GANJ,NER,"Lakhimpur Kheri, Uttar Pradesh"
DIA,DIDWANA,NWR,"Didwana, Rajasthan"
BNV,BINNAGURI,NFR,"National Highway 31C, West Bengal"
DLO,DALGAON,NFR,"Birpara, West Bengal"
BOKO,BOKO,NFR,"National Highway 37, Assam"
DKX,DUDHWAKHARA,NWR,"National Highway 65, Rajasthan"
BRW,BARIWALA,NR,"Mandi Bariwala, Punjab"
BRAM,BALARAMAPURAM,SR,"Balaramapuram, Kerala"
CBU,CHINNA BABU SAMUDRAM,SR,"Villupuram, Tamil Nadu"
DKBJ,DAHAR KA BALAJI,NWR,"Jaipur, Rajasthan"
CAF,CHANDA FORT,SECR,"Chandrapur, Maharashtra"
BRMP,BIRAMITRAPUR,SER,"Birmitrapur, Orissa"
BJY,BANGALBAREE,NFR,"State Highway 10A, West Bengal"
DMW,DALMAU JUNCTION,NR,"Dalmau, Uttar Pradesh"
BRDT,BERIA DAULAT,NER,"National Highway 74, Uttarakhand"
DUM,DHAURMUI JAGHNA,WCR,"State Highway 33, Rajasthan"
ALK,ALAKKUDI,SR,"Alakudi, Tamil Nadu"
BHNS,BHANSI,ECoR,"Dhurli-Basenpur Rd, Chhattisgarh"
DY,DUMARIYA,WCR,"State Highway 1, Rajasthan"
GLNA,GULANA,NWR,"State Highway 25, Rajasthan"
BWR,BARWA SAGAR,NCR,"Jhansi(0510-2440441), Uttar Pradesh"
CDI,CHANDNI,CR,"East Nimar, Madhya Pradesh"
BUBT,BURAHA BHARTHA,NCR,"Buraha Bharthara, Uttar Pradesh"
GHG,GHAGGHAR,NR,"National Highway 22, Punjab"
GGR,GANGRAR,NWR,"Gangrar, Rajasthan"
DJA,DAOTUHAJA,NFR,"National Highway 54, Assam"
DHP,DICHPALLI,SCR,"Dichpalli, Andhra Pradesh"
DMA,DAMODAR JUNCTION,SER,"Bardhaman, West Bengal"
BYD,BYADGI,SWR,"National Highway 4, Karnataka"
ARCL,ARUNACHAL,NFR,"Cachar, Assam"
BZ,BHARUR,NR,"Sunam, Punjab"
GIN,GINIGERA,SWR,"Ginigera, Karnataka"
BVR,BANAVAR,SWR,"National Highway 234, Karnataka"
DPRA,DHUP DHARA,NFR,"National Highway 37, Assam"
DWR,DHARWAR,SWR,"Dharwad, Karnataka"
DNPR,DHANPURA,WR,"State Highway 133, Gujarat"
FKG,FURKATING JN,NFR,"K B Rd, Assam"
BWB,BAGWALI,NWR,"National Highway 64, Punjab"
BVP,BHAVANAGAR PARA,WR,"Bhavnagar, Gujarat"
BVC,BHAVNAGAR TERMINUS,WR,"Bhavnagar, Gujarat"
DOY,DORNAHALLI,SWR,"Dornahalli, Karnataka"
BXY,BORDHAL,CR,"Amla, Madhya Pradesh"
DGHA,DIGHA FLAG STATION,?,"State Highway 57, West Bengal"
KRNR,KRISHNARAJANAGARA,SWR,"Krishnarajanagara, Karnataka"
GTP,GHATPURI,NER,"State Highway 33, Uttar Pradesh"
DLX,DALIMGAON,NFR,"Dhankoil to Dalimgaoun, West Bengal"
BSLA,BHASILA,ER,"Bhasila Railway Station, West Bengal"
DJKR,DOLAJI KA KHERA,NWR,"Pali, Rajasthan"
GUU,GUNDRATIMADUGU,SCR,"Mahbuababad-Badrachalam Rd, Andhra Pradesh"
FSP,FATEH SINGHPURA,WCR,"State Highway 1, Rajasthan"
DRA,DULARIA,WCR,"Itarsi, Madhya Pradesh"
SKDM,SIKRODA MINA,IR,", India"
GNR,GADIGANURU,SWR,"Bellary, Karnataka"
DRSN,DHURWASIN,SECR,"Parasi, Madhya Pradesh"
GUP,GAURIPUR,NFR,"Gauripur, Assam"
GALE,GANKAR,ER,"Gankar, West Bengal"
HKL,HARKIA KHAL,WR,"State Highway 31, Rajasthan"
GDPL,GUNDLA POCHAMPALLI,SCR,"Rangareddy, Andhra Pradesh"
FLM,FALIMARI,NFR,"Falimari, West Bengal"
J,JALNA,SCR,"Jalna, Maharashtra"
JGD,JAGADISHPUR,ER,"Jagadishpur, Jharkhand"
GTWD,GHATWAD,WR,"Junagadh, Gujarat"
GNB,JNANA BHARTI HALT,SWR,"Mysore Road Bengaluru, Karnataka"
GHNA,GOHANA,NR,"Gohana, Haryana"
DWI,DINGWAHI,NCR,"National Highway 76, Uttar Pradesh"
GLBN,GUJRAN BALWA,NR,"State Highway 57, Uttar Pradesh"
DSR,DHANSIRI,NFR,"Bridge, Nagaland"
GK,GOLA GOKARANATH,NER,"Gola, Uttar Pradesh"
DZA,DASUYA,NR,"Dasuya, Punjab"
SRPJ,SWARUPGANJ,NWR,"Sirohi Road, Rajasthan"
HNS,HANSI,NWR,"Hissar, Haryana"
HYL,HADYAL,NWR,"MDR 97, Rajasthan"
GDO,GOVERDHAN,NCR,"Mathura District, Uttar Pradesh"
JBS,JADOLI KA BAS,NCR,"Alwar, Rajasthan"
FZP,FIROZPUR CITY,NR,"Firozpur, Punjab"
EKN,EZHUKONE,SR,"Kollam-Tirumangalam Rd, Kerala"
GSR,GARHSHANKAR,NR,"Garhshankar, Punjab"
GOPA,GHOSIPURA,NCR,"Gwalior, Madhya Pradesh"
URGA,URGA,SECR,"Korba, Chhattisgarh"
GGV,GHOVARASH GHONA,ER,"Ghoraras Ghona, West Bengal"
GRMR,GARHI MANIKPUR,NR,"Garhi Manikpur, Uttar Pradesh"
DTQ,DANTARDA KALAN,NCR,"State Highway 6, Madhya Pradesh"
JLQ,JALPUR,?,"MDR 65W, Uttar Pradesh"
HRV,HARRAD,SECR,"Shahdol, Madhya Pradesh"
HRNR,HIRA NAGAR,NR,"Hiranagar, Jammu and Kashmir"
JKM,JANKAMPET JN,SCR,"Nizamabad, Andhra Pradesh"
JOC,JOYCHANDI PAHAR,SER,"Purulia, West Bengal"
HIR,HARINAGAR,ECR,"Ramnagar, Bihar"
JCNR,JUCHANDRA,CR,"NH 8, Maharashtra"
JKNI,JHARKHANDI,NER,"MDR 10E, Uttar Pradesh"
HAD,HARIPPAD,SR,"Haripad 0479-2412714, Kerala"
HMPR,HURMUJPUR HALT,CR,"Maharashtra, Maharashtra"
JIL,JALILA ROAD,WR,"Botad, Gujarat"
ITE,INTIYATHOK,NER,"MDR 10E, Uttar Pradesh"
JALD,JALIYA DEVANI,WR,"Ranuja Village Rd, Gujarat"
KDQ,KADIPUR,NER,"National Highway 29, Uttar Pradesh"
IDGJ,IRADATGANJ,NCR,"Allahabad, Uttar Pradesh"
HM,HADMATIYA JN,WR,"State Highway 98, Gujarat"
JGE,JAGANNATH TEMPLE GATE,SR,"Mahe, Kerala"
HATI,HATI,WCR,"MDR 11, Madhya Pradesh"
HLK,HOLALKERE,SWR,"National Highway 13, Karnataka"
JSV,JARANDESHWAR,CR,"SH 61, Maharashtra"
KCI,KALLKIRI,SCR,"Punganur Rd, Andhra Pradesh"
KRNU,KONANUR,SWR,"Nanjungudu-Chamarajanagara Rd, Karnataka"
KEX,KHEKRA,NR,"Tronica City, Uttar Pradesh"
SWNI,SIWANI,NWR,"National Highway 65, Rajasthan"
JRT,JARTI,?,"Jarti Station, Orissa"
HDK,HANDIA KHAS,NER,"Handia, Uttar Pradesh"
JJP,JHANJHARPUR,?,"Madhubani, Bihar"
JRKN,JORKIAN,NWR,"Hanumangarh, Rajasthan"
KCV,KRISHNACHANDRAPUR,SER,"Mayurbhanj, Orissa"
JSC,JALESAR CITY,NCR,"Jalesar, Uttar Pradesh"
HRO,HARUA ROAD,ER,"Harua Road Railway Station, West Bengal"
ASTG,ASTEGAON,IR,", India"
IKR,IKLEHRA,CR,"Dongar Parasia, Madhya Pradesh"
JKZ,JITAKHERI,?,"Bhiwani, Haryana"
HHT,HABANGHATA,SWR,"Habanghata, Karnataka"
KLM,KADLIMATTI,SWR,"State Highway 20, Karnataka"
KDHA,KARCHHA,WR,"State Highway 18, Madhya Pradesh"
KDF,KHUNDAUR,NR,"Ramapur Railway Station, Uttar Pradesh"
KJU,KUNTIGHAT,ER,"Kuntighat Railway Station, West Bengal"
KTPK,KOTHA PAKKI,NR,"National Highway 15, Rajasthan"
KLWL,KILANWALI PUNJAB,NR,"National Highway 15, Punjab"
KHRS,KHARESHWAR ROAD,WR,"State Highway 7, Gujarat"
KCP,KALGUPUR,SCR,"Hulsoor, Karnataka"
KJTW,KAJGAON TERHWAN,NR,"Kajgaon, Uttar Pradesh"
KIP,KHALILPUR,NR,"State Highway 26, Haryana"
KHU,KHURHAND,NCR,"Atarra, Uttar Pradesh"
KAW,KHAJRI,WCR,"Shivpuri, Madhya Pradesh"
KOV,KIRLOSKARVADI,CR,"Sangli, Maharashtra"
KDJR,KENDUJHARGARH,ECoR,"Kendujhar, Orissa"
TKRA,TIKRA PH,?,"State Highway 4, West Bengal"
KHMA,KHATIMA,NER,"Khatima, Uttarakhand"
KRW,KHARWA,NWR,"Ajmer, Rajasthan"
KMDR,KARIMUDDIN PUR,NER,"Karimdinpur, Uttar Pradesh"
KRD,KARAD,CR,"Satara, Maharashtra"
KMAH,KAMATHE,KR,"Maharashtra, Maharashtra"
KLDI,KALDHARI,SCR,"Kaldhari Main Rd, Andhra Pradesh"
KMP,KAMLAPUR,NER,"Kamalpur, Uttar Pradesh"
KN,KADALUNDI,SR,"Kozhikode district, Kerala"
KFK,KATKA,NER,"Mirzapur, Uttar Pradesh"
KKLU,KAKLUR,ECoR,"Kaklur, Chhattisgarh"
JVL,JAMWALA,WR,"Junagadh, Gujarat"
KOF,MARWAR KORI,NWR,"Jalor, Rajasthan"
JTV,JETALVAD,WR,"Junagadh, Gujarat"
KLSX,KAULSERI,NR,"Sherpur Sodhian, Punjab"
KNJ,KRISHNANAGAR CITY JUNCTION,ER,"Krishnanagar, West Bengal"
KTK,KYATANEAKERI RD,SWR,"Bijapur, Karnataka"
LNK,LOHIAN KHAS JN,NR,"Malsian Rd, Punjab"
LSD,LUSADIYA,NWR,"Lusadiya, Gujarat"
SPPR,SHUDNIPUR,NR,"State Highway 5, Uttar Pradesh"
LGT,LANGTING,NFR,"Langting, Assam"
KRR,KARUR,SR,"Karur, Tamil Nadu"
KWMD,KUMBHAWAS MUNDA,NR,"Kumbhawas, Haryana"
KU,KULIKARAI,SR,"Thiruvarur - Mannargudi Rd, Tamil Nadu"
KRTL,KARTAULI,NER,"State Highway 33, Uttar Pradesh"
KUND,KUND,NWR,"State Highway 26, Haryana"
MCQ,MIRCHADHORI,ECR,"National Highway 75, Madhya Pradesh"
BDO,BAHALDA ROAD,SER,"Mayurbhanj, Orissa"
KSNR,KHUSHAL NAGAR,NER,"Ghughli Bazar, Uttar Pradesh"
KYNT,KALYANKOT,NWR,"Kalyankot, Rajasthan"
LXR,LUNSERIYA,WR,"State Highway 113, Gujarat"
LP,LALAPET,SR,"NH 67, Tamil Nadu"
KQL,KANDHLA,NR,"MDR 22W, Uttar Pradesh"
KZI,KHANDRAWALI,NR,"State Highway 57, Uttar Pradesh"
KXL,KAMARBANDHA ALI,NFR,"K B Rd, Assam"
LGH,LALGARH JN,NWR,"Bikaner, Rajasthan"
LH,LAHING,NFR,"Mudoijan, Assam"
KRKD,KARAKKAD,SR,"Kondayur Rd, Kerala"
LMP,LAKHIMPUR,NER,"Lakhimpur, Uttar Pradesh"
MBB,MURSHIDABAD,ER,"Berhampore, West Bengal"
KUX,KHIRSADOH JUNCTION,CR,"Chhindwara, Madhya Pradesh"
KWGN,KAWARGAON,ECoR,"Kawargaon, Chhattisgarh"
LBW,LAIBURWA HALT,NER,"Laiburwa, Uttar Pradesh"
MLGH,MANDALGARH,WCR,"Mandalgarh, Rajasthan"
LAU,LADNUN,NWR,"Ladnun, Rajasthan"
MLKA,MALUKA,SER,"Jaipur, Jharkhand"
MLZ,MALARNA,WCR,"Sawai Madhopur, Rajasthan"
MPJ,MADANPUR,ER,"Madanpur, West Bengal"
MPT,MANGALAMPETA,SCR,"Naravari Palle Rd, Andhra Pradesh"
MCV,MACHARYA,NR,"Kundarkhi, Uttar Pradesh"
MDSA,MODASA,WR,"way to railwaystation, Gujarat"
MFJ,MUFTIGANJ,NER,"Jaunpur, Uttar Pradesh"
MOMU,MOLAKALMURU,SWR,"State Highway 19, Karnataka"
MOT,MALOUT,NR,"Malaut, Punjab"
MMP,MAMBALAPPATTU JN,SR,"Mambalapattu, Tamil Nadu"
MFX,MADARAHA,NCR,"National Highway 76, Uttar Pradesh"
MJHR,MAJHIARI,NCR,"National Highway 76, Uttar Pradesh"
MJG,MAJHAGAWAN,WCR,"Majhgawa, Madhya Pradesh"
MQZ,MOTA JADRA,WR,"Mota Jadra Rd, Gujarat"
MNKN,MANIKALAN HALT,NR,"Nawab Yousuf Rd, Uttar Pradesh"
MOG,MOHIUDDINNAGAR,ECR,"Samastipur, Bihar"
MGC,MUGAT,SCR,"Nanded, Maharashtra"
MVI,MORBI,WR,"Morbi, Gujarat"
MOB,MANOHARABAD,SCR,"Medak, Andhra Pradesh"
MLW,MALLANWAN,NR,"Mallawan, Uttar Pradesh"
MPN,MADHYAMPUR,ER,"Madhyampur Railway Station, West Bengal"
MDLL,MUDDALINGAHALLI,SWR,"NH 207, Karnataka"
MAQ,MANGALORE CNTL,SR,"Mangalore, Karnataka"
MBP,MOHIBULLAPUR,NER,"Aliganj, Uttar Pradesh"
MANW,MANWA,NER,"Manwa, Uttar Pradesh"
MGLP,MANGOLPURI,NR,"Outter Ring Rd, Delhi NCT"
MLAR,MALANPUR,NCR,"National Highway 3, Madhya Pradesh"
MHF,MOHARI JUNCTION,NCR,"State Highway 43, Rajasthan"
MEJ,VANCHIMANIYACHI,SR,"Thoothukudi, Tamil Nadu"
MTPR,RAIMEHATPUR,NR,"Mehatpur, Himachal Pradesh"
MNSR,MANAKSAR,NWR,"Hanumangarh, Rajasthan"
MRZA,MIRZA,NFR,"National Highway 37, Assam"
MJ,MARWAR JN,NWR,"Marwar Junction, Rajasthan"
MRDD,MORDAR,SCR,"Khandwa, Madhya Pradesh"
MWK,MORDAD TANDA,CR,"State Highway 22, Maharashtra"
MHRG,MAHENDRAGARH,NWR,"Mahendragarh, Haryana"
MUV,MANDUADIH,NER,"Varanasi, Uttar Pradesh"
MKT,MUKHTIAR BALWAR,WR,"SH 27, Madhya Pradesh"
MEKM,MELAKKONNAKKULAM,SR,"National Highway 226, Tamil Nadu"
MJZ,MAJHOLA PAKARYA,NER,"State Hiughway 29, Uttarakhand"
MGWD,MAHNGARWAL DOABA,NR,"Mahngarwal Doaba, Punjab"
MKM,MARIKUPPAM,SWR,"Kolar Gold Fields, Karnataka"
MVW,MALLIVIDU,ECoR,"Coastal Andhra Region, Andhra Pradesh"
MYD,MANDERDISA,NFR,"Diakkawn Rd, Assam"
NKD,NEKONDA,SCR,"Nekkonda, Andhra Pradesh"
NRNR,NURNAGAR,NR,"Meerut, Uttar Pradesh"
PBW,PANTNAGAR,NER,"Pantnagar, Uttarakhand"
NDBT,NANDPUR BHATAULI,NR,"Nandpur Bhatauli, Himachal Pradesh"
NRVR,NARAINA VIHAR,NR,"Inderpuri, Delhi NCT"
MXR,MAHUR,NFR,"North Cachar Hills, Assam"
MZGI,MANZURGARHI,NCR,"Aligarh, Uttar Pradesh"
SURI,SIURI,ER,"Siuri, West Bengal"
MTA,MATHELA,WCR,"East Nimar, Madhya Pradesh"
NLI,NAMLI,WR,"Namli, Madhya Pradesh"
NBH,NIMBAHERA,WR,"Nimbahera, Rajasthan"
NNE,NONERA,NCR,"National Highway 92, Madhya Pradesh"
NCJ,NAGERCOIL JN,SR,"Nagercoil, Tamil Nadu"
NB,NIMBHORA,CR,"Jalgaon, Maharashtra"
NEW,NIVARI,NCR,"Jhansi, Uttar Pradesh"
RSWN,RAMESHWAR NAGAR,IR,", India"
NVF,NAGAVANGALA,SWR,"Melanahalli Rd, Karnataka"
MZA,MEZENGA S,NFR,"Nazira Ali, Assam"
NWH,NAWALGARH,NWR,"Jhunjhunu, Rajasthan"
NHK,NAHARKATIYA,NFR,"Naharkatiya, Assam"
NDW,NADWAN,ECR,"National Highway 83, Bihar"
MUGR,MANUGURU,SCR,"Telangana Region, Andhra Pradesh"
NNNL,NANDANI LAGUNIA,ECR,"Mahnar Bhartendunagar Rd, Bihar"
MTNL,MUTTARASANALLUR,SR,"Nagappattinam - Gundlupet Road(Vandikara Street), Tamil Nadu"
NRI,NARAINA,NWR,"Ajmer, Rajasthan"
NIDI,NIDI,CR,"Roha, Maharashtra"
NTU,NIGATPUR,NER,"Mirzapur, Uttar Pradesh"
NIV,NIVASAR,KR,"Ratnagiri, Maharashtra"
PDD,PADUBIDRI,KR,"Muloor, Karnataka"
NBU,NARASAMBUDHI,SWR,"Nanjangud Taluk, Karnataka"
NAG,NAGARGALI,SWR,"State Highway 34, Karnataka"
NGW,NAUGANWAN,WR,"Ratlam, Madhya Pradesh"
NUH,NAUGARH,NER,"Naugarh, Uttar Pradesh"
PDPH,PADAPAHAR JUNCTION,SER,"National Highway 215, Jharkhand"
NIP,NIZAMPUR,NWR,"Nizampur, Rajasthan"
PPY,PAPATAPALLI,SCR,"GUDURU PADU, Andhra Pradesh"
PHRH,PANCH RUKHI,NR,"National Highway 20, Himachal Pradesh"
PUL,RAMPURA PHUL,NR,"Rampura Phul, Punjab"
RBGJ,ROBERTS GANJ,NCR,"Robertsganj, Uttar Pradesh"
POKL,PEOKOL,NER,"Deoria, Uttar Pradesh"
RDD,RIKHABDEV ROAD,NWR,"Kalyanpur, Rajasthan"
PPC,PIPRAICH,NER,"Gorakhpur Bypass, Uttar Pradesh"
RGO,ROTEGAON,SCR,"Aurangabad, Maharashtra"
RMJK,RAM NAGAR J K,NR,"Jandrah, Jammu and Kashmir"
PRL,POLUR,SR,"Polur, Tamil Nadu"
PMKT,PIMPALKHUTI,CR,"Pimpalkhuti, Maharashtra"
PRT,PANRUTI,SR,"Panruti, Tamil Nadu"
PAD,PARDI,WR,"Valsad, Gujarat"
PFM,PHAPHAMAU JN,NR,"Phaphamau, Uttar Pradesh"
PDV,PANDARAVADAI,SR,"Rajagiri, Tamil Nadu"
PNHI,PANHAI,NCR,"Manikpur, Uttar Pradesh"
NWMS,NOAPARA MAHISHA,ER,"Sagardighi Railway Station, West Bengal"
PNB,PANBARI,NFR,"Chandrapur, Assam"
ODB,OODLABARI,NFR,"Udlabari, West Bengal"
PNU,PALANPUR JN,WR,"Palanpur, Gujarat"
PLSG,PALASINGI,ECoR,"Palasingi, Andhra Pradesh"
PUX,PARASIA,CR,"Dongar Parasia, Madhya Pradesh"
PKQ,PATTIKKAD,SR,"Pattikad, Kerala"
PDSN,PEDDASANA,ECoR,"National Highway 5, Andhra Pradesh"
PTD,PETLAD JUNCTION,WR,"Petlad, Gujarat"
PCLI,PALACHAURI,CR,"Dongar Parasia, Madhya Pradesh"
PLA,PALIA,WR,"Indore, Madhya Pradesh"
SB04,MANA,?,"Mana, Chhattisgarh"
RHN,ROSHANPUR,NER,"Tanda, Uttar Pradesh"
RNT,RANTHAMBHORE,WCR,"MDR 111, Rajasthan"
SAGM,SAGMA,WCR,"Satna, Madhya Pradesh"
RUI,RUKNI,SER,"Purulia, West Bengal"
RV,RAVER,CR,"Jalgaon, Maharashtra"
SBV,SIMRI BHAKHTIYARPUR,ECR,"Simri Bakhtiarpur, Bihar"
RJW,RAJEVADI,CR,"Malshiras Rd, Maharashtra"
KMM,KANNAMANGALAM,IR,", India"
SDHR,SANDHANIDHAR,WR,"Junagadh, Gujarat"
SAHP,SAHIJPUR,WR,"National Highway 8, Gujarat"
RMRB,RAMNAGAR BENGAL,?,"Egra Ramnagar Rd, West Bengal"
SGF,SANGAT,NWR,"National Highway 64, Punjab"
SAC,SANICHARA,NCR,"National Highway 3, Madhya Pradesh"
RORA,RORA,NCR,"Jhansi, Uttar Pradesh"
SAPE,SAPE WAMNE,KR,"SH 70, Maharashtra"
RJS,RAJIYASAR,NWR,"Biradhwal, Rajasthan"
SET,SETTIHALLY,SWR,"Bangalore-Mysore Rd, Karnataka"
RMF,RAMNA,ECR,"Dist. Garhwa, Jharkhand"
SGKM,SRUNGAVRUKSHAM,SCR,"Srungavruksham, Andhra Pradesh"
RGA,RAJGODA,SER,"Rajgoda /RGA Railway Station, West Bengal"
RVK,RAJA BHAT KHAWA,NFR,"Rajabhat Khawa, West Bengal"
RTB,RAJA TALAB,NER,"Mirzapur, Uttar Pradesh"
PYD,PALLIYADI,SR,"Kanyakumari, Tamil Nadu"
SASG,SASAN GIR,WR,"SH 111, Gujarat"
SGV,SARGACHHI,ER,"Sargachhi, West Bengal"
RJL,RAJMAHAL,ER,"State Highway 10, Jharkhand"
RS,RISIA,NER,"Risia Railway Station, Uttar Pradesh"
RCA,RENTACHINTALA,SCR,"Guntur, Andhra Pradesh"
RAK,RAMKOT,NR,"Ramkot, Uttar Pradesh"
PXR,PALPARA,ER,"National Highway 34, West Bengal"
SDGH,SRI DUNGARGARH,NWR,"Churu, Rajasthan"
SCE,SENCHOA JUNCTION,NFR,"Senchoa, Assam"
SBL,SABALGARH,NCR,"Sabalgarh, Madhya Pradesh"
SKJ,SAHIBPUR KAMAL JN,ECR,"National Highway 31, Bihar"
SRM,SARNA,NR,"National Highway 15, Punjab"
SRW,SHRI KARANPUR,NWR,"State Highway 7B, Rajasthan"
SKX,SARKARA,NER,"National Highway 74, Uttarakhand"
SMP,SHAMBHUPURA,WR,"Shambhupura, Rajasthan"
SUX,SUDIYUR,SR,"Madurai-Rameshwaram Rd, Tamil Nadu"
SNRR,SANSARPUR,WCR,"National Highway 7, Madhya Pradesh"
SVD,SARWARI,SCR,"Ranjani, Maharashtra"
SZK,SUR KHAND KA KHEDA,NWR,"Kejed, Rajasthan"
STZ,SATRAON,NER,"Deoria, Uttar Pradesh"
SPLE,SUJNIPARA,ER,"National Highway 34, West Bengal"
CHOK,CHOWK,IR,", India"
SRT,SATUR,SR,"Sattur, Tamil Nadu"
APRH,ALEHPUR HALT,IR,", India"
SOAE,SOMRA BAZAR,ER,"State Highway 6, West Bengal"
SJQ,SURAJPUR ROAD,SECR,"Surajpur, Chhattisgarh"
SR,SABLI ROAD,WR,"State Highway 17, Gujarat"
SOL,SOLAN,NR,"Solan, Himachal Pradesh"
SGRR,SANGAR,NR,"Jammu Cantt, Jammu and Kashmir"
SMF,SAMAR GOPALPUR,NR,"NH 71, Haryana"
STP,SITAPUR,NER,"Sitapur, Uttar Pradesh"
STDR,SATADHAR,WR,"Junagadh, Gujarat"
SJF,SAJANVAR ROAD,WR,"MDR, Gujarat"
SHH,SHAPUR JN,WR,"Vanthali-Shapur(Sorath) Rd, Gujarat"
SMX,SIMURALI,ER,"Chakdaha, West Bengal"
SNAR,SRINAGAR RAJASTHAN,WCR,"Rd, Rajasthan"
SMNE,SOMTANE,CR,"Kolkhe Village, Maharashtra"
SRGT,SURENDRANAGAR GATE,WR,"Surendranagar, Gujarat"
SWV,SAWANTWADI ROAD,KR,"SH123, Maharashtra"
SIM,SHRI AMIRGADH,NWR,"Amirgadh, Rajasthan"
SLHA,SALHANA,WCR,"State Highway 10, Madhya Pradesh"
SRMT,SIRMUTTRA,NCR,"Sir Mathura, Rajasthan"
SLM,SOMALAPURAM,SWR,"Anantapur Rd, Andhra Pradesh"
SNMY,SINDRI MARSHALLING YARD,ECR,"Pathardih, Jharkhand"
SRSL,SIRSALA,NWR,"National Highway 65, Rajasthan"
SGPA,SUGAPAHARI,ER,"Madhupur, Jharkhand"
SVO,SANVRAD,NWR,"Didwana, Rajasthan"
SJV,SANJHAULI HALT,ECR,"State Highway 12, Bihar"
SNZ,SHERGANJ,NER,"Sherganj, Uttar Pradesh"
SMET,SHIMOGA TOWN,SWR,"Shimoga, Karnataka"
SSNR,SATSANG NAGAR HALT,ER,"Deoghar, Jharkhand"
SKSO,SIKOSA,SECR,"Sikosa, Chhattisgarh"
TIL,TILRATH,ECR,"NH 31, Bihar"
UMM,UMRAM,SCR,"Sitagondi, Andhra Pradesh"
TDR,TIRUVIDAIMARUTHUR,SR,"Thiruvidaimaruthur, Tamil Nadu"
TKH,THAKURTOLA,SER,"Mayurbhanj, Orissa"
TRPL,TRIPAL HALT,NR,"Tripal, Himachal Pradesh"
TLRA,TALARA,NR,"Raja-ka-Talab, Himachal Pradesh"
TMD,TALMADLA,SCR,"Telangana Region, Andhra Pradesh"
BHKL,BHAKRAULI,NR,"State Highway 39, Uttar Pradesh"
TRWT,TARAVATA,WCR,"Guna, Madhya Pradesh"
WKR,WANKANER JN,WR,"Wankaner, Gujarat"
SWE,SIWAITH,NR,"Prayag, Uttar Pradesh"
TGE,THEKERAGURI,NFR,"Ahotguri, Assam"
TSAH,TATA SIJUA HALT,SER,"Sijua, Jharkhand"
TGL,TUGGALI,SCR,"Kurnool, Andhra Pradesh"
UBL,HUBLI JN,SWR,"Hubli, Karnataka"
TID,TAGDI,WR,"Tagadi, Gujarat"
ARGP,ARALAGUPPE,SWR,"State Highway 74, Karnataka"
UCA,UCHANA,NR,"District Jind, Haryana"
TAK,TARAKESWAR,ER,"Tarkeshwar, West Bengal"
UMN,AMBLIYASAN,WR,"Mehsana, Gujarat"
SZP,SHAHJAHANPUR,NER,"Shahjahanpur, Uttar Pradesh"
TTQ,THATHANKULAM,SR,"Thoothukudi, Tamil Nadu"
TJH,TAJGADH,WR,"Vadodara, Gujarat"
UKC,UKSHI,KR,"Maharashtra, Maharashtra"
UAA,UPPALA,SR,"Kasaragod, Kerala"
TKQ,TRIKARPUR,SR,"Kannur District, Kerala"
VAPM,VALAPATTANAM,SR,"Kannur District, Kerala"
TUNG,TUNG,NFR,"NH 55, West Bengal"
TKT,TIKKOTTI,SR,"Thikkodi, Kerala"
UGWE,UGWE,SCR,"State Highway 204, Maharashtra"
TRDI,TIRODI,SECR,"Balaghat, Madhya Pradesh"
TQA,TAKIA,NR,"State Highway 38, Uttar Pradesh"
TPU,TANAKPUR,NER,"Tanakpur, Uttarakhand"
DHL,DEVANHALLI,SWR,"Near Bellary Road Bangalore Rural Dt., Karnataka"
TAV,TALALA JUNCTION,WR,"Junagadh, Gujarat"
TPO,TANTPUR,NCR,"Tantpur, Rajasthan"
THKU,THALLAK,SWR,"Bellary-Hiriyur Rd, Karnataka"
VD,VAGDIYA,WR,"State Highway 113, Gujarat"
YGA,YERRA GOPPA HALT,SWR,"Yerra Goppa, Karnataka"
AGQ,ASIRGARH ROAD,CR,"State Highway 27, Madhya Pradesh"
AA,ATARIA,NER,"Sitapur National Highway 24, Uttar Pradesh"
WSD,WASUD,CR,"solapur, Maharashtra"
AED,AULENDA,NCR,"Kiraoli, Uttar Pradesh"
ARH,AMHERA,NR,"Amhera, Uttar Pradesh"
SWDE,SIWAHA,NR,"Jind, Haryana"
BHWA,BECHHIWARA,NWR,"Bichhiwara, Rajasthan"
VRV,VIRAVADA,NWR,"National Highway 8, Gujarat"
YLG,YALVIGI,SWR,"Yalvigi, Karnataka"
ADHL,ADIHALLI,SWR,"National Highway 206, Karnataka"
WRGN,WARIGAON NEWADA,NR,"Warigaon, Uttar Pradesh"
APTA,APTA,CR,"Raigad, Maharashtra"
WC,WADHWAN CITY,WR,"Surendranagar, Gujarat"
ADRA,ADRA JN,SER,"Purulia.Div HQ SER, West Bengal"
AKOT,AKOT,SCR,"Akola, Maharashtra"
BHUJ,BHUJ,WR,"Bhuj, Gujarat"
VLI,VALLIKUNNU,SR,"Vallikkunnu, Kerala"
ATRR,ATRAURA,NER,"Handia, Uttar Pradesh"
VPU,VELPURU,SCR,"Velupuru, Andhra Pradesh"
VJPJ,VIJAYPUR JAMMU,NR,"Gadwal, Jammu and Kashmir"
ZNP,ZINDPURA,NER,"State Highway 29, Uttar Pradesh"
BHRL,BHAROLI JUNCTION,NR,"Bharoli, Punjab"
PQT,PUNIYAVANT,WR,"Vadodara, Gujarat"
VRA,VALAVANUR,SR,"Vallavanur, Tamil Nadu"
XBKJ,BIKRAMGANJ,ECR,"Bikramganj, Bihar"
VTG,BHETAGURI,NFR,"Bhetaguri, West Bengal"
ATKS,ATWA KURSATH,NR,"Atwa Kursath, Uttar Pradesh"
WDJ,WANDERJATANA,NR,"State Highway 16, Punjab"
AMI,AMRAVATI,CR,"Amravati, Maharashtra"
BIPR,BHEEMPURA,NWR,"Jalor, Rajasthan"
ARP,ATRAMPUR,NR,"Atrampur Railway Station, Uttar Pradesh"
WEL,WELLINGTON,SR,"Wellington, Tamil Nadu"
ARKA,ARKHA,NR,"Lucknow Allahabad Rd, Uttar Pradesh"
BAMA,BIRAMBAD,NCR,"Dumariya, Rajasthan"
AUR,ATRAULI ROAD,NR,"Dibai, Uttar Pradesh"
BCB,BHOWRA JUNCTION,SER,"KUSTORE, Jharkhand"
BHBK,BODHADI BUJRUG,SCR,"Kinwat, Maharashtra"
BDHA,BADHADA,WR,"Badhada, Gujarat"
BHET,BHESTAN,WR,"Surat, Gujarat"
BFZ,BHANDARTIKURI,ER,"State Highway 6, West Bengal"
BATL,BAIHATOLA,SECR,"Boridand, Madhya Pradesh"
BGQ,BHONGAON,NCR,"Mainpuri, Uttar Pradesh"
BGHU,BORRAGUHALLU,ECoR,"Way to Rly Station, Andhra Pradesh"
BELD,BELKHERA,WCR,"State Highway 22, Madhya Pradesh"
BIF,BHAIRONPUR,WCR,"State Highway 15, Madhya Pradesh"
BAU,BURHANPUR,CR,"Burhanpur, Madhya Pradesh"
BJK,BIJORA,WCR,"Antah, Rajasthan"
BDT,BORDUBI ROAD,NFR,"Madhubon to Naoholia Rd, Assam"
BPRS,BHOGPUR SIRWAL,NR,"Bhogpur, Punjab"
BIP,BAHILPURWA,NCR,"National Highway 76, Uttar Pradesh"
BGWD,BAGEWADI,SWR,"Gokak TQ, Karnataka"
BGAN,BANGAIN,NER,"Bangain, Uttar Pradesh"
BID,BIDADI,SWR,"Bengaluru District, Karnataka"
BNDI,BARUNDINI,WCR,"National Highway 76, Rajasthan"
BDCR,BHADRACHALAM ROAD,SCR,"Kottagudem, Andhra Pradesh"
KISN,KALISEN,IR,", India"
AYU,ABHAYAPURI ASSAM,NFR,"Abhayapuri, Assam"
BFT,BHABTA,ER,"Bhabta, West Bengal"
BHLP,BHULANPUR,NER,"Varanasi, Uttar Pradesh"
BAHP,BAND HAMIRPUR,NR,"State Highway 38, Uttar Pradesh"
BLSD,BALSAMAND,NWR,"Didwana, Rajasthan"
BEE,BEBEJIA,NFR,"National Highway 37, Assam"
BAA,BARALA,ER,"Murshidabad District, West Bengal"
BDZ,BADKULLA,ER,"State Highway 11, West Bengal"
BIGA,BIGGA,NWR,"National Highway 11, Rajasthan"
BAYD,BEYAD,WR,"Sabarkantha, Gujarat"
BBLA,BHYABLA HALT,ER,"Basirhat, West Bengal"
BHAN,BHOYANI,WR,"State Highway 133, Gujarat"
BK,BAKRA ROAD,NWR,"Jalor, Rajasthan"
BBJ,BABAGANJ,NER,"Babaganj, Uttar Pradesh"
BBT,BIRATI,ER,"Kolkata, West Bengal"
AWH,ALEWAHI,SECR,"Palasgaon, Maharashtra"
BDMA,BUDHMA,ECR,"National Highway 107, Bihar"
BGLI,BARGOLAI,NFR,"Ledo, Assam"
BLAX,BARLAI,WR,"Indore, Madhya Pradesh"
BSAE,BANSH BARIA,ER,"Bansberia, West Bengal"
BRHL,BARYAL HIMACHAL,NR,"Baryal, Himachal Pradesh"
CHKE,CHALLAKERE,SWR,"Chitradurga, Karnataka"
BRND,BORIDAND,SECR,"Shahdol, Madhya Pradesh"
CHRM,CHIRMIRI,SECR,"Chirimiri, Chhattisgarh"
BPKA,BHOPALKA,WR,"Jamnagar, Gujarat"
BNKH,BHAIRANAYAKANAH,SWR,"State Highway 74, Karnataka"
ALN,ALANDI,CR,"Ramdara Rd, Maharashtra"
BRLA,BRAYLA CHAURASI,WR,"Badayla Chorasi Rd, Madhya Pradesh"
BQG,BHAGWANGOLA,ER,"Station Rd, West Bengal"
BQM,BARELIPUR,CR,"Nayagaon, Madhya Pradesh"
BNA,BANNI KOPPA,SWR,"National Highway 63, Karnataka"
BKU,BHIKNUR,SCR,"Nizamabad, Andhra Pradesh"
BLSA,BOLSA,SCR,"Dharmabad, Maharashtra"
BMBE,BIMBARI,SCR,"Bhokar, Maharashtra"
BOKR,BHOKAR,SCR,"Bhokar, Maharashtra"
CAG,CHHABRA GUGOR,WCR,"Baran, Rajasthan"
CJW,CHAJAWA,WCR,"Baren, Rajasthan"
BKTW,BAIKUNTH,IR,", India"
ADB,ADILABAD,SCR,"Adilabad, Andhra Pradesh"
BPM,BAGPAT ROAD,NR,"Bagpat, Uttar Pradesh"
CIV,CHINNARAVURU,SCR,"Tenali, Andhra Pradesh"
CHI,CHIPLUN,KR,"Chiplun, Maharashtra"
CAN,KANNUR,SR,"Kannur, Kerala"
BNG,BARNAGAR,WR,"Barnagar, Madhya Pradesh"
MPL,MADANAPALLE ROAD,SCR,"Madanapalle Road Station, Andhra Pradesh"
BRQ,BAGRAKOT,NFR,"National Highway 31, West Bengal"
BNQ,BANARHAT,NFR,"National Highway 31C, West Bengal"
BMJ,BRIDGEMANGANJ,NER,"Bridgmanganj, Uttar Pradesh"
BRK,BAHRAICH,NER,"Bahraich, Uttar Pradesh"
BRMX,BARMI,NR,"Barmi, Uttar Pradesh"
BNW,BHIWANI,NWR,"Bhiwani, Haryana"
BNSA,BANBASA,NER,"H01, Uttarakhand"
BSHT,BASIRHAT,ER,"Basirhat, West Bengal"
CHRU,CHAMRUA,NER,"Chamrua, Uttarakhand"
ANP,ANANDTANDAVPUR,SR,"Uluthakuppai, Tamil Nadu"
ANGR,ANGADGERI HALT,SWR,"Angadgeri, Karnataka"
AAY,ARALVAYMOZHI,SR,"Dist. Kanniyakumari, Tamil Nadu"
ALNP,AKELAHANSPUR HALT,NER,"Akelahanspur, Uttar Pradesh"
BAH,BHABHAR,WR,"SH 72, Gujarat"
AON,ARAON,NCR,"Araon, Uttar Pradesh"
BZLE,BAZARSAU,ER,"Bazarsau, West Bengal"
CHPD,CHEPPAD HALT,SR,"Cheppad Railway Station Rd, Kerala"
CGO,CHHIDGAON,WCR,"Harda, Madhya Pradesh"
AJM,ADRAJ MOTI,WR,"Adraj Moti, Gujarat"
CKR,CHIKODI ROAD,SWR,"Belagavi, Karnataka"
BSR,VASAI ROAD,WR,"Thane Dist., Maharashtra"
ABGT,ARBAGATTA HALT,SWR,"State Highway 47, Karnataka"
BTJ,BISHNATHGANJ,NR,"Pratapgarh, Uttar Pradesh"
BUS,BADAUSA,NCR,"National Highway 76, Uttar Pradesh"
ANCR,ANCHURI,SER,"National Highway 60A, West Bengal"
BSZ,BHARWA SUMERPUR,NCR,"Hamirpur, Uttar Pradesh"
BSW,BANESWAR,NFR,"Baneswar, West Bengal"
PTN,PATAN,WR,"Patan, Gujarat"
ABZ,ADGAON BUZURG,SCR,"Akola, Maharashtra"
ADE,ADARI ROAD,WR,"kadukada to railway fatak, Gujarat"
AMC,AMRITAPURA,SWR,"State Highway 48, Karnataka"
CDA,CHUDA,WR,"State Highway 38, Gujarat"
AKS,ANKUSPUR,NER,"National Highway 29, Uttar Pradesh"
ANO,ANJANI,KR,"Anjani, Maharashtra"
APDC,ALIPUR DUAR COURT,NFR,"Alipur Duar, West Bengal"
CDK,CHANDKHERA ROAD,WR,"Ahmedabad, Gujarat"
CGHD,CHINNADAGUDI,SWR,"Nanjungudu-Chamarajanagara Rd, Karnataka"
CJS,CHARAMULA KUSUM,ECoR,"Bhansuli Kotpad PMGSY Rd, Chhattisgarh"
BTGH,BETTADNAGENHALI,SWR,"Amritapura, Karnataka"
ADR,MANDI ADAMPUR,NWR,"Hisar, Haryana"
BSUR,BISALPUR,NER,"Bisalpur, Uttar Pradesh"
ANC,ANNECHAKANAHALI,SWR,"Annechakanahali, Karnataka"
CCI,CHINNEKUNTAPALI,SCR,"Chennai - Anantpur Rd, Andhra Pradesh"
BTRI,BITROL,NER,"State Highway 33, Uttar Pradesh"
AGCI,ANGADI,WR,"National Highway 59, Gujarat"
ALS,AMLORI SARSAR,NER,"Siwan, Bihar"
BFE,BAHAWAL BASI,NR,"National Highway 15, Punjab"
AXK,ASOKHAR,NCR,"State Highway 19, Madhya Pradesh"
AXA,AMARSAR,WR,"Rajkot, Gujarat"
BENL,BENL,SWR,"Dam Inspection Rd, Karnataka"
BBW,BODARWAR,NER,"State Highway 64, Uttar Pradesh"
BAJE,BAJAKARE HALT,SWR,"Panja Kadaba Rd, Karnataka"
AMQ,AMMUGUDA,SCR,"Secunderabad, Andhra Pradesh"
BBA,BABRALA,NR,"Babrala, Uttar Pradesh"
ALW,ALWAL,SCR,"Secunderabad, Andhra Pradesh"
ATE,ATARRA,NCR,"Dist. Banda(05192-224813), Uttar Pradesh"
AWL,ALAWALPUR,NR,"Jalandhar, Punjab"
AZP,AYYAMPET,SR,"Ayyampet, Tamil Nadu"
ASK,ARSIKERE JN,SWR,"Arasikere, Karnataka"
BAL,BUDALUR,SR,"SH 99, Tamil Nadu"
BAZ,BARAN,WCR,"Baran, Rajasthan"
AVRD,ARAVALI ROAD,KR,"Kochi - Panavel Rd, Maharashtra"
BBGN,BARUA BAMUNGAON,NFR,"Barua Bamungaon, Assam"
ANT,ANANTNAG,NR,"Anantnag, Jammu and Kashmir"
BDPA,BADALPUR PH,?,"State Highway 4, West Bengal"
AVS,AUVANEESWARAM,SR,"Avaneeswaram Pathanapuram Rd, Kerala"
BDHN,BODHAN,SCR,"Bodhan, Andhra Pradesh"
BED,BASERI,NCR,"Baseri, Uttar Pradesh"
BDBG,BADHAI BALAMGARH HALT,NR,"Badhai Balamgarh, Punjab"
AVK,ARAVANKADU,SR,"Dist. Nilgiris, Tamil Nadu"
ATW,ATWA MUTHIA HALT,NR,"Atwa Muthia, Uttar Pradesh"
BGMU,BANGARMAU,NR,"Bangarmau, Uttar Pradesh"
BCHL,BACHELI,ECoR,"Dhurli-Basenpur Rd, Chhattisgarh"
BBHT,BARABAR HALT,?,"Vanavar Halt, Bihar"
BFJ,BHORAS BUDRUKH,CR,"Kargaon Tanda-Chalisgaon Rd, Maharashtra"
BARL,BARAL,NR,"State Highway 18, Uttar Pradesh"
BDBA,BADABANDHA ROAD,ECoR,"Badabandha, Orissa"
BGD,BARA GUDAH,NWR,"Bara Gudha, Haryana"
BLA,BAJALTA,NR,"Khana Chorgol, Jammu and Kashmir"
BHTL,BHATEL,WR,"Jamnagar, Gujarat"
TSS,TALLI SAIDASAHU,NR,"Talhi Saidasahu, Punjab"
BDWS,BADARWAS,WCR,"Badarwas, Madhya Pradesh"
BJPL,BAIJNATH PAPROLA,NR,"Paprola, Himachal Pradesh"
BLL,BANTANAHAL,SCR,"Rayalaseema Region, Andhra Pradesh"
BMA,BAGMAR,CR,"East Nimar, Madhya Pradesh"
BLWD,BOLWAD,CR,"Bolwad, Maharashtra"
BMNI,BAMANI,CR,"State Highway 161, Maharashtra"
BNY,BARHNI,NER,"Semari - Bisokhar Rd, Uttar Pradesh"
BDVT,BHADRAVATI,SWR,"Bhadravati, Karnataka"
BMKI,BAPUDHAM MOTIHARI,ECR,"Motihari, Bihar"
BIRD,BHIWANDI ROAD,CR,"Bhiwandi, Maharashtra"
BI,BARI SADRI,NWR,"Bari Sadri, Rajasthan"
BLD,BHILAD,WR,"Bhilad, Gujarat"
ALMW,ALMAW,NER,"Allahabad, Uttar Pradesh"
BGX,BAGRI SAJJANPUR,NWR,"Haripur, Rajasthan"
VTP,VASTRAPUR,WR,"Ahmedabad, Gujarat"
BNTH,BANDHNATH,WR,"Shapur, Gujarat"
BIJR,BIJOOR,KR,"Udupi, Karnataka"
BNS,BANAS,NWR,"Sirohi Road, Rajasthan"
BILP,BHILPUR,WR,"Vadodara, Gujarat"
BGPR,BHAGWANPURA,NWR,"Somesar, Rajasthan"
BGG,BANTA RAGHUNATHGARH,NWR,"Somesar, Rajasthan"
BJPR,BIJAIPUR ROAD,NCR,"Bijaipur Road, Madhya Pradesh"
BMY,BAMIANA,NER,"To Vishartganj, Uttar Pradesh"
BNHR,BANBIHARI GWALIPUR,ECoR,"State Highway 12, Orissa"
BHAT,BHATPURA,NCR,"State Highway 2, Madhya Pradesh"
BINR,BRIJ NAGAR,NCR,"Bharatpur, Rajasthan"
BKS,BALIKOTIA,NFR,"Mathaouri Rd, Assam"
BIR,BIR,WCR,"East Nimar, Madhya Pradesh"
BHDR,BHADRI,NR,"National Highway 24B, Uttar Pradesh"
BEDM,BEDHAM,NCR,"State Highway 14, Rajasthan"
BPB,BADARPUR JN,NFR,"03845-269546., Assam"
GTU,GHAT NANDUR,SCR,"Ghat Nadur, Maharashtra"
BNTL,BANTAWALA,SWR,"Bantwal, Karnataka"
BRBL,BIRAHALLI,SWR,"Birahalli, Karnataka"
BSCK,BASUCHAK,NER,"Basuchak-Rampur Mangha Rd, Uttar Pradesh"
AND,ANDAMPALIAM,SR,"Maniyam St, Tamil Nadu"
BRZ,BARETA,NR,"Bareta, Punjab"
BRGW,BARGAWAN,WCR,"Bargawa, Madhya Pradesh"
BSY,BARSATHI,NR,"State Highway 36, Uttar Pradesh"
BUF,BIMLAGARH JUNCTION,SER,"Sundargarh, Orissa"
BSKR,BASI KIRATPUR,NR,"Kiratpur, Uttar Pradesh"
CDS,CHANDISAR,WR,"Banaskantha, Gujarat"
BTI,BHATINDA JN,NR,"Bathinda, Punjab"
BTZ,BALIMARA,NFR,"Naharkatiya to Nigam Rd, Assam"
PTK,PATHANKOT,NR,"NH 20, Punjab"
BVNR,BHAVANI NAGAR,CR,"Tasgaon Rd, Maharashtra"
BQP,BIGHAPUR,NR,"State Highway 38, Uttar Pradesh"
AMLR,AMALA NAGAR,SR,"Thrissur, Kerala"
BTC,BALAGHAT JUNCTION,SECR,"Balaghat, Madhya Pradesh"
BOTI,BAORI THIKRIA,NWR,"National Highway 11, Rajasthan"
BOF,BAROG,NR,"Barog, Himachal Pradesh"
BSTP,BASANTAPUR,ECoR,"National Highway 215, Orissa"
BTM,BATTULAPURAM,SCR,"Battulapuram Station, Andhra Pradesh"
BSWA,BAISWARA,NR,"State Highway 38, Uttar Pradesh"
AMJ,AMIN GAON,NFR,"Guwahati, Assam"
AMNR,AMMANUR,SR,"Mazavarayanallu Rd, Tamil Nadu"
BPC,BERHAMPORE COURT,ER,"Berhampore, West Bengal"
AMM,ATIRAMPATTINAM,SR,"Muthupet, Tamil Nadu"
CRWA,CHIRAWA,NWR,"SH 13, Rajasthan"
ANKI,ANAKHI,WR,"Bharuch, Gujarat"
ANW,ANAWAL,WR,"Anawal, Gujarat"
BWC,BANWALI,NWR,"Sri Ganganagar, Rajasthan"
BT,BARASAT,ER,"Kolkata, West Bengal"
BYP,BAIJNATHPUR,ECR,"State Highway 59, Bihar"
BPD,BAHADURPUR,ER,"Bahadurpur, West Bengal"
BXF,BARSUAN,SER,"Sundargarh, Odisha"
AMO,AMOLWA,ECR,"Pashchim Champaran, Bihar"
BXN,BAYANA JN,WCR,"Bayana, Rajasthan"
SKEN,SUKHSHENA,?,", India"
DNRP,DUNGARPUR,NWR,"State Highway 10, Rajasthan"
CHBR,CHAURE BAZAR,NR,"State Highway 9, Uttar Pradesh"
DDW,DUDWA,NER,"Dudwa, Uttar Pradesh"
CKE,CHOKI SORATH,WR,"National Highway 8D, Gujarat"
CIH,CHILHIA,NER,"State Highway 1A, Uttar Pradesh"
DGLE,DHULIAN GANGA,ER,"National Highway 34, West Bengal"
CDM,CHIDAMBARAM,SR,"Chidambaram, Tamil Nadu"
COO,CHHOTI ODAI,WCR,"SH 25, Rajasthan"
CAMU,CHAMUA,ECR,"National Highway 28B, Bihar"
DHLI,DETHLI,WR,"State Highway 19, Gujarat"
DHAE,DAINHAT,ER,"Daihaat Rd, West Bengal"
DAD,DEVARGUDDA,SWR,"Hanumanamatti, Karnataka"
DEW,DEWALGAON,SECR,"Warsa Rd, Maharashtra"
BWSN,BIJWASAN,NR,"Bijwasan, Delhi NCT"
DBS,DOBBSPET,SWR,"Dobbasapete, Karnataka"
DCK,DHANDHUKA,WR,"Dhandhuka, Gujarat"
COB,COOCH BEHAR,NFR,"Cooch Behar, West Bengal"
CQA,CHERUKARA,SR,"Cherukara, Kerala"
DEE,DELHI SARAI ROHILLA,NR,"New Rohtak road, Delhi NCT"
DBSI,DAYA BASTI,NR,"Zakhira, Delhi NCT"
CWN,CHARAWAN,NR,"State Highway 16, Punjab"
DOB,DUNDLODH MUKUNDGARH,NWR,"Mukandgarh, Rajasthan"
BWK,BAWANI KHERA,NWR,"Bawani Khera, Haryana"
BARU,BAHARU,ER,"Baharu, West Bengal"
DOX,DOHNA,NER,"State Highway 37, Uttar Pradesh"
DKJ,DORNAKAL JN,SCR,"Garla, Andhra Pradesh"
GGC,GANGAPUR CITY,WCR,"Gangapur, Rajasthan"
DMPR,DHARAMPUR,NR,"National Highway 93, Uttar Pradesh"
DJI,DHORAJI,WR,"Dhoraji, Gujarat"
DLD,DALAUDA,WR,"Dalauda, Madhya Pradesh"
TKRU,TAKHRAU,NCR,"Takhrau, Uttar Pradesh"
DSK,DUSKHEDA,CR,"Jalgaon, Maharashtra"
DING,DING,NWR,"Sirsa, Haryana"
DHPD,DHAPARA DHAM,ER,"National Highway 34, West Bengal"
DNE,DHAMNI,SCR,"Hingoli, Maharashtra"
DHRJ,DHIRGANJ,NR,"State Highway 9, Uttar Pradesh"
GDG,GADAG JN,SWR,"Gadag, Karnataka"
DNJ,DAUNDAJ,CR,"Indraprastha Rd, Maharashtra"
DVG,DAVANGERE,SWR,"Davanagere, Karnataka"
DRGM,DEORAGRAM,WCR,"Gajarbahara, Madhya Pradesh"
DMYA,DAMOY,WCR,"State Highway 11, Madhya Pradesh"
DRU,KADUR,SWR,"Kadur, Karnataka"
DTN,DHAMTAN SAHIB,NR,"Jind District, Haryana"
FDK,FARIDKOT,NR,"Faridkot, Punjab"
DULP,DAULATPUR HARYANA,NR,"National Highway 65, Haryana"
DPSR,DAPSAURA,NCR,"National Highway 86, Uttar Pradesh"
DMF,DUMERTA,SER,"Rourkela, Orissa"
DPJ,DHARMAPURI,SWR,"Dharmapuri, Tamil Nadu"
DVA,DELVADA,WR,"Delvada, Gujarat"
DKU,DUMRI KHURD,SECR,"Dumri Khurd, Maharashtra"
DNX,DHANSU,NR,"National Highway 65, Haryana"
DIBL,DHOLI BHAL,WR,"Rayaka, Gujarat"
DSPN,DESHPRAN PH,?,"Bajkul, West Bengal"
DTJ,DETROJ,WR,"State Highway 133, Gujarat"
GRN,GURNAY,NR,"MDR 102, Punjab"
GILL,GILL,NR,"Ludhiana, Punjab"
DTL,DARRITOLA,SECR,"National Highway 78, Chhattisgarh"
DWT,DEWAN HAT,NFR,"Dewan, West Bengal"
FNO,FUNGO HALT,ECR,"Fungo, Bihar"
FRD,FARHEDI,NR,"Moradabad- Chandausi Rd, Uttar Pradesh"
GKJ,GOLAKGANJ,NFR,"Golokganj, Assam"
FTC,FATEHPUR CHURSI,NR,"State Highway 38, Uttar Pradesh"
GNGL,GANGAULI,NER,"Jaunpur, Uttar Pradesh"
GKK,GOKAK ROAD,SWR,"Belagavi, Karnataka"
GRRG,GURLI RAMGARHWA,NER,"Ghughli Bazar, Uttar Pradesh"
FKB,FAKHRABAD,SCR,"Basara, Andhra Pradesh"
GPR,GHORPURI,CR,"Pune, Maharashtra"
GHL,GOLHALLI,SWR,"State Highway 74, Karnataka"
FSW,FATEH SINGHWALA,NWR,"Sri Ganganagar, Rajasthan"
DYK,DUDHIA KHURD,NER,"State Highway 21, Uttar Pradesh"
GND,GOVINDGARH MALIKPUR,NWR,"Govindgarh, Rajasthan"
GNO,GOREGAON ROAD,KR,"Raigad, Maharashtra"
DWV,DIWANKHAVATI,KR,"Maharashtra, Maharashtra"
GMDN,GIRIMAIDAN,SER,"Kharagpur, West Bengal"
GSB,GARNA SAHIB,NR,"National Highway 1A, Punjab"
GKL,GOKULPUR,SER,"Midnapore, West Bengal"
GLMA,GULMA,NFR,"National Highway 31, West Bengal"
EN,ISAND,WR,"Khodiyar, Gujarat"
DXN,DUDDHINAGAR,ECR,"Sonebhadra, Uttar Pradesh"
GAJB,GAJARA BAHARA,WCR,"Gajarbahara, Madhya Pradesh"
GMM,GUMMAN,NR,"Parwanoo, Himachal Pradesh"
GBRI,GOBARWAHI,SECR,"State Highway 251, Maharashtra"
DRZ,DALLI RAJHARA,SECR,"Dalli Rajhara, Chhattisgarh"
GRHM,GIR HADMATIYA,WR,"Jambur, Gujarat"
GRKN,GORAKHNATH,ECoR,"Jagatsinghpur, Orissa"
BGL,BAGULA,ER,"Bagula, West Bengal"
GHS,GURU HARSAHAI,NR,"Panjeke, Punjab"
GEB,GARH BARUARI,ECR,"Garh Baruari, Bihar"
GAD,GEVRA ROAD,SECR,"Korba, Chhattisgarh"
GHRI,GHORI HALT,NR,"sharda nehar, Uttar Pradesh"
GJMB,GANJMURADABAD,NR,"Sharda Nehar, Uttar Pradesh"
GAJU,GAJU HALT,NR,"State Highway 25, Uttar Pradesh"
GNN,GANGINENI,SCR,"Yerrupalem, Andhra Pradesh"
HRW,HARRAWALA,NR,"Dehradun, Uttarakhand"
NGRS,NAGROTA SURIYAM,NR,"State Highway 22, Himachal Pradesh"
HLN,HOLE NARSIPUR,SWR,"Hassan District, Karnataka"
HGL,HARANGUL,CR,"State Highway 77, Maharashtra"
HBL,HOMBAL,SWR,"Belavaniki, Karnataka"
HD,HARDA,WCR,"Harda, Madhya Pradesh"
HTL,HATIKHALI,NFR,"North Cachar Hills, Assam"
JAO,JAORA,WR,"Jaora, Madhya Pradesh"
HMK,HINDUMALKOTE,NR,"National Highway 15, Rajasthan"
GUNS,GHUNAS,NR,"Ghunas Railway Station, Punjab"
HA,HARGAON,NER,"Hargaon, Uttar Pradesh"
HMG,HAMIRGARH,NWR,"Hamirgarh, Rajasthan"
HGI,HAGARI,SCR,"National Highway 63, Karnataka"
HPRD,HAPA ROAD,WR,"National Highway 8, Gujarat"
PTB,PATTAMBI,SR,"Pattambi, Kerala"
PBJM,PABNAWA JASMAHINDER HALT,NR,"Haryana, Haryana"
HDD,HADDINAGUNDU,SCR,"National Highway 63, Karnataka"
JMS,JAMSAR,?,"Bikaner, Rajasthan"
GLPT,GOALPARA TOWN,NFR,"Goalpara Town Rail Station, Assam"
HBS,HEBSUR,SWR,"Hebsur, Karnataka"
GUK,GUNTAKONDURU,SCR,"P.P.Road, Andhra Pradesh"
JAL,JAWALI,NWR,"Rania, Rajasthan"
HZN,HAZRAT NAGAR HALT,NR,"Hazrat Nagar, Uttar Pradesh"
HLD,HALUDPUKUR,SER,"State Highway 50, Jharkhand"
GSGJ,GHAUSGANJ,NR,"Ghausganj, Uttar Pradesh"
JMV,JAMBARA,CR,"Amla, Madhya Pradesh"
HAS,HASSAN JUNCTION,SWR,"Hassan, Karnataka"
HHR,HRIDAYPUR,ER,"Madhyamgram, West Bengal"
HER,HER,SCR,"Latur, Maharashtra"
JRKT,JADARAMA KUNTE,SWR,"National Highway 13, Karnataka"
JGW,JOGIWALA,NR,"State Highway 19, Punjab"
IKK,IKKAR,NR,"Haridwar, Uttarakhand"
JCH,JETHA CHANDAN,NWR,"Chandan, Rajasthan"
QSR,KANSRAO,NR,"Dehradun, Uttarakhand"
JSKA,JATAULA SAMPHKA,NR,"Hailley Mandi, Haryana"
JWS,JHARWASAA,NWR,"Jharwasa, Rajasthan"
JMKR,JAWLMUKHI ROAD,NR,"Jwalamukhi, Himachal Pradesh"
KAWL,KANDWAL HALT,NR,"Pathankot, Himachal Pradesh"
KAYR,KAYAR,?,"State Highway 233, Maharashtra"
JTW,JAITWAR,WCR,"Jaitwar, Madhya Pradesh"
JUK,JAULKA,SCR,"Washim, Maharashtra"
JKE,JUKEHI,WCR,"Jukehi, Madhya Pradesh"
KANO,KANOH,NR,"Sadhupul, Himachal Pradesh"
JIND,JIND JN,NR,"Jind, Haryana"
JDH,JAM JODHPUR JN,WR,"Jamjodhpur, Gujarat"
JKB,JAKHALABANDHA,NFR,"Jakhalabandha, Assam"
JVT,JIVANTI HALT,ER,"State Highway 11, West Bengal"
JMK,JAMUNAMUKH,NFR,"National Highway 36, Assam"
KDL,KANKROLI,NWR,"Rajsamand, Rajasthan"
JRQ,JHAROKHAS,ECR,"National Highway 75, Uttar Pradesh"
JEA,NAKAHA JUNGLE,NER,"Gorakhpur, Uttar Pradesh"
JOBA,JOBA,WCR,"Madhya Pradesh, Madhya Pradesh"
JMN,JAMUAWAN,?,"Jamuawan, Bihar"
JRLI,JAROLI,?,"Juruli, Orissa"
JSS,JASIA,?,"National Highway 71A, Haryana"
KASU,KASU,CR,"Maharashtra, Maharashtra"
KAL,KALLAI,SR,"Kallal, Tamil Nadu"
KAWR,KARWAR,KR,"Karwar, Karnataka"
IPR,ISLAMPUR,ECR,"Islampur, Bihar"
JDB,JAGDALPUR,ECoR,"Jagdalpur, Chhattisgarh"
CGKP,CHANDAGIRIKOPAL,SWR,"State Highway 7, Karnataka"
JWB,JAWAI BANDH,NWR,"Pali, Rajasthan"
JJJ,JAIJON DOABA,NR,"Jaijon Doaba, Punjab"
JJG,JIAGANJ,ER,"Police Station Rd, West Bengal"
NGRI,NEW GARIA,IR,", India"
HSRA,HOSUR,SWR,"Hosur, Tamil Nadu"
KBK,KHAMIL GHAT,NWR,"State Highway 61, Rajasthan"
JCN,JUNICHAVAND,WR,"Junichavand, Gujarat"
KANS,KANSIYA NES,WR,"State Highway 111, Gujarat"
KDM,KESAMUDRAM,SCR,"Kesamudram, Andhra Pradesh"
CNHL,CHINK HILL,CR,"State Highway 77, Maharashtra"
KD,KUNDARKHI,NR,"Kundarki, Uttar Pradesh"
COA,KAKINADA PORT,SCR,"Kakinada, Andhra Pradesh"
JRLE,JANGIPUR ROAD,ER,"Raghunathganj, West Bengal"
CKTD,CHITRAKUTDHAM KARWI,NCR,"Chitrakoot Karvi, Uttar Pradesh"
KCM,KALASUMUDRAM,SCR,"Chennai - Anantpur Rd, Andhra Pradesh"
KDK,KOHDAD,CR,"State Highway 15, Madhya Pradesh"
CHU,CHAMPION,SWR,"KGF, Karnataka"
CJR,CHAMARAJ,WR,"State Highway 17, Gujarat"
CJL,CHAJLI,NR,"Jakhal Rd, Punjab"
KEK,KARKHELI,SCR,"Biloli, Maharashtra"
CNPR,CHAINPUR,ECR,", India"
KDI,KUNDLI,WR,"State Highway 38, Gujarat"
CIA,CHHEHARTA,NR,"Amritsar, Punjab"
CNO,CANCONA,KR,"Ph:-0832-2643331., Goa"
CJA,CHONGAJAN,NFR,"local Rd, Assam"
CLR,CASTLE ROCK,SWR,"National Highway 4A, Karnataka"
KDO,KADAKOLA,SWR,"Mysore District, Karnataka"
JPZ,JOGIGHOPA,NFR,"National Highway 31B, Assam"
CMK,CHAMAK,CR,"Amravati, Maharashtra"
KGN,KURSEONG,NFR,"Kurseong, West Bengal"
CKMI,CHHOTAKI MASAUDHI HALT,?,", India"
KAWT,KANWAT,NWR,"Kanwat, Rajasthan"
CNN,CHINTAMAN GANES,WR,"Ujjain, Madhya Pradesh"
CMA,CINNAMARA,NFR,"Cinnamora, Assam"
CMW,CHIMA PAHAD,SCR,"Khammam, Andhra Pradesh"
CHTT,CHITTA HALT,NCR,"Chitta Halt, Uttar Pradesh"
CKD,CHARKHI DADRI,NWR,"Dist. Bhiwani, Haryana"
CKSR,CHAK SAFAURA HALT,NER,"Mighauna, Uttar Pradesh"
CHWT,CHHAPRAWAT,NR,"SH 18, Uttar Pradesh"
KDBA,KODIMBALA HALT,SWR,"Panja Kadaba Rd, Karnataka"
KEMR,KEMRI,NER,"MDR 33W, Uttar Pradesh"
KHTX,KHED TEMPLE HALT,NWR,"Tilwara, Rajasthan"
CPU,CHOPAN,ECR,"Chopan, Uttar Pradesh"
DAC,DAHINSARA JN,WR,"SH 24, Gujarat"
PTZ,PATSUL,SCR,"MSH24, Maharashtra"
KJA,KHAJURHAT,NR,"Bikapur, Uttar Pradesh"
DBD,DEOBAND,NR,"Deoband, Uttar Pradesh"
CRG,CHURAMAN NAGRI,WCR,"SH 33, Rajasthan"
COR,CHITTAURGARH,WR,"Chittorgarh, Rajasthan"
CVB,CAVALRY BARRCKS,SCR,"Secunderabad, Andhra Pradesh"
CUK,CHURK,NCR,"State Highway 14, Uttar Pradesh"
KIN,KAPASAN,NWR,"Kapasan, Rajasthan"
KHRY,KHAIRAHI,NCR,"State Highway 5, Uttar Pradesh"
DAB,DHARMABAD,SCR,"Degaon, Maharashtra"
CRD,MUMBAI CURREY ROAD,CR,"Mumbai, Maharashtra"
CTHT,CHATAR HALT,ECR,"Chatar, Bihar"
CRND,CHORANDA JUNCTION,WR,"Choranda, Gujarat"
KLAD,KALANAD HALT,SR,"Kasaragod, Kerala"
DAS,DHASA JN,WR,"Dhasa, Gujarat"
KHD,KHODIYAR,WR,"Sarkhej Gandhinagar Hwy, Gujarat"
CTRL,CHHATRAL,WR,"State Highway 133, Gujarat"
CTKT,CHOTI KHATU,NWR,"Degana, Rajasthan"
KKD,KALKUND,WR,"Mhow, Madhya Pradesh"
DAVC,JALALABAD DAV COLLEGE,NR,"Jalalabad, Punjab"
CRE,CHARGHAT PIPARIA,SECR,"Guwarighat, Madhya Pradesh"
D,DEULA,ER,"National Highway 117, West Bengal"
KJV,KHIJADIYA JUNCTION,WR,"Amreli, Gujarat"
DARI,DHARI JUNCTION,WR,"Dhari, Gujarat"
DEA,DIARA,ER,"State Highway 2, West Bengal"
CRN,CHAREGAON,SECR,"State Highway 11, Madhya Pradesh"
CTL,CHITAL,WR,"SH 34, Gujarat"
DPUR,DADPUR,IR,", India"
KHRI,KHARKHARI,SER,"National Highway 32, Jharkhand"
KFH,KATPHAL,CR,"Baramati, Maharashtra"
KJPD,KURINJIPADI,SR,"Kurinjippadi, Tamil Nadu"
KLH,KHEMLI,NWR,"Khemli, Rajasthan"
KLNK,KALANAUR KALAN,NWR,"Kalanaur, Haryana"
DDK,DHINDSA,NR,"Dhindsa, Punjab"
KMT,KHAMMAM,SCR,"Khammam, Andhra Pradesh"
DEU,DEVSANA,WR,"State Highway 133, Gujarat"
DEWA,DEWA,WR,"Dewa, Gujarat"
KTHA,KHUTAHA,WCR,"MDR 11, Madhya Pradesh"
DGJ,DUNGAR JN,WR,"Dungar, Gujarat"
KMA,KAIMA,WCR,"Satna, Madhya Pradesh"
KNRG,KANHARGAON NAKA,SCR,"Washim, Maharashtra"
KMLM,KELAMANGALAM,SWR,"Krishnagiri, Tamil Nadu"
KTLR,KANTHALIYA ROAD,ER,"Khagraghat - Chowrigacha, West Bengal"
KRPR,KAREPUR,SCR,"State Highway 168, Maharashtra"
KNW,KHANDWA,CR,"Khandwa, Madhya Pradesh"
KNG,KATHUNANGAL,NR,"National Highway 15, Punjab"
DH,DIAMOND HARBOUR,ER,"Diamond Harbour, West Bengal"
DHY,DHARODI,NR,"MDR 111, Haryana"
KNAR,KHANPUR AHIR,NWR,"MDR 61, Rajasthan"
KOP,C SHAHU M RAJ KOLHAPUR TERM,CR,"Kolhapur, Maharashtra"
KOLI,KESHOLI,WCR,"Baren, Rajasthan"
DGPP,DHENGLI PP GOAN,SCR,"Satuna, Maharashtra"
KTHD,KOTHARI ROAD,SECR,"Kothari, Chhattisgarh"
KMBL,KHAMBHALIYA,WR,"Khambhalia, Gujarat"
KRDL,KIRANDUL,ECoR,"Kirandul, Chhattisgarh"
KNLS,KANALAS JN,WR,"Jamnagar, Gujarat"
KODN,KODUMUNDA,SR,"Thrithala, Kerala"
KSDE,KARSINDHU,NR,"Panipat, Haryana"
KSC,KASHI CHAK,ECR,"Nalanda, Bihar"
DGNH,DERGAON HALT,?,", India"
KRYA,KURRAIYA,NER,"Chauhan Rd, Uttar Pradesh"
KRJD,KARJODA,NWR,"Chhapi, Gujarat"
KPKI,QASIMPUR KHERI,NR,"State Highway 57, Uttar Pradesh"
KMSD,KUMAR SADRA,ECoR,"National Highway 16, Chhattisgarh"
KPE,KAUWAPUR,NER,"MDR 10E, Uttar Pradesh"
KSUA,KASHIPURA,WR,"State Highway 59, Gujarat"
KRA,KAREPALLI,SCR,"Karepally, Andhra Pradesh"
KTRD,KATOSAN ROAD,WR,"State Highway 216, Gujarat"
DHK,DHAKURIA,ER,"Kolkata, West Bengal"
KNL,KALANWALI,NWR,"Kalanwali, Haryana"
LHU,LOHARU,NWR,"Bhiwani Distt., Haryana"
DNHK,DHINDHORA HKMKD,WCR,"Dhindhora, Rajasthan"
LKY,LAKHMAPUR,SWR,"Muttalageri, Karnataka"
LPW,LOHARPURWA,NER,"Loharpurwa, Uttar Pradesh"
LNS,LUNSU HALT,NR,"Lunsu, Himachal Pradesh"
LER,LEHRA,NER,"Lehra Railway Station Rd, Uttar Pradesh"
MKRA,MAKRERA,NWR,"Kharwa, Rajasthan"
LHN,LACHYAN,SWR,"Solapur, Maharashtra"
LAUL,LAUL,CR,"State Highway 161, Maharashtra"
KVC,KAPARPURA,ECR,"National Highway 28, Bihar"
LDCY,LODI COLONY,NR,"Najafkhan Rd, Delhi NCT"
MDPA,MANDPIYA,NWR,"National Highway 79, Rajasthan"
KTE,KATNI,WCR,"Katni, Madhya Pradesh"
KY,KARELI,WCR,"Kareli, Madhya Pradesh"
LMD,LINGANENIDODDI,SCR,"Rayalaseema Region, Andhra Pradesh"
KXX,KATA ROAD,SCR,"Washim, Maharashtra"
KURJ,KHAJURAHO,NCR,"National Highway 75, Madhya Pradesh"
LKT,HULKOTI,SWR,"National Highway 63, Karnataka"
LAD,LOHARDAGA,SER,"National Highway 75, Jharkhand"
KVS,KALSUR,SWR,"haveri, Karnataka"
KZPR,KAZIPARA,ER,"Khagraghat - Chowrigacha, West Bengal"
LMG,LUMDING JN,NFR,"Lumding. Ph:-03674-263366, Assam"
LR,LADPURA,NWR,"Ajmer, Rajasthan"
KZX,KHUDDA KORALA,NR,"Khuda, Punjab"
MHJ,MAHAJAN,NWR,"Mahajan, Rajasthan"
LKS,LUNKARANSAR,NWR,"Lukhransar, Rajasthan"
MJBT,MAJBAT,IR,", India"
LUNI,LUNI JN,NWR,"Luni, Rajasthan"
KTRR,KATHARA ROAD,NCR,"Kanpur Nagar, Uttar Pradesh"
KWW,KUSWA,NCR,"MDR 106W, Uttar Pradesh"
KUDL,KUDAL,KR,"Kudal, Maharashtra"
KUL,KALLAYI,SR,"Calicut, Kerala"
KVM,KAVUTARAM,SCR,"Krishna, Andhra Pradesh"
DNZ,DHANORI,CR,"SH244, Maharashtra"
MAD,MADDUR,SWR,"Mandya District, Karnataka"
KUPR,KHURDPUR,NR,"Adampur, Punjab"
BDYR,BIDYADABRI,IR,", India"
MAH,MADHOGANJ,NR,"Hardoi, Uttar Pradesh"
LOV,LOVEDALE,SR,"Ooty, Tamil Nadu"
LKQ,LAUKAHA BAZAR,ECR,"Madhubani, Bihar"
KVLR,KARUVALLI,SWR,"Salem district, Tamil Nadu"
LSG,LAWA SARDARGARH,NWR,"State Highway 56, Rajasthan"
MJL,MAJHOWLIA,ECR,"Vikash Village, Bihar"
JML,JUMNAL,IR,", India"
MNKB,MIYONKA BARA,NWR,"Samdhari, Rajasthan"
MBG,MAIBANG,NFR,"North Cachar Hills, Assam"
MKR,MADDIKERA,SCR,"Guntakal, Andhra Pradesh"
MC,MANDAPAM CAMP,SR,"Mandapam, Tamil Nadu"
LUR,LATUR,CR,"Latur, Maharashtra"
MJPB,MANJHRA PURAB,NER,"Manjhra Purab, Uttar Pradesh"
LTRR,LATUR ROAD,SCR,"SH 3, Maharashtra"
MKHR,MARWAR KHARA,NWR,"Jodhpur, Rajasthan"
MABD,MAHBUBABAD,SCR,"Mahbubabad, Andhra Pradesh"
MGG,MANGLIYA GAON,WR,"Mangilya, Madhya Pradesh"
MGL,MANGELA,?,"Mugalolli, Karnataka"
MDS,MANDASOR,WR,"Mandsaur, Madhya Pradesh"
MAKH,MOKHAMPURA,NWR,"National Highway 79, Rajasthan"
MAY,MARIAHU,NR,"Mariahu, Uttar Pradesh"
MLDE,MADLAUDA,NR,"Panipat, Haryana"
MED,MEDCHAL,SCR,"Rangareddy, Andhra Pradesh"
ME,MASAIPET,SCR,"Medak, Andhra Pradesh"
MDVR,MADHAVNAGAR,CR,"Sangli, Maharashtra"
KDRD,KHULDIL ROAD,ECR,"Obra, Uttar Pradesh"
MLI,MANGALIYAWAS,NWR,"Mangaliyawas, Rajasthan"
MDT,MADARIHAT,NFR,"National Highway 31C, West Bengal"
DWDI,DIGHWA DUBAULI,NER,"Saran, Bihar"
MHV,MAHUVA JN,WR,"Mahuva, Gujarat"
MHBZ,MAHTHA BAZAR,NER,"Mahtha Bazar, Uttar Pradesh"
MIM,MANIRAM,NER,"National Highway 29, Uttar Pradesh"
MBV,MIRZAPUR BACHHAUD,NWR,"State Highway 26, Haryana"
MDDG,MALAD GAON,CR,"National Highway 9 Daund, Maharashtra"
MNJR,MANJHLEPUR,NR,"State Highway 38, Uttar Pradesh"
MGF,MANDAGERE,SWR,"Mandya District, Karnataka"
GADH,GOALDIH,?,"Padmapur, Orissa"
MDE,MAKHDUMPUR GAYA,ECR,"Jehanabad, Bihar"
MHQ,MAHUDA,SER,"National Highway 32, Jharkhand"
MMD,MAHESHMUNDA,ER,"Maheshmunda, Jharkhand"
MRHT,MORANHAT,NFR,"Sibsagar, Assam"
MTMI,MOTIMARI,SCR,"Motimarri Station, Andhra Pradesh"
MVN,MILAVITTAN,SR,"Thoothukudi, Tamil Nadu"
MQC,MUNDKA,NR,"Mundka, Delhi NCT"
MRV,MARSUL,SCR,"Purna, Maharashtra"
MY,MALLIYAM,SR,"State Highway 64, Tamil Nadu"
MOPR,MOHANPURA,NR,"National Highway 15, Rajasthan"
MSR,MASUR,CR,"Satara, Maharashtra"
MPLM,MARTHIPALAYAM,SR,"Erode - Unjalur - Kodumudi - Karur Rd, Tamil Nadu"
NRD,NARODA,WR,"Ahmedabad, Gujarat"
MUUA,MAHUAWA KHURD,NER,"State Highway 64, Uttar Pradesh"
MSH,MAHESANA JN,WR,"Mehsana, Gujarat"
NIIJ,NILAJE,CR,"Nilaje, Maharashtra"
MUKE,MUKKALI,SR,"Chombala, Kerala"
MVF,MANABAR,ECoR,"Manabar Station, Orissa"
MYS,MYSORE JN,SWR,"JLB Road Mysore, Karnataka"
MRF,MARPALLI,SCR,"Veerlapally, Andhra Pradesh"
MSS,MASARAHALLI,SWR,"Shimoga, Karnataka"
MPE,MALATIPUR,ER,"Malotipur Railway Station, West Bengal"
NPS,NAPASAR,NWR,"Napasar, Rajasthan"
MZU,MARANDAHALLI,SWR,"Dharmapuri, Tamil Nadu"
MXP,MALUPOTA,NR,"Phagwara - Mohali Expy, Punjab"
MPG,MANPUR NAGARIA,NER,"State Highway 33, Uttar Pradesh"
MTND,MATTAGAJPUR,ECoR,"Mattagajpur, Orissa"
PAW,PANDABESWAR,ER,"Bardhaman, West Bengal"
MYR,MAIHAR,WCR,"Maihar, Madhya Pradesh"
NBUE,NIBKARORI,NCR,"Nibkarori, Uttar Pradesh"
PBN,PARBHANI JN,SCR,"Parbhani, Maharashtra"
PAU,PURNA JN,SCR,"Purna, Maharashtra"
OSN,OSIYAN,NWR,"Osiyan, Rajasthan"
NGTG,NEW GITALDAHA,NFR,"New Gitaldaha, West Bengal"
PBM,PAMBAN JN,SR,"Pamban, Tamil Nadu"
ORDI,ORDI,WR,"National Highway 79, Rajasthan"
NM,NAIMISHARANYA,NR,"MDR 74C, Uttar Pradesh"
PALM,PALAIYAM,SR,"Karur, Tamil Nadu"
PHC,PANCHOT,WR,"State Highhway 55, Gujarat"
NVLN,NAWALGOHAN,SCR,"Hingoli, Maharashtra"
NLE,NILESHWAR,SR,"Nileswaram, Kerala"
NWD,NAWADIH,ECR,"Nawada, Bihar"
NNGL,NAYA NANGAL,NR,"Near CAN plant nangal, Punjab"
JMM,JAIMURTINAGAR F,IR,", India"
NAU,NADAPURAM ROAD,SR,"Madappallly, Kerala"
NHF,NIHASTA HALT,NR,"State Highway 38, Uttar Pradesh"
PANP,PANDAVAPURA,SWR,"SH 19 Junction Mandya District, Karnataka"
NVU,NAVALUR,SWR,"Dharwad - Hubli Hwy, Karnataka"
NYY,NEYYATTINKARA,SR,"Thiruvananthapuram, Kerala"
NLQ,NANGAL PATHANI HALT,NWR,"Nangal Pathani, Haryana"
NRJ,NARIMOGARU,SWR,"Puttur subrahmanya state highway 100, Karnataka"
GNV,GANDEVI,WR,"Gandevi, Gujarat"
NRKP,NARKOPI,SER,"Ranchi, Jharkhand"
GNS,GHONSOR,SECR,"Ghansor, Madhya Pradesh"
NNP,NANPARA JUNCTION,NER,"Nanpara, Uttar Pradesh"
NMGY,NUMALIGARH,NFR,"NMGY, Assam"
NPR,NEPALGANJ ROAD,NER,"Midwest, Uttar Pradesh"
NKR,NIMAR KHERI,WR,"State Highway 27, Madhya Pradesh"
NTV,NAUTANWA,NER,"Nautanwa, Uttar Pradesh"
NTM,NARTHAMALAI,SR,"Trchy - Pudukottai - Ramanathapuram Rd, Tamil Nadu"
PAQ,PADIYA NAQLA,NER,"National Highway 74, Uttarakhand"
PKNA,PAKHNA,NCR,"Pakhna, Uttar Pradesh"
PO,PARANGIPETTAI,SR,"Parangipettai, Tamil Nadu"
PPH,PIPRI DIH,NER,"State Highway 67, Uttar Pradesh"
PPU,PIPARPUR,NR,"State Highway 9, Uttar Pradesh"
PSLP,PASALAPUDI,SCR,"Putlacheruvu, Andhra Pradesh"
OTR,MOTURU,SCR,"Coastal Andhra Region, Andhra Pradesh"
PDZ,PILIODA,WCR,"SH 1, Rajasthan"
PJK,PANJ KOSI,NR,"Diwan Khera, Rajasthan"
PKK,PAKKI,NR,"National Highway 15, Punjab"
NVT,NAVIPET,SCR,"Nizamabad, Andhra Pradesh"
PGG,PENGANGA,SCR,"Washim, Maharashtra"
PBV,PALIBA,ECoR,"Paliba Station, Orissa"
PDG,PARADGAON,SCR,"Usmanpur, Maharashtra"
PPDE,PANDU PINDARA,NR,"Jind, Haryana"
PCL,PULICHERLA,SCR,"Pulicherla Station, Andhra Pradesh"
BNDA,BANDA JN,NCR,"Banda(05192-224813), Uttar Pradesh"
QRP,KILA RAIPUR,NR,"Delhon Pakhowal Rd, Punjab"
PLCJ,PHALODI JN,NWR,"Phalodi, Rajasthan"
PDR,PAYAGPUR,NER,"State Highway 30, Uttar Pradesh"
PRDG,PORADANGA HALT,ER,"Lalgola, West Bengal"
PAS,PASUR,SR,"Namakkal, Tamil Nadu"
PSAE,PURBASTHALI,ER,"Purbasthali, West Bengal"
PNVT,PANCHARATNA,NFR,"Makri Rail Station, Assam"
HFG,HAFLONG HILL,NFR,"North Cachar Hills, Assam"
PPW,PACHPERWA,NER,"Semari - Bisokhar Rd, Uttar Pradesh"
PKB,PATHARKHOLA S,NFR,"NH54, Assam"
PNT,PANITOLA,NFR,"A T Rd, Assam"
PNGI,PANANGUDI,SR,"Madurai - Thondi Rd, Tamil Nadu"
PCH,PACHHAPUR,SWR,"Rustumpur, Karnataka"
PLV,PALSI,CR,"Wathar-Koregaon Rd, Maharashtra"
PRSP,PRASADPUR,NER,"Prasadpur, Uttar Pradesh"
PJ,PEPPEGANJ,NER,"Sahibganj, Uttar Pradesh"
PN,PANSAR,WR,"Palanpur, Gujarat"
PDY,PUDUCHERRY,SR,"South Blvd, Puducherry"
PIS,PISKA,SER,"Ranchi, Jharkhand"
PFU,PADUA,ECoR,"Paduwa Station, Orissa"
NUJ,NUJELLA,SCR,"Krishna, Andhra Pradesh"
HT,HOTAR,ER,"Sherpur Dhamua Rd, West Bengal"
PRSL,PANDRASALI,SER,"National Highway 75, Jharkhand"
PHM,PATAPATNAM,ECoR,"Srikakulam District, Andhra Pradesh"
PM,PALAM,NR,"Sadh Nagar I, Delhi NCT"
PTAE,PATULI,ER,"State Highway 6, West Bengal"
BKIT,BINKADAKATTI,IR,", India"
PVR,PANDHARPUR,CR,"Pandharpur Ph:02186-223227, Maharashtra"
ROS,RAJOSI,NWR,"MDR 79, Rajasthan"
RJT,RAJKOT JN,WR,"Rajkot, Gujarat"
INDB,INDORE JN BG,WR,"Indore, Madhya Pradesh"
RGI,RAMGIRI,SWR,"Shivani Rd, Karnataka"
RBG,RAYBAG,SWR,"Belagavi, Karnataka"
SBNR,SHRI VIJAINAGAR,NWR,"Vijaynagar, Rajasthan"
PNHR,PANIHAR,WCR,"Gwalior, Madhya Pradesh"
KRBR,KERKHABARI,IR,", India"
PVZ,PARVEZPUR,NWR,"damkora, Rajasthan"
PP,PURANPUR,NER,"Puranpur, Uttar Pradesh"
RKZ,RAJKIAWAS,NWR,"Marwar, Rajasthan"
RMGM,RAMANAGARAM,SWR,"Ramanagara, Karnataka"
RKY,KOTHARIYA,WR,"State Highway 122, Gujarat"
RBR,RIBADA,WR,"State Highway 233, Gujarat"
CKA,CHAK PAKHHEWALA,NR,"Chimne Wala, Punjab"
RN,RATNAGIRI,KR,"Ratnagiri 02352228951, Maharashtra"
MIX,MANIPURAM CABIN,IR,", India"
REJ,REJINAGAR,ER,"National Highway 34, West Bengal"
RHMA,RAHAMA,ECoR,"Nathang, Orissa"
RMPH,RAMPAHARI,NCR,"State Highway 2, Madhya Pradesh"
RDV,RADHA BALAMPUR,NR,"State Highway 13A, Uttar Pradesh"
PUW,PATUWAS MEHRANA,NWR,"Mehrana, Haryana"
RGU,RAGAUL,NCR,"Maudaha, Uttar Pradesh"
PTYR,PATIYARA,NR,"Patiyara, Uttar Pradesh"
PUMU,PENUMARRU,SCR,"Koteparu, Andhra Pradesh"
RNGG,RANGALITING,NFR,"Rangaliting, Assam"
RYP,RAYANAPAD,SCR,"Rayanapad Station, Andhra Pradesh"
RMD,RAMANATHAPURAM,SR,"Ramanathapuram, Tamil Nadu"
SFPR,SAFIPUR,NR,"Unnao, Uttar Pradesh"
RSH,RATAN SHAHR,NWR,"Jhunjhunu, Rajasthan"
JLY,JHILMILI,SECR,"Jhilmili, Madhya Pradesh"
SDD,SINDHAWADAR,WR,"Sindhavadar, Gujarat"
SII,SITIMANI,SWR,"Dam Inspection Rd, Karnataka"
SHSK,SAHARSRAKUND,SCR,"Nanded, Maharashtra"
SFM,SUNAM,NR,"Sunam, Punjab"
SBLT,SHRI BHADRIYA LATHI,NWR,"Lathi, Rajasthan"
SBZ,SISWA BAZAR,NER,"Siswa Bazar, Uttar Pradesh"
SGL,SAGAULI JN,ECR,"Sugauli, Bihar"
SGW,SINGWAL,NWR,"National Highway 79, Rajasthan"
SDH,SARADHNA,NWR,"Mangaliyawas, Rajasthan"
SBH,SULEBHAVI,SWR,"Belagavi, Karnataka"
SDT,SADAT,NER,"Mahpur Sadat Marg, Uttar Pradesh"
SHAN,SRINIVASA NAGAR,SCR,"Ramanthapur, Andhra Pradesh"
SCP,SIRNAPALLI,SCR,"Sirnapalli, Andhra Pradesh"
RJI,RAJAWARI,NER,"National Highway 29, Uttar Pradesh"
SEU,SENDRA,NWR,"Sendra, Rajasthan"
SKLR,SAKLESHPUR,SWR,"Sakleshpur, Karnataka"
SHV,SHIVANI,SWR,"Shivani Rd, Karnataka"
RWO,RANAVAV,WR,"Ranavav, Gujarat"
SHMI,SHIROOR,KR,"Uttara Kannada, Karnataka"
S,SHRIRANGAPATNA,SWR,"Mandya District, Karnataka"
RXL,RAXAUL JN,ECR,"Raxaul, Bihar"
SDS,SADULSHAHR,NWR,"Sadul Shahar, Rajasthan"
SMPR,SHRI MADHOPUR,NWR,"Sri Madhopur, Rajasthan"
SCQ,SHAM CHAURASI,NR,"Distt. Hoshiarpur, Punjab"
NDRT,NANGAL DEGROTA,IR,", India"
SDBH,SINDRI BLOCK HUT,ECR,"Pathardih, Jharkhand"
JWKA,JANDWALA KHARTA,IR,", India"
SMLT,SAMLOTI,NR,"National Highway 20, Himachal Pradesh"
SKGH,SAKTESGARH,NCR,"Saktesgarh Railway Station, Uttar Pradesh"
SNGR,SANGANAPUR,SCR,"State Highway 148, Maharashtra"
SPDR,SHEOPRASADNAGER,SECR,"National Highway 78, Chhattisgarh"
SRU,SALEMPUR JN,NER,"Salempur, Uttar Pradesh"
SNAP,SONA ARJUNPUR,NR,"State Highway 57, Uttar Pradesh"
SQD,SATTIRAKKUDI,SR,"Ramanathapuram, Tamil Nadu"
SNKG,SANKARAGUMMANUR HALT,SCR,"National Highway 63, Andhra Pradesh"
SONI,SONI,NCR,"SH 19, Madhya Pradesh"
SMAE,SAMUDRAGARH,ER,"Samudragarh, West Bengal"
SFX,SAFILGUDA,SCR,"Secunderabad, Andhra Pradesh"
SLGH,SHELGOAN H,SCR,"Mudkhed, Maharashtra"
SNH,SAUNSHI,SWR,"Saunshi, Karnataka"
SSGJ,SURSARAIGHAT JH,WCR,"Shidi, Madhya Pradesh"
PAV,PEDANA,SCR,"Pedana, Andhra Pradesh"
SJPM,SUJATA PURAM HALT,SWR,"Nanjangudu, Karnataka"
STR,SATARA,CR,"SH 58, Maharashtra"
SRVN,SRAVANUR,SWR,"Sravanur, Karnataka"
SKU,SIKRODA,NCR,"Morena(0753-2226392), Madhya Pradesh"
SLB,SALBONI,SER,"Salbani, West Bengal"
SRJM,SIRJAM,SER,"Purulia District, West Bengal"
SSB,SHAKURBASTI,NR,"Pitampura, Delhi NCT"
SML,SHIMLA,NR,"Shimla, Himachal Pradesh"
KARO,KHARIO P.H.,?,", India"
SN,SUKNA,NFR,"Hill Cart Rd, West Bengal"
SMKT,SOMANKATTI,SWR,"State Highway 30, Karnataka"
SIRA,SIRHI ITARA,NCR,"Sirhiltara, Uttar Pradesh"
SOT,SHOHRATGARH,NER,"Railway Station, Uttar Pradesh"
SRMP,SIRSI MUKHDUMPR,NR,"Sirsi Mukhdumpr, Uttar Pradesh"
SURP,SURATPURA,NWR,"National Highway 65, Rajasthan"
PTS,PATANSAONGI,SECR,"Nagpur, Maharashtra"
SIY,SIRRY,SECR,"National Highway 43, Chhattisgarh"
KBPR,KABAKAPUTTUR,SWR,"Puttur, Karnataka"
SWO,SONWARA,NR,"National Highway 22, Himachal Pradesh"
SRTN,SIBSAGAR TOWN,NFR,"Sibsagar, Assam"
JMD,JAMDHA,CR,"Jamda, Maharashtra"
THAN,THAN JN,WR,"Thangadh, Gujarat"
TIP,TATTAPPARAI,SR,"State Highway 77, Tamil Nadu"
TJ,THANJAVUR,SR,"Thanjavur, Tamil Nadu"
THPR,TIPPAPUR,SCR,"National Highway 7, Andhra Pradesh"
SUNR,SURENDRANAGAR,WR,"Surendra Nagar, Gujarat"
TLMG,TALMADUGU,?,"Sitagondi, Andhra Pradesh"
TL,TILONIYA,NWR,"Ajmer, Rajasthan"
SUNM,SUNAMAI HALT,NR,"Sunamai, Uttar Pradesh"
THM,THALYAT HAMIRA,NWR,"Hamira, Rajasthan"
TGT,TINAI GHAT,SWR,"National Highway 4A, Karnataka"
SVL,SEVALIYA,WR,"Sevaliya, Gujarat"
THX,TOVALAI,SR,"Thovalai, Tamil Nadu"
THW,THARWAI,NR,"Tharwai, Uttar Pradesh"
SVNR,SAVANUR,SWR,"State Highway 6, Karnataka"
STE,SAGARKATTE,SWR,"Sagarkatte, Karnataka"
TBTN,THANA BHAWAN TN,NR,"Thana Bhawan, Uttar Pradesh"
TIC,TIMMACHIPURAM,SR,"Karur, Tamil Nadu"
TDO,TANDA URMAR,NR,"Urmar Tanda, Punjab"
SZN,SHAHBAZNAGAR,NER,"Shahbaznagar, Uttar Pradesh"
SZV,SIVADI,SWR,"Dharmapuri, Tamil Nadu"
TBA,TIMBA ROAD,WR,"National Highway 59, Gujarat"
SUBR,SUBHAGPUR,NER,"MDR 10E, Uttar Pradesh"
SRBA,SARAGBUNDIA,SECR,"Janjgir-Champa, Chhattisgarh"
SZY,SILAK JHORI,ECoR,"National Highway 16, Chhattisgarh"
TKP,TAKIPUR,ER,"National Highway 60, West Bengal"
SRJN,SIRAJNAGAR HALT,ER,"Sirajnagar, West Bengal"
SXC,SONDALIA,ER,"Sondalia Railway Station, West Bengal"
TBD,TELIBANDHA,SECR,"Telibandha, Chhattisgarh"
TNUE,TINDAULI,NCR,"Tindauli, Uttar Pradesh"
TRM,TIRUNAGESVARAM,SR,"Ayyavadi, Tamil Nadu"
TWL,TILWARA,NWR,"Barmer, Rajasthan"
TTI,TURTIPAR,NER,"Mujouna Gawn, Uttar Pradesh"
UPW,UPPALAVAI,SCR,"Uppalwai Main Rd, Andhra Pradesh"
URPR,UGRASENPUR,NR,"Janghai, Uttar Pradesh"
VBN,VALLABHNAGAR,NWR,"MDR 36A, Rajasthan"
TUWA,TUWA,WR,"National Highway 59, Gujarat"
UJA,UNJHA,WR,"Unjha, Gujarat"
VND,VENDRA,SCR,"Mogollu Rd, Andhra Pradesh"
VP,VIRAPUR,SCR,"Anantapur, Andhra Pradesh"
TVG,TAVARGATTI,SWR,"State Highway 34, Karnataka"
TP,TIRUCHIRAPPALLI FORT,SR,"Tiruchirapalli Fort Station Road, Tamil Nadu"
UNLA,UNAULA,NER,"Gorakhpur, Uttar Pradesh"
KPB,KHARPOKHRA,ECR,", India"
VRL,VERAVAL,WR,"Veraval, Gujarat"
VEER,VEER,KR,"Lonere - Mangaon 02145270055, Maharashtra"
VBW,VAIBHAVWADI RD,KR,"Sindhudurg, Maharashtra"
THA,TEHTA,ECR,"Tehta, Bihar"
VEN,VERNA,KR,"South Goa 0832-2754289, Goa"
TPB,TRILOKPUR,NER,"Semari - Bisokhar Rd, Uttar Pradesh"
DBNR,DIBNAPUR,NER,"Dibnapur, Uttar Pradesh"
TMKA,TOMKA,ECoR,"Orissa, Orissa"
UJH,UJHANI,NER,"Ujhani, Uttar Pradesh"
UBN,UBARNI,NR,"National Highway 24B, Uttar Pradesh"
TMS,TUMSAR TOWN,SECR,"State Highway 249, Maharashtra"
TXD,TYADA,ECoR,"Vishakhapatnam, Andhra Pradesh"
UMG,UTTANGAL MANGALAM,SR,"State Highway 10, Tamil Nadu"
MPKT,CHENNAI PARK TOWN,SR,"Chennai, Tamil Nadu"
WL,WARANGAL,SCR,"Warangal, Andhra Pradesh"
MRPR,MAU RANIPUR,NCR,"NH 75, Uttar Pradesh"
VVA,VARVALA,WR,"Jamnagar, Gujarat"
MGO,MAHISGAON,CR,"State Highway 77, Maharashtra"
ZW,ZAWAR,NWR,"National Highway 8, Rajasthan"
WRS,WARIS ALEGANJ,ECR,"Warisaliganj, Bihar"
VZPH,VAZEERPUR HALT,NER,"Lilhar Mudia Link Rd, Uttar Pradesh"
WTJ,JAM WANTHALI,WR,"Ranuja Village Rd, Gujarat"
PRI,PATHRI,NR,"Haridwar, Uttarakhand"
VPG,VENTRAPRAGADA,SCR,"Krishna, Andhra Pradesh"
VVKP,VIVEKANAND PURI HALT,NR,"Sarai Rohilla, Delhi NCT"
PUS,PHUSRO,ECR,", India"
VSG,VASCO DA GAMA,SWR,"Mormugao, Goa"
VLTR,VADALI LUTER ROAD,WR,"Vadali Luter, Gujarat"
LOD,LEKODA,WR,"Ujjain, Madhya Pradesh"
VJR,VIJAYANAGAR,SWR,"Miraj Road, Maharashtra"
VRR,VIRPUR,WR,"Rajkot, Gujarat"
OREH,ORE HALT,?,", India"
YFP,YUSUFPUR,NER,"MDR 94E, Uttar Pradesh"
VJD,VIJPADI ROAD,WR,"Dolti-Rajula Rd, Gujarat"
MVS,MANAVASI,SR,"Manavasi, Tamil Nadu"
VINH,VINHERE,KR,"Raigad, Maharashtra"
MRDW,MURDESHWAR,KR,"Murudeshwara, Karnataka"
KUDA,KUNDAPURA,KR,"Basrur, Karnataka"
KZE,KANHANGAD,SR,"Kanhangad, Kerala"
NROD,NARI ROAD,WR,"SH 6, Gujarat"
WDG,WADEGAON,SECR,"Warsa Rd, Maharashtra"
VSW,VISAVADAR,WR,"Visavadar, Gujarat"
NRPD,NARAYANPET ROAD,SCR,"SH 51, Karnataka"
SBY,SOLAN BREWERY,NR,"Solan, Himachal Pradesh"
KSJF,KASGANJ MG,NER,"Kasganj, Uttar Pradesh"
WND,WAN ROAD,SCR,"Dhulghat, Maharashtra"
VLU,VADALUR,SR,"Vadalur, Tamil Nadu"
VLV,VALLIVEDU,SCR,"Vallivedu, Andhra Pradesh"
MANI,MANI HALT,ECR,"Mani, Bihar"
TAA,TADLA PUSAPALLI,SCR,"Mahbubabad, Andhra Pradesh"
CHRG,CHORGI,SWR,"Bijapur, Karnataka"
SNAD,SANIYAD,WR,"Palej, Gujarat"
SRDR,SARDARSHAHR,NWR,"SH 6, Rajasthan"
SRGR,SARAYGARH,ECR,"Saraygarh, Bihar"
PTU,PARTUR,SCR,"Jalna, Maharashtra"
AGY,AGORI KHAS,NCR,"State Highway 5, Uttar Pradesh"
SVPI,SHIVPURI,WCR,"Shivpuri, Madhya Pradesh"
MUO,MASANGAON,WCR,"Harda, Madhya Pradesh"
KWAE,KATWA,ER,"Katwa, West Bengal"
VNRD,VANI ROAD,WR,"State Highway 17, Gujarat"
JAN,JARANGDIH,ECR,", India"
BOR,BOISAR,WR,"Boisar, Maharashtra"
WGI,WAGHAI,WR,"Waghai, Gujarat"
BMF,BASMAT,SCR,"Basmath, Maharashtra"
CGF,CHARALI,NFR,"Madhubon to Naoholia Rd, Assam"
CJ,KANCHIPURAM,SR,"Kanchipuram, Tamil Nadu"
CKDL,CHAKDAYALA,NR,"Chhan Rorian, Jammu and Kashmir"
CJN,CHHATNA,SER,"Chhatna, West Bengal"
SVX,SAVARDA,KR,"Ratnagiri, Maharashtra"
URP,UDAIRAMPUR,ER,"Udairampur, West Bengal"
STD,SATROD,NWR,"Haryana, Haryana"
CHHU,CHHANVA,SER,"Mayurbhanj, Orissa"
PASA,PARASHSHALA,SR,"Parassala, Kerala"
KDPA,KHADAPA,ECoR,", India"
NMK,NIM KA THANA,NWR,"Neem Ka Thana, Rajasthan"
KLAT,KHELPATTA,IR,", India"
MUHI,MURHARI HALT,IR,", India"
SZH,SAONGA HALT,SECR,"Saonga, Madhya Pradesh"
DDC,DUM DUM CANTT.,ER,"Dum Dum Cantt, West Bengal"
PLY,PLASSEY,ER,"Plassey, West Bengal"
CKX,CHAKUR,SCR,"MSH3, Maharashtra"
PCMK,PACHARMALIKPURA,NWR,"State Highway 19, Rajasthan"
BCRD,BARCHI ROAD,CR,"State Highway 26, Madhya Pradesh"
BUDI,BUNDI,WCR,"Bundi, Rajasthan"
CJQ,CHAMPAJHARAM,SER,"National Highway 23, Orissa"
VRG,VIKRAMNAGAR,WR,"Ujjain, Madhya Pradesh"
BYC,BELLARY CANT,SWR,"Bellary, Karnataka"
BWF,BUTEWALA,NR,"Village Sadhara Rd, Punjab"
SPY,SARSONPURI,SECR,"National Highway 43, Chhattisgarh"
BSDA,BANIYA SANDA DHORA,NWR,"Barmer, Rajasthan"
BXP,BARPATHAR,NFR,"Railway Station, Assam"
GRF,GAMBHIRI ROAD,WR,"National Highway 79, Rajasthan"
BEC,BERACH JN CABIN,IR,", India"
PPNI,PARAS PANI,IR,", India"
NDT,NATHDWARA,NWR,"SH 49, Rajasthan"
JNU,JAUNPUR JN,NR,"Jaunpur, Uttar Pradesh"
UMRI,UMRI,SCR,"Nanded, Maharashtra"
BXLL,BILLI,ECR,"Obra, Uttar Pradesh"
BHPA,BAHRUPIYA HALT,ER,"Bahirpuya, West Bengal"
SPP,SHAHPUR PATOREE,ECR,"Samastipur, Bihar"
MSSD,MAHESHARI SANDHUAN,NR,"Firozpur Rd, Punjab"
ASSH,AISHBAGH,IR,", India"
BDJ,VADAKARA,SR,"Calicut, Kerala"
KADH,KHAIRADIH HALT,ECR,"Khairadih, Bihar"
BXL,BHEDUASOL,SER,"National Highway 60, West Bengal"
AMPR,AMARPURA RATHAN,NWR,"MDR 103, Rajasthan"
BWA,BHINWALIYA,NWR,"Pindwara, Rajasthan"
JNX,JAGNATH ROAD HALT,NWR,"Jalor, Rajasthan"
MBSK,MARWAR BALIA,NWR,"Marwar, Rajasthan"
BEJ,BENIGANJ,NR,"Sitapur, Uttar Pradesh"
BSDR,BANSADHARA HALT,ECoR,"Lihuri Rd, Andhra Pradesh"
SPR,SONARPUR JUNCTION,ER,"Kolkata, West Bengal"
SPB,SONEKPUR HALT,NR,"Bilari, Uttar Pradesh"
PQA,PIPLA HALT,SECR,"Pipla, Maharashtra"
BIRL,BIRAUL,ECR,"Darbhanga, Bihar"
GRZ,GURTHURI,NR,", India"
JNT,JAINTIPURA,?,"National Highway 15, Punjab"
PQH,PINDKEPAR HALT,IR,", India"
JNZ,JENAL,NWR,"Bhildi, Gujarat"
PQN,PARIAWAN KALAKANKAR ROAD,NR,"Pwn Klaknder Rd, Uttar Pradesh"
JNN,JAMUNIATAND,ECR,"Jamuniatand, Jharkhand"
CKM,CHAUKI MAN,NR,"Chauki Maan, Punjab"
BEI,SHIMOGA BIDARE,IR,", India"
BEM,BUDAUN,NER,"Badaun, Uttar Pradesh"
METR,METHI TIKUR,IR,", India"
BWV,BHIWAPUR,SECR,"Bhiwapur, Maharashtra"
SMDC,SAWAI MADHOPUR D CABIN,IR,", India"
APQ,ADITPARA,IR,", India"
MOTA,MOTA,NCR,"Mota, Uttar Pradesh"
SWNR,SEWA NAGAR,NR,"South Extension 1, Delhi NCT"
LO,LOLIYA,WR,"State Highway 1, Gujarat"
NON,NONAR HALT,IR,", India"
HLB,HADALA BHAL,WR,"Limbadi to Hadala Rd, Gujarat"
RLR,RAILA ROAD,NWR,"Raila, Rajasthan"
EDA,ITWAN DUNDAILA,IR,", India"
PDJ,PHIDING,IR,", India"
SMDP,SHAHABAD MOHAMADPUR,NR,"Dwarka, Delhi NCT"
KTOA,KOTANA,NWR,"Kotana, Rajasthan"
TJM,TURINJAPURAM,IR,", India"
KYV,KOYILVENNI,SR,"Kovilvenni, Tamil Nadu"
ROHN,ROHEDNAGAR HALT,NR,"Delhi-Rohtak Corridor, Haryana"
SPL,SUNDARAPERUMAL KOVIL,SR,"Thanjavur, Tamil Nadu"
NOY,NOYAL,IR,", India"
KCYN,KACHHIYANA HALT,IR,", India"
LW,LORWADA,IR,", India"
EDD,EDDULADODDI,SCR,"Pyapili, Andhra Pradesh"
RLP,HARLAPUR,SWR,"National Highway 63, Karnataka"
GRH,GHORASAHAN,IR,", India"
NOH,NIGOHI,NER,"Nigohi, Uttar Pradesh"
AIH,ALAWALPUR I PUR,NR,"Alawalpur, Uttar Pradesh"
DPU,DIPHU,NFR,"Diphu, Assam"
MPRD,MATHURAPUR ROAD,ER,"State Highway 3, West Bengal"
DLDE,DALDALI,NFR,"Diphu, Assam"
LD,LONDA JN,SWR,"Londa, Karnataka"
BYH,BHITI,NER,"Handia, Uttar Pradesh"
DPO,DAMANPUR,IR,", India"
HLR,HALISAHAR,ER,"Kanchrapara, West Bengal"
TJW,TEJPURWA HALT,IR,", India"
HLE,HEELALIGE,SWR,"Chandapura -Dommasandra Road Bengaluru, Karnataka"
DPW,DHAPEWARA,SECR,"State Highway 11, Madhya Pradesh"
SMDT,SEMMANDAPPATTI,SWR,"Salem, Tamil Nadu"
BAWA,BALWARA,NWR,"State Highway 38, Rajasthan"
RKJE,RAKHITPUR,ECR,"Jairampur More to Baliapur, Jharkhand"
LMU,LIMARUA,SECR,"Chiraidongri, Madhya Pradesh"
KLLF,KALOL JN,IR,", India"
LB,LAIN BAZAR,IR,", India"
KNYR,KANIURU HALT,SWR,"Kaniyoor, Karnataka"
APP,AMBAPENDARPUR HALT,IR,", India"
KADI,KADI,WR,"Kadi, Gujarat"
APU,ANIPUR,NFR,"Anipur, Assam"
APJ,AMARPUR JORASI,NWR,"Narnaul, Rajasthan"
APK,ARUPPUKKOTTAI,IR,", India"
API,AKKARAIPPATTI,IR,", India"
KTKH,KOTLAKHERI,WR,"East Nimar, Madhya Pradesh"
KXZ,KESARIYA ROAD,IR,", India"
SABD,SALABAD,IR,", India"
KURN,KHUKRANA,IR,", India"
KXR,KURIA,IR,", India"
KLKH,KALLADAKA,IR,", India"
BTYA,BHATARIYA,IR,", India"
RJK,RAJA KA SAHASPUR,NR,"Bilari, Uttar Pradesh"
KTMA,KOTMA,SECR,"Kotma, Madhya Pradesh"
BSBN,BHUSAWAL B CABIN,IR,", India"
PSRY,PASHWASHRAYA,IR,", India"
CKLA,CHAK BANWALA,NR,"Chimne Wala, Punjab"
JIGT,JIRIGHAT,IR,", India"
KADR,KADIYADRA,WR,"State Highway 10, Gujarat"
TJD,TAJPUR DEHMA,NER,"Gosalpur Rd, Uttar Pradesh"
CLI,CHALGERI,SWR,"Chalageri, Karnataka"
JGBR,JOGESHWAR BIHAR,IR,", India"
SDVL,SOLDEVANAHALLI,SWR,"Bengaluru, Karnataka"
LOL,LOLIEM,IR,", India"
KMMD,KIRMITI MENDHA,IR,", India"
KRPC,KHARIA-PIPRA HALT,IR,", India"
BLRE,BELSIRI,IR,", India"
DRQ,DHARMINIYA,IR,", India"
DRE,DHOGRI,NR,"Dhogri, Punjab"
KKLR,KAIKOLUR,SCR,"Kaikalur, Andhra Pradesh"
KYSD,KAIYAL SEDHAVI,WR,"State Highway 217, Gujarat"
KLYH,KALLUR YEDAHLI,SWR,"Kallur Yedahli, Karnataka"
KYSB,KAIYAL SEDHAVI,IR,", India"
DHE,DODHI,NER,"Dodhi, Uttar Pradesh"
BRDV,BARADEV,NR,"State Highway 38, Uttar Pradesh"
TKLN,TARRAKALAN,NCR,"Tarrakalan, Madhya Pradesh"
MKHI,MAKHI,NR,"Unnao, Uttar Pradesh"
CLU,CHILAKALAPUDI,SCR,"Machilipatnam, Andhra Pradesh"
BRDH,BARDHANA HALT,IR,", India"
PSV,PARSNEU,IR,", India"
HNZM,DELHI HAZRAT NIZAMUDDIN,IR,", India"
TKLB,TAKLI BHANSALI,SECR,"National Highway 69, Maharashtra"
PSX,PATANSAONGI TOWN HALT,SECR,"Patansaongi, Maharashtra"
BCT,MUMBAI CENTRAL,WR,"Mumbai, Maharashtra"
PDF,PADAMPUR,IR,", India"
TDH,TINDHARIA,NFR,"National Highway 55, West Bengal"
KZA,KHADA,NER,"Khadda Katai Bharpurva Bandh, Uttar Pradesh"
RGBD,RAMGANGA,IR,", India"
QBW,QUBARWALA,IR,", India"
PPRH,PIPARAHAN HALT,IR,", India"
DET,DET,IR,", India"
ACN,ADHICHCHANUR,IR,", India"
KPLR,KOPARLAHAR,NR,"National Highway 88, Himachal Pradesh"
MU,MAKANSAR,IR,", India"
RKSH,RISHIKESH,NR,"Rishikesh, Uttarakhand"
NZG,NAZARBAG,IR,", India"
MPF,MUIRPUR ROAD,IR,", India"
AVC,AMRAVATHI COLONY,IR,", India"
KLRS,KOLARAS,WCR,"Shivpuri, Madhya Pradesh"
CSMA,CHANASMA JUNCTION,WR,"Chanasma, Gujarat"
CGKR,CHANDAGIRIKOPAL,?,"State Highway 7, Karnataka"
BDJR,BHADORA JAGIR,IR,", India"
KAG,KODAGANUR,SWR,"State Highway 47, Karnataka"
BMRN,BHIMRANA,IR,", India"
CAPA,CHHAPRA JN,IR,", India"
NDPL,NDPL,IR,", India"
BAR,BAR,NWR,"Haripur, Rajasthan"
KJGY,KHANALAMPURA GY,IR,", India"
RLA,RAJULA JN,WR,"Baraf Tana, Gujarat"
TKND,TRIVIKRAMDEO NAGAR,IR,", India"
DVGM,DEVGAM,IR,", India"
SNBR,SONUABARY,IR,", India"
HRSN,HARISINGA,IR,", India"
SPGN,SRIPURIA GAON,IR,", India"
TNJR,TAJ NAGAR,IR,", India"
LIM,SONALIUM,IR,", India"
PPRN,PIPRAN,IR,", India"
GPPR,GOPALPUR,IR,", India"
BMNL,BAMANWALI HALT,IR,", India"
UDKN,UDAYPUR KHURD,IR,", India"
JUL,JHULASAN,WR,"Mehsana, Gujarat"
KGVE,KONAGAVALLI HALT,IR,", India"
DOT,DHAKIA TIWARI,NER,"Dhakia Tiwari, Uttar Pradesh"
BHTH,BHAIROPATTI HALT,IR,", India"
MTWN,MITEWANI,IR,", India"
KVNJ,KAPADVANJ,WR,"Kapadvanj, Gujarat"
NCN,NACHINDA PH,IR,", India"
VINA,VINA,IR,", India"
LIJ,LAKSHMIGANJ,IR,", India"
KULH,KULHA-HALT,IR,", India"
KTKS,KANTAKOSH HALT,IR,", India"
STB,SHANTIPUR,ER,"National Highway 34, West Bengal"
NCE,NALACHERUVU EAST,IR,", India"
DSN,DARSANA,IR,", India"
TKMG,TIKAMGARH,IR,", India"
NKPU,NEKPUR,IR,", India"
KGVL,KADAGARAVALLI,IR,", India"
MDPJ,MADANAPUR HALT,IR,", India"
PATR,PARAMJEEVAR TARAJEEVAR,IR,", India"
NLNR,NULEMURU HALT,IR,", India"
LKU,LAL KUAN,NER,"Lalkuan, Uttarakhand"
KAJG,KARANJGAON,IR,", India"
MRX,MURUD,CR,"State Highway 162, Maharashtra"
SKAR,SAKARIYA,IR,", India"
NLL,NALLI,IR,", India"
PDGM,PUDUNAGARAM,IR,", India"
KLVD,KALAVAD,IR,", India"
JHL,JAKHAL JN,NR,"Jakhal, Haryana"
MCLA,MACHERLA,SCR,"Macherla, Andhra Pradesh"
MEG,MELENG,IR,", India"
WWA,VAVANIYA,IR,", India"
DEIT,DEHIT,IR,", India"
TMGN,THAMLA MOGANA,IR,", India"
AMRI,ANAJ MANDI,IR,", India"
BMPT,BANNI MAHAMMAN,IR,", India"
TKA,TEHARKA,NCR,"National Highway 75, Uttar Pradesh"
CKHS,CHIKHALE,IR,", India"
DSBC,DELHI SHAHDARA BLOCK CABIN,IR,", India"
SDPN,SINDPAN,IR,", India"
AHJU,AHJU,NR,"National Highway 20, Himachal Pradesh"
LLKN,LAL KALAN,IR,", India"
BOZ,BOLARUM BAZAR,SCR,"Secunderabad, Andhra Pradesh"
SVN,SIVUNGAON,SCR,"Nanded, Maharashtra"
PNSD,PANGARSHINDE HALT,IR,", India"
RJJN,RAJAJAN HALT,IR,", India"
UMNF,AMBLIYASAN JN,IR,", India"
PPTA,PATLIPUTRA,IR,", India"
LKBR,LAKSHMI BAI NAGAR,IR,", India"
DBLA,DABLA,NWR,"National Highway 79, Rajasthan"
VPDA,VIDYAPATIDHAM,IR,", India"
GTLW,GUNTAKAL WEST,IR,", India"
SVDK,S M V D KATRA,IR,", India"
RPAN,RANGAPARA NORTH,IR,", India"
VEK,VELLARAKKAD,SR,"Vellarakkad Railway Station, Kerala"
CGON,CHAYGAON,NFR,"National Highway 37, Assam"
GNAN,GONDA JN,IR,", India"
DIE,DEMAI,IR,", India"
PTKC,PATHANKOT CANTT,IR,", India"
EC31,KHARUARA HALT,IR,", India"
PWA,POWAI,IR,", India"
NAB,NAGBHIR JUNCTION,SECR,"Nagbhir, Maharashtra"
NAK,NAKSALBARI,IR,", India"
UDPR,UDAIPURA,IR,", India"
KNWF,KHANDWA JN,IR,", India"
SVS,SRINIVASPUR,IR,", India"
NMDR,NIMDANRI,ER,"Madhyampur Station Rd, West Bengal"
KCU,KACHHIAA,NER,"Badaun, Uttar Pradesh"
MHPR,MAHIYARPUR,IR,", India"
BTCN,BALAGHAT,IR,", India"
MHPE,MHOPE,IR,", India"
JLRF,JETALSAR JN,IR,", India"
SDPH,SARDAR PATEL HALT,IR,", India"
IMBG,IMLIBIGHA HALT,IR,", India"
XKA,KAMTA,IR,", India"
MKZ,MAHKEPAR ROAD,IR,", India"
SKAP,SK PARA,NFR,"National Highway 44, Tripura"
MMCC,MOOR MARKET,IR,", India"
DKR,DEKPURA HALT,IR,", India"
KRHT,KHARAHAT,IR,", India"
JDW,JARAUDA NARA,NR,"MuzaffarNagar, Uttar Pradesh"
MAYR,MAYAR,IR,", India"
VKM,VENKATESAPURAM,IR,", India"
SXQ,SUAHERI,IR,", India"
PPVL,PIRAPPANVALASAI,SR,"Pirappan Valasai, Tamil Nadu"
NARA,NARA HALT,IR,", India"
KER,KIRIHRAPUR,NER,"Kirihrapur, Uttar Pradesh"
PLVR,PALAM VIHAR HALT,IR,", India"
GGKR,GOVINDGARH KHOKHAR,NR,"Govindgarh, Punjab"
PLVA,PALLEVADA,SCR,"Pallevada, Andhra Pradesh"
NDIM,NANDAIGRAM HALT,IR,", India"
MGD,MUGAD,SWR,"State Highway 34, Karnataka"
TBAE,TRIBENI,ER,"Tribeni, West Bengal"
URL,UNJALUR,SR,"Unjalur, Tamil Nadu"
BMM,BHASKARPARA,IR,", India"
DKW,DHANAKWADA,IR,", India"
IVL,ILAVELANGAL,SR,"Ottanatham - Maniyachi Rd, Tamil Nadu"
GZS,GIANI ZAIL SINGH SANDHWAN,NR,"Distt Faridkot, Punjab"
SHB,SHAHIBAG,IR,", India"
BMC,BHIMALGONDI,SECR,"State Highway 19, Madhya Pradesh"
TBR,TAIABPUR,IR,", India"
BSWD,BHEMSWADI,IR,", India"
TKTB,THAKURBARI,IR,", India"
RMC,RAM CHAURA ROAD,NR,"National Highway 24B, Uttar Pradesh"
GHLU,GHALLU,IR,", India"
BMN,BHIMANA,NWR,"Abu Road, Rajasthan"
PRDH,PIR DULHE SHAH HALT,IR,", India"
KEJ,KATHLEEGHAT,NR,"Shoghi, Himachal Pradesh"
MRDG,MARADANGA,IR,", India"
MRDA,MARODA,IR,", India"
LUA,LALURI KHERA,IR,", India"
KEMP,KEMPALSAD,IR,", India"
SGUD,SILIGURI,IR,", India"
CHNH,CHANNI HALT,IR,", India"
KTGO,KOTGAON,IR,", India"
PAAL,PALA,IR,", India"
SXV,SUKU,IR,", India"
NARD,NAIKA ROAD,IR,", India"
RAKD,RADHA KUND,IR,", India"
BHMA,BAGHMARA HALT,IR,", India"
ZPR,ZORAWAR PURA HALT,IR,", India"
OM,OMKARESHWAR ROAD,WR,"SH 27, Madhya Pradesh"
AGTR,AGAUTHAR HALT,IR,", India"
NES,NATESAR,IR,", India"
KNLE,KANALE,IR,", India"
BRMT,BARAMATI,CR,"Baramati, Maharashtra"
MHKT,MOHKHUTI,IR,", India"
GNGR,GUNGRANA,IR,", India"
MCO,MOTIHARI COURT,IR,", India"
MXM,MINATCHIPURAM,IR,", India"
OPN,ONNUPURAM HALT,IR,", India"
GDH,GIDNAHALI,IR,", India"
KUKA,KHUI KHERA,IR,", India"
BNJN,BINJANA,IR,", India"
GDW,GADHWALA,IR,", India"
MCL,MADIMANGALAM,IR,", India"
BUGN,BHURJIHA BARAGN,IR,", India"
LKJN,LINK JN. CABIN,IR,", India"
JHH,JHALRA HALT,IR,", India"
KTES,KATNI SOUTH,IR,", India"
KGH,KOTEGANGUR,IR,", India"
CLKN,CHUCHELA KALAN,IR,", India"
GDI,GUDGERI,SWR,"Gudgeri, Karnataka"
DLPR,DAYALPUR,IR,", India"
CKRD,CHAKMAKRAND,IR,", India"
BHCH,BLOCK CABIN CHAKKI BANK,IR,", India"
KNSN,KARNA SUBARNA,ER,"Khagraghat - Chowrigacha, West Bengal"
APCH,ALIPURDUAR COLLEGE,IR,", India"
CRZ,CARANZOL,IR,", India"
KNSR,KANASAR,NWR,"Lalgarh, Rajasthan"
HSDA,HANSDIHA,IR,", India"
GUSB,GHUMASAN BG,IR,", India"
MXZ,MOHDARA HALT,IR,", India"
OHAN,OHANCABIN,IR,", India"
BIE,BHISTENHATTI,IR,", India"
AWT,ALWAR TIRUNAGRI,SR,"Thoothukudi, Tamil Nadu"
MUDI,MUDUDI,IR,", India"
BUGY,BUGIA HALT,IR,", India"
IGTA,INGOHTA,NCR,"National Highway 86, Uttar Pradesh"
GNGT,GANGATOLIA,IR,", India"
DHOA,DHAULPUR,IR,", India"
SHER,SHER,IR,", India"
BICI,BARKICHAMPI,IR,", India"
JBPN,JABALPUR JN (NG),IR,", India"
SLQ,SALONA ASSAM,IR,", India"
DGT,DHULGHAT,SCR,"Amlakhurd, Maharashtra"
DGY,DIGHORI BUZURG,IR,", India"
PH,PANOH,IR,", India"
MCY,MACHRIAWAN,IR,", India"
KIK,KARAIKAL,IR,", India"
KIF,KURI,IR,", India"
PSJ,PATASAHI,SER,"National Highway 23, Orissa"
JLT,JHAMAT HALT,IR,", India"
CKN,CHINTA KANI,SCR,"Chinta Kani Station, Andhra Pradesh"
CBSA,CHAIBASA,SER,"National Highway 75, Jharkhand"
KKR,KHAKHRALA ROAD,IR,", India"
SPPA,SHERPUR DHIPURA,IR,", India"
DNWF,DANGARWA,IR,", India"
PSS,PADSALI,IR,", India"
CHRA,CHHARRA,SER,"Purulia, West Bengal"
PKNS,POKHARNI NARASIMHA,SCR,"Pokharni Nrsnha, Maharashtra"
BHAS,BHOJRAS,IR,", India"
HNL,HINGOLI DECCAN,SCR,"Hingoli, Maharashtra"
ALAL,ALAL,IR,", India"
KARR,KHARAR,IR,", India"
BHAL,BHATIEL,IR,", India"
AGM,AGARAM SIBBANDI,IR,", India"
ASAR,ASRA HALT,IR,", India"
CTZ,CHAUNTRA BHATERH,NR,"Chauntra Bhater, Himachal Pradesh"
MUY,MUGAIYUR,IR,", India"
PAY,PAYYANUR,SR,"Kannur District, Kerala"
KRLR,KARAILA ROAD JN,ECR,"Main Road Singrauli-Jayant, Madhya Pradesh"
DAV,DEVALGAON AVCHAR,SCR,"Parbhani, Maharashtra"
NMY,NOONMATI,IR,", India"
VNEC,VIJAYAWADA NORTH EAST,IR,", India"
CKW,CHALKHOA,NFR,"Dibrugarh, Assam"
MNDV,MANDAWARIYA,IR,", India"
JLG,JULGAON DECCAN,IR,", India"
TKPY,TURAKAPALLI,IR,", India"
DAH,DEHARE,IR,", India"
ULG,UDALGURI,IR,", India"
NMM,NEW MISAMARI,IR,", India"
MSMI,MISAMARI,IR,", India"
AMBR,AMBIKA ROHINA,SCR,"Ambika Devi Rd, Maharashtra"
ORC,ORCHHA,NCR,"National Highway 75, Uttar Pradesh"
NTVT,NETHRAVATHI,IR,", India"
HNEO,HATHBANDH,IR,", India"
BSSL,BASI BERIASAL,WCR,"Bassi, Rajasthan"
CIP,CHICHPALLI,IR,", India"
SNTD,SANTALDIH,SER,"Purulia, West Bengal"
SNTN,SANTINAGAR HALT,IR,", India"
SNTH,SONTHALIYA,NWR,"National Highway 11, Rajasthan"
DPNR,DEEPNAGAR HALT,IR,", India"
GKV,GOTTIHALLI HALT,IR,", India"
JAMA,JAMA,ER,"Jama, Jharkhand"
HIVR,HIWARKHEDA,IR,", India"
PETA,PANDETOLA,IR,", India"
BWP,BHAWANIPUR KALAN,NER,"Bhawanipur Kalan, Uttar Pradesh"
LSE,LASERI,IR,", India"
KKV,KUNKAVAV JUNCTION,WR,"SH 104, Gujarat"
LOK,LOKNATH,ER,"Loknath Railway Station, West Bengal"
CKH,CHAKAND,ECR,"Chakand, Bihar"
CKK,CHAKARPUR,NER,"National Highway 125, Uttarakhand"
DCA,DAMCHARA,NFR,"Diakkawn Rd, Assam"
MOX,MORAN,IR,", India"
BRMR,BHARMAR,NR,"State Highway 22, Himachal Pradesh"
CVV,CHERUVU MADHAVARAM,SCR,"Cheruvu Madhavaram Station, Andhra Pradesh"
WDL,WANDAL,SWR,"Dam Inspection Rd, Karnataka"
WDN,VADGAON NILA,IR,", India"
MOJ,MOHANA,WCR,"Mohana, Madhya Pradesh"
KMV,KARMAD,SCR,"Aurangabad, Maharashtra"
DRS,DHARESHWAR,NWR,"Sojat Road, Rajasthan"
KNJJ,KANNJARA HALT,IR,", India"
BAGD,BAGWADA,IR,", India"
MRYA,MERIYANA,IR,", India"
RDRA,RAMDEVRA,NWR,"Ramdevra, Rajasthan"
SGNR,SHRI GANGANAGAR,NWR,"Sri Ganganagar, Rajasthan"
GKPE,GORAKHPUR EAST,IR,", India"
KPCM,KUWARCHINTAWA,IR,", India"
SAPR,SARANGPUR ROAD,WR,"State Highway 38, Gujarat"
GPAE,GUPTIPARA,ER,"Guptipara Railway Station, West Bengal"
WDM,WYNDHAMGANJ,ECR,"Sonebhadra, Uttar Pradesh"
KMD,KODUMUDI,SR,"Kodumudi, Tamil Nadu"
BUU,BHADANPUR,WCR,"National Highway 7, Madhya Pradesh"
ETB,ITARSI B CABIN,IR,", India"
CVP,KOVILPATTI,SR,"Kovilpatti, Tamil Nadu"
PAL,PALASNER,WCR,"Harda, Madhya Pradesh"
RNIS,RANOLISHISHU,NWR,"National Highway 11, Rajasthan"
GBB,GUBBI,SWR,"Gubbi, Karnataka"
PERN,PERNEM,KR,"North Goa, Goa"
NAWN,NAWAN,NWR,"State Highway 7, Rajasthan"
AEX,ADDERI,IR,", India"
JNDO,JEHANABAD COURT,IR,", India"
MCLE,MANCHILI,SCR,"Coastal Andhra Region, Andhra Pradesh"
AEK,ANEKAL ROAD,SWR,"Karnataka, Karnataka"
DCU,DAMALCHERUVU,SCR,"National Highway 18, Andhra Pradesh"
GBE,GAYABARI,IR,", India"
GKPI,GATE KAREPALLI,IR,", India"
KNJI,KARANJALI,IR,", India"
BAGA,BHAGEGA,NWR,"State Highway 37B, Rajasthan"
BAGJ,BARHARAGANI,IR,", India"
SLPR,SILPAPRABESH,IR,", India"
PLNI,PALANI,IR,", India"
CNDM,CHANDI MANDIR,NR,"Panchkula, Chandigarh"
CNDB,CHANDUR BAZAR,IR,", India"
MMVR,MURGA MAHADEV ROAD,IR,", India"
HSJ,HUSSAIN SAGAR J,IR,", India"
SRBG,SAROBAG,IR,", India"
NWBV,NWBV,IR,", India"
JSPR,JASHAPAR,IR,", India"
RUP,RUPAHIGAON,NFR,"Nagaon, Assam"
RF,RAFALESHWAR,IR,", India"
SGLA,SANGOLA,CR,"Sangole, Maharashtra"
BSA,BHAINSA,IR,", India"
BNNR,BHINDAR,IR,", India"
KOX,KACHUJOR,IR,", India"
INK,INTAKANNE,SCR,"Intikanne Station, Andhra Pradesh"
KZJF,KAZIPET F CABIN,IR,", India"
JDPT,JAGDISHPUR,IR,", India"
UBCN,ULHAS BRIDGE CABIN,IR,", India"
RG,RAJGHAT NARORA,NR,"Babrala, Uttar Pradesh"
SRDH,SARSADH,IR,", India"
IGRL,INGORALA,IR,", India"
LGCE,LAGARGAWAN,WCR,"Lagargawan, Madhya Pradesh"
JDPR,JAGDISHPUR,?,"Giridih, Jharkhand"
HSM,HAUSNAGAR,IR,", India"
VST,BIJAYSOTA,WCR,"State Highway 10, Madhya Pradesh"
SKPA,SHRIKALYANPURA,IR,", India"
DYS,DALAPATHY SAMUDRAM,SR,"Dhalapathisamudram, Tamil Nadu"
RGNH,RAGHUNATHGARH,IR,", India"
KVLS,KARAKAVALASA,ECoR,"Coastal Andhra Region, Andhra Pradesh"
SULH,SULHANI,NR,"Machhi Bugra, Punjab"
QCAB,QCAB,IR,", India"
AJLE,AZIMGANJ JN CABIN,IR,", India"
XCBN,XCBN,IR,", India"
TWI,TOTEWAHI HALT,IR,", India"
INP,INDAPUR,KR,"Indapur, Maharashtra"
INJ,INNANJE,IR,", India"
BJLP,BARAI JALALPUR,NER,"Sitapur National Highway 24, Uttar Pradesh"
KLGD,KOLLENGODE,IR,", India"
DWJN,DIVA JN. CABIN,IR,", India"
BRWH,BAHERWA HALT,IR,", India"
STKW,SULTANPUR KALIA,IR,", India"
HCNR,HARICHANDANPUR,ECoR,"Rd, Orissa"
NMUE,NUMAISHGARH HALT,IR,", India"
PTP,PATAL PANI,WR,"Mhow, Madhya Pradesh"
PTA,PATIALA,NR,"Patiala, Punjab"
DRPH,DEVRI P.H.,SECR,"Kaladehi, Madhya Pradesh"
NLKT,NALKATA,IR,", India"
PCZ,POCHARAM,SCR,"Khammam To Yellanddu Rd, Andhra Pradesh"
BSD,BASULDANGA,ER,"National Highway 117, West Bengal"
KOM,KODIKKALPALAIYM,IR,", India"
TFGN,TUFANGANJ,IR,", India"
MWAD,MOWAD,IR,", India"
COAC,COAC,IR,", India"
KPAW,KANCHRAPARA WORKSHOP GATE,IR,", India"
NLBR,NILAMBAZAR,NFR,"NH 44, Assam"
KADL,KUMRADOL,IR,", India"
SKPR,SIKARPUR HALT,IR,", India"
MRSH,MORSHI,IR,", India"
CHTL,CHURARU TAKRALA,IR,", India"
SUNW,SURENDRA NAGAR (W) CABIN,IR,", India"
SUNE,SUNE,IR,", India"
XGN,GOKULNAGAR,IR,", India"
HSX,HOSHIARPUR,NR,"Phagwara Road-Hoshiarpur, Punjab"
TSG,SITAPUR CITY (THOMASGANJ),IR,", India"
GUB,GULARBHOJ,NER,"Gular Bhoj Railway Station, Uttarakhand"
LRNC,LAKSAR NORTH CABIN,IR,", India"
LDU,LUNIDHAR,WR,"State Highway 104, Gujarat"
HOH,HONAGANAHALLI,SWR,"National Highway 218, Karnataka"
SE,SEMLA,IR,", India"
TELI,TELI,IR,", India"
ILA,SILSIMAN,SR,"Silaiman Railway station, Tamil Nadu"
MMRB,MANMAD B CABIN,IR,", India"
NSN,NASIRPUR HALT,IR,", India"
REP,RESAULI,IR,", India"
COP,KANPUR M. G. GOODS,IR,", India"
PEM,PERALAM JN,IR,", India"
UDR,AMDARA ROAD,WCR,"Amdara, Madhya Pradesh"
SFR,SAFRAI,NFR,"Suffry Station Chariali, Assam"
BURN,BURNPUR,SER,"CHITRA CINEMA HALL MORE, West Bengal"
KQX,KACHUJOR,IR,", India"
RWTB,ROWTA BAGAN,IR,", India"
CAO,CHAURADANO,IR,", India"
RSNA,RASANA HALT,IR,", India"
GRNA,GURHANWA,IR,", India"
PDPR,PURANDARPUR,NER,"National Highway 29, Uttar Pradesh"
HJLI,HUGRAJULI,IR,", India"
NSO,NASHIPUR ROAD,IR,", India"
ULTL,KULTI LINK CABIN,IR,", India"
PMDB,PAMIDI,IR,", India"
DCTL,DOMBIVLI CTL,IR,", India"
KQZ,KOLAR,IR,", India"
SVTN,SHIVATHAN,IR,", India"
GMI,GOND UMRI,IR,", India"
BMGN,BAMUNI GAON,IR,", India"
BQU,BHATTIPROLU,SCR,"Bhattiprolu, Andhra Pradesh"
CMGR,CHIKKAMANGLUR,IR,", India"
BURA,BAHUARA,IR,", India"
BHKA,BAHIRA KALIBARI,ER,"Bahira Kalibari Railway Station, West Bengal"
GNRD,GENOLI ROAD,IR,", India"
BYPA,BAIYYAPPANAHALLI,IR,", India"
VGDC,VIRAMGAM D CABIN,IR,", India"
URML,UPRAMAL,IR,", India"
NEYT,NTPC EXCHANGE YARD TALCHER,IR,", India"
JRRI,JRRI,IR,", India"
NCPM,NISHCHINDAPUR MARKET HALT,ER,"National Highway 117, West Bengal"
BRSA,BARWA KALAN,IR,", India"
JWK,JAWAHARPUR KAMSAN,IR,", India"
TMZJ,TMZJ,IR,", India"
HUN,HUNSENAHALLI,IR,", India"
DYW,DIYAWAN HALT,IR,", India"
GHB,GAHRI BHAGI,IR,", India"
JREA,JHAREDA,IR,", India"
JSL,JASSOWAL HALT,IR,", India"
KOWN,KHOWANG,IR,", India"
IDGH,INDARGARH,IR,", India"
BROR,BERORE,IR,", India"
MWZ,MAHISHADAHARI,IR,", India"
CHAH,CHAILAHA HALT,IR,", India"
LHD,LOHOGAD,SCR,"Akola, Maharashtra"
GHGL,GHAGWAL,NR,"Vijaypur Jammu, Jammu and Kashmir"
ADTL,ADHARTAL,WCR,"Jabalpur, Madhya Pradesh"
SISN,SISAUNA,IR,", India"
JSI,JASALI,IR,", India"
NWN,NANWAN,IR,", India"
PRWA,PARWAKHURD HALT,IR,", India"
KWC,KUNDWA CHAINPUR,IR,", India"
KSMB,KASTLA KASMABAD,ECR,"Kastla Kasmabad, Bihar"
DKJR,DHEKIAJILI ROAD,IR,", India"
AADR,AMB ANDORA,IR,", India"
BHHZ,BEHTA HAZIPUR HALT,NR,"Behta Hazipur, Uttar Pradesh"
BYNR,MOOKAMBIKA ROAD,KR,"Baindur, Karnataka"
KWH,KACHHWA ROAD,NER,"Kachhwa, Uttar Pradesh"
IBH4,IBH4,IR,", India"
IBH5,IBH5,IR,", India"
IBH6,IBH6,IR,", India"
IBH3,IBH3,IR,", India"
BRMO,BERMO,ECR,", India"
IBH1,IBH1,IR,", India"
IBH2,IBH2,IR,", India"
IBHG,IBHG,IR,", India"
NGHW,NAGESHWADI HALT,IR,", India"
SISM,SINGULI SHYAM,IR,", India"
SSGR,SISAI GULABRAI,IR,", India"
MWR,MAHANSAR,NWR,"Ramgarh, Rajasthan"
MGDR,MAGARDHARRA PH,IR,", India"
FGH,FATEHGARH HARYANA,IR,", India"
DASF,DHASA JN,IR,", India"
KAMR,KHURRAMPUR,IR,", India"
SHTS,SAMBHAL HATIM SARAI,NR,"Chandausi, Uttar Pradesh"
BECN,BIKANER EAST,IR,", India"
PKM,PERIYANAIKANPALAYAM,SR,"Periyanaickenpalayam, Tamil Nadu"
IBHE,IBHE,IR,", India"
SRJK,SURAJ KUNDA,IR,", India"
IBHF,IBHF,IR,", India"
IBHC,IBHC,IR,", India"
PKRH,PARSA KERWAN HALT,IR,", India"
TOR,TITUR,IR,", India"
TOI,TAMKUHI ROAD,IR,", India"
BFF,BARABHATI,IR,", India"
MROA,MORA,IR,", India"
SGDV,SOMA GUDDU,IR,", India"
KWB,KANIWARA,SECR,"Kanhiwada, Madhya Pradesh"
DJHR,DEOJHAR,IR,", India"
DEPI,DEENAPATTI,IR,", India"
IBHA,IBHA,IR,", India"
DKJB,DORNAKAL BYE PASS,IR,", India"
JUYA,JODHPURIYA,IR,", India"
DUE,DHURI JN,IR,", India"
BKRH,BRIJ KISHOR HALT,IR,", India"
SMGR,SAMAGURI,NFR,"Samaguri, Assam"
BTDR,BATADROWA ROAD,NFR,"Mathaouri Rd, Assam"
RTJ,RANTEJ,WR,"State Highway 19, Gujarat"
NRKG,NARKATIAGANJ JN,IR,", India"
KGLE,KHAGRAGHAT ROAD,ER,"Khagraghat, West Bengal"
BDK,BEDAG,IR,", India"
PRK,PARKHAM,IR,", India"
DWL,DHUWALA,IR,", India"
BYO,BAYALUVADDIGERI,IR,", India"
RJMA,RAJOMAJRA,IR,", India"
LNT,LINGTI,?,"State Highway 234, Maharashtra"
BYE,BANSI BOHERA,IR,", India"
PPS,PIPILIYA ROAD,IR,", India"
SQZ,VANCHANGIRI,IR,", India"
KLMJ,KALHE MAJRA,IR,", India"
KMHT,KARMAHAT,IR,", India"
KLMD,KOLLUMANGUDI,IR,", India"
BDA,VADODARA C CABIN,IR,", India"
GAGA,GALGALIA,IR,", India"
NAKD,NAIK DIH,IR,", India"
KSIH,KHODSEONI,IR,", India"
POY,POLLACHI JN,IR,", India"
BRIH,BAIRI HALT,IR,", India"
SDLK,SUNDLAK,IR,", India"
ISM,ISMAILA HARYANA,NR,"National Highway 10, Haryana"
PPK,PACHPOKHARIA,IR,", India"
KYG,KIDIYANAGA,IR,", India"
VBU,VEMBUR,IR,", India"
NNM,NANNILAM,IR,", India"
KYO,KHANDIKAR,IR,", India"
BATM,BATALA SUGAR MILLS,IR,", India"
HIS,HISUA,IR,", India"
LLD,LALAVADI,IR,", India"
IDS,ISHARDASPUR,IR,", India"
CGE,CHARGHAT PIPARI,IR,", India"
DLCB,DURG LINK CABIN,IR,", India"
SRSO,SARSOO,IR,", India"
DGPI,DURGAPURI,IR,", India"
IDT,SIDLAGHATTA,IR,", India"
BYQ,BAHAI,IR,", India"
SPBG,SIPRA BRIDGE,IR,", India"
BWO,BURAMARA,IR,", India"
PRNT,PERIYANAGATHUNAI,IR,", India"
IFFC,IFFCO CABIN,IR,", India"
TKG,THAKURGANJ,IR,", India"
MTRA,MATIGARA,IR,", India"
BRKH,BISAPUR KALAN HALT,SECR,"State Highway 19, Madhya Pradesh"
SUPR,SURAJPUR,IR,", India"
HMB,HAREBETTA,IR,", India"
SSU,SASA MUSA,IR,", India"
BGDI,BAGADIA PH,IR,", India"
POT,POTHIA,IR,", India"
POU,PADRAUNA,IR,", India"
HAN,HINDAUN CITY,WCR,"Karauli, Rajasthan"
MGRP,MEGH RAJ PURA,NR,"State Highway 22, Himachal Pradesh"
GPSA,GHATPARSIA HALT,IR,", India"
GHAI,GHATIGAON,WCR,"Ghatigaon, Madhya Pradesh"
SBIC,SABARMATI BRIDGE,IR,", India"
DSX,DESANG,IR,", India"
SUC,SUNAK,IR,", India"
CKKD,CHARKHERA KHURD,IR,", India"
AMPA,AMBALAPUZHA,SR,"ph 0477-2272620, Kerala"
SBID,SABARMATI D CABIN,IR,", India"
SUI,SUI,IR,", India"
MHWL,MACHROWAR,IR,", India"
KTLN,KHAT LABANA,IR,", India"
SUJH,SUJANGARH,NWR,"Sujangarh, Rajasthan"
NTDM,NITYANAND DHAM,IR,", India"
TEK,TEKKALI HALT,ECoR,"Tekkali, Andhra Pradesh"
SLBS,SALSALA BARI,IR,", India"
BTDF,BOTAD JN,IR,", India"
SBIS,SABARMATI SOUTH,IR,", India"
GJT,GANNAGHATTA,IR,", India"
DQV,DAULA KOT BHAI,IR,", India"
LHK,LAIHRA KHANA,IR,", India"
DNU,DALSANUR,IR,", India"
GKHT,GRAM KHARIKA,IR,", India"
RKO,RAMAKRISHNAPURAM GATE,SCR,"Secunderabad, Andhra Pradesh"
MWG,MINDALA,IR,", India"
DSAP,DELHI SHAHDARA A PANEL,IR,", India"
SNCA,SONACHARA,IR,", India"
RKL,RAMKOLA,IR,", India"
RKK,RATANGARH KANAKWAL,IR,", India"
DLGS,DUKLANGIA,IR,", India"
KTLP,KATALPUR HALT,IR,", India"
SETB,SESSA,IR,", India"
AUI,AURAHI,ECR,"Purnia, Bihar"
AUN,AURANG NAGAR,IR,", India"
BNLS,BANGI NIHAL SINGH,IR,", India"
HAR,HAMIRPUR ROAD,NCR,"Hamirpur, Uttar Pradesh"
WTP,WATER PIPE,IR,", India"
SLHI,SHILHAURI HALT,IR,", India"
RTG,RANGTONG,NFR,"Hill Cart Rd, West Bengal"
BLLT,BALLUPETE,IR,", India"
RTU,RATAN SARAI,IR,", India"
SDRA,SUDHARANA,NWR,"Sudharana, Haryana"
BVRM,BHIMAVARAM JUNCTION,SCR,"Bhimavaram, Andhra Pradesh"
NKW,NILAKANTHESWAR,ECoR,"Orissa, Orissa"
SKY,SHIKARA,SECR,"Shikara - Dhooma Rd, Madhya Pradesh"
DJB,DIJAOBRA,IR,", India"
BLR,BALGANUR,SWR,"Gadag, Karnataka"
MSHW,MUSHARWA HALT,IR,", India"
CHIT,CHITHARI HALT,IR,", India"
BRGP,BAJRANGPURA,IR,", India"
BRGT,BHERAGHAT,WCR,"Bheraghat, Madhya Pradesh"
SWU,SANAURA,IR,", India"
MHDA,MAHDEIYA,ECR,"Singrauli, Madhya Pradesh"
BRGJ,BARGAON GUJAR,IR,", India"
DHWS,DHOSAWAS,IR,", India"
VDK,VADAKANNIKAPURM,IR,", India"
KHNR,KACHNARA,IR,", India"
MMDA,MUTHALAMADA,IR,", India"
DV,DHUVA,IR,", India"
FRG,FARINGAPETE HALT,IR,", India"
CASA,CHHANSARA,IR,", India"
SNLR,SANTALPUR,WR,"Santalpur, Gujarat"
SIA,SHIVLANKHA,IR,", India"
SNMR,SONIYANA MEWAR,IR,", India"
MSHM,MAHESANA,IR,", India"
SWW,SHAHANAGAR TIMARUA,NCR,"Shahnagar, Uttar Pradesh"
NKV,NAKARDEI,IR,", India"
MMDL,MOHINI MANDAL(H,IR,", India"
GVR,GORESUAR,IR,", India"
SRRB,SHORANUR B CABIN,IR,", India"
KBY,KHOIRABARI,IR,", India"
PCAB,PCAB,IR,", India"
TNL,TANGLA,IR,", India"
SWT,SHIVWALA TEHU,IR,", India"
NGPB,NAGPUR (SE),IR,", India"
PLHL,PALLAHALLI HALT,IR,", India"
NJPS,NEW JALPAIGURI,IR,", India"
BARS,BARSANA,IR,", India"
LKMN,LOKMANYA NAGAR,WR,"Indore, Madhya Pradesh"
MSHF,MAHESANA,IR,", India"
TVTN,THAMBAWATI NAGRI,IR,", India"
SPYA,SIPAYA,IR,", India"
JUBS,JUBBASAHANI,IR,", India"
LSGS,LAVAN SATYAGRAHA SMARAK P.H,IR,", India"
HPLB,HATPURAINI,IR,", India"
CHT,CHAMPAHATI,ER,"Baruipur-Champahati Rd, West Bengal"
MMDP,MOHAMADPUR,IR,", India"
NEHL,NETHRANAHALLI H,IR,", India"
KBS,KUSMUDA BLOCK STATION,IR,", India"
SVGL,SHRIVAGILU,IR,", India"
GVP,GATE VANAMPALLI,IR,", India"
GOX,GOBINDPUR DUGLI,IR,", India"
KAKN,KAIMARKALAN,NCR,"Kaimarkalan, Madhya Pradesh"
BLV,BHELWA,IR,", India"
BLF,BALAJAN,IR,", India"
APRD,ASHAPURNA DEVI,IR,", India"
KNVH,KANIVEHALLI,IR,", India"
SEPN,SEPON,IR,", India"
HBG,HOWBAGH JABALPUR,WCR,"Jabalpur, Madhya Pradesh"
BHBT,BLOCK HUT BASANTPUR,IR,", India"
JMBL,JAMBHALI HALT,IR,", India"
TNNH,TAPASWINARAYAN NAGAR HALT,IR,", India"
STDB,SITAFALMANDI B,IR,", India"
AYD,AYANDUR,IR,", India"
AJKI,AJITKHERI,WR,"Devas, Madhya Pradesh"
MSDG,MASOBA DONGARGAON,IR,", India"
HXR,HANSAPORE,IR,", India"
MDUN,MADHURA NAGAR,IR,", India"
DDS,DUDH SAGAR,IR,", India"
KFN,KANOR,IR,", India"
CQS,CAPPER QUARRY,SR,"Cuddalore Township, Tamil Nadu"
AYN,AIYANAPURAM,SR,"Chinnakankeyampatti, Tamil Nadu"
FTH,FATUHI,NR,"National Highway 15, Rajasthan"
BDUA,BASUDEOPUR CHANDAIL HALT,IR,", India"
KLVR,KOLVIHIR,IR,", India"
HBQ,HUBLI EAST CAB,IR,", India"
MITA,MITHA,IR,", India"
BNWS,BHANWASA,IR,", India"
BUBR,BHUTAKIA BHIMSA,IR,", India"
GEK,GEGAL AKHRI,NWR,"Kishangarh, Rajasthan"
SLWR,SILAWAR,NR,"State Highway 57, Uttar Pradesh"
LJKR,LAJKURA CABIN,IR,", India"
MDN,MIDNAPORE,SER,"Medinipur, West Bengal"
MYX,METYAL SOHAR,SER,"West Bengal, West Bengal"
JGF,JOGIDIH,IR,", India"
PWK,PIPARIYA KALAN,WCR,"State Highway 11, Madhya Pradesh"
KMTI,KUMARHATTI,NR,"Kumarhatti, Himachal Pradesh"
KRTN,KIRTI NAGAR,NR,"Kirti Nagar, Delhi NCT"
TCH,TIRUCHCHULI,IR,", India"
ADRE,ADRA EAST CABIN,IR,", India"
KLSP,KUSHAL PURA,IR,", India"
TERH,TERHA HALT,IR,", India"
LVR,LOKVIDYAPITH NAGAR,NER,"National Highway 29, Uttar Pradesh"
LVK,LAKKAVARAPUKOTA,IR,", India"
JGP,JALALPUR,IR,", India"
BNWD,BHANDEWADI HALT,IR,", India"
HEN,HERIA PH,IR,", India"
KDHI,KALADEHI,SECR,"National Highway 7, Madhya Pradesh"
ICBN,ICBN,IR,", India"
JBCN,JODA BLOCK CABIN,IR,", India"
PPTN,PIPRITHAN,IR,", India"
SKLI,SUKLI,IR,", India"
ANGM,AUNGARI DHAM,IR,", India"
KATI,KANTHI P HALT,?,"Kanthi, West Bengal"
NTS,NATTRASANKOTTAI,SR,"Madurai - Thondi Rd, Tamil Nadu"
KDHN,KANDHARAN HALT,IR,", India"
BWBN,BEWAR BHOJAN,IR,", India"
GNDM,GUNRAJPUR DHAMA,IR,", India"
KBKN,KHABRA KALAN,IR,", India"
KRKM,KHARA-KAMERI,IR,", India"
JES,JAITSAR,IR,", India"
GGG,GANGAGARH HALT,IR,", India"
MDLM,MUNDALARAM,IR,", India"
KTDD,KATAIYA DANDI,NCR,"Kataiya, Uttar Pradesh"
KNRI,KUNURI,IR,", India"
KHW,KHERODA,IR,", India"
AJIT,AJIT,NWR,"State Highway 68, Rajasthan"
BKAC,BARKAKANA AVOIDING CABIN,IR,", India"
CMMG,CHAMUNDA MARG,NR,"Chamunda Marg, Himachal Pradesh"
X108,AMAN LODGE,IR,", India"
BLDL,BALLE-DA-PIR-LA,NR,"Balle da pir larath, Himachal Pradesh"
GURN,GURUDAS NAGAR,ER,"Diamond Harbour Rd, West Bengal"
SOA,SANOSRA,WR,"State Highway 25, Gujarat"
BGRR,BAGARPUR HALT,IR,", India"
FZR,FIROZPUR CANT,NR,"Firozpur, Punjab"
LMGF,LUMDING JN,IR,", India"
MDJN,MADAR JN,IR,", India"
TZH,TAKAZHI,IR,", India"
BVI,BORIVALI,WR,"Mumbai, Maharashtra"
PNTR,PENNATHUR HALT,IR,", India"
GM,GARMADI,IR,", India"
MBU,MELPATTAM BAKKAM,SR,"Pattampakkam, Tamil Nadu"
BANR,BHANER,IR,", India"
CUD,TIRUPPAPPULIYUR,SR,"Cuddalore, Tamil Nadu"
KWBR,KATWAR BAZAAR,IR,", India"
NXH,NIDAGHATTA,IR,", India"
LCAE,LALBAGH COURT ROAD,ER,"Lalbagh Court Road, West Bengal"
DKGN,DEKARGAON,IR,", India"
KBGB,KOMAGATA MARU BUDGE BUDGE,IR,", India"
BTJL,BHATKAL,KR,"Bhatkal, Karnataka"
BGRA,BAGHNAPARA,ER,"Kalna-Memari Rd, West Bengal"
MGTD,MEGHPUR TITODI,IR,", India"
LMGS,LUMDING SOUTH,IR,", India"
DMWP,DMW PATIALA HALT,IR,", India"
CSY,COSSYE,IR,", India"
DDNA,DUDHAUNDA,NER,"Aunrihar, Uttar Pradesh"
MNGR,MOHAN NAGAR,IR,", India"
DALF,DALI GANJ,IR,", India"
KMPS,KUMARA PATNAM BG SDG,IR,", India"
MABG,MATANA BUZURG,IR,", India"
IKD,IKDORI,NCR,"State Highway 2, Madhya Pradesh"
BLDK,BALAUDA TAKUN,WR,"State Highway 27, Madhya Pradesh"
KRMP,KUMARIPUR HALT,IR,", India"
GSRM,GAURI SRIRAM,IR,", India"
BBRA,BBRA,IR,", India"
JNRD,JUNAGARH ROAD,IR,", India"
KSBP,KESHABPUR,SER,"Haldia Mechada via Tamluk, West Bengal"
BVZ,NALOI BARWA,IR,", India"
JNRI,JALANDARI,IR,", India"
TDPM,TODIKKAPULAM HALT,SR,", India"
KHR,KHAIREE HALT,IR,", India"
LLBR,LALABAZAR,?,"Kalachera Rd, Assam"
SSPD,SADASHIVAPET ROAD,SCR,"Sadashivapet, Andhra Pradesh"
CWDA,CHUHRIWALA DHANNA,IR,", India"
PADL,PADIL,IR,", India"
JMKL,JAMUNIA KALAN,IR,", India"
PJPI,PRAJAPATI HALT,IR,", India"
KGIH,KALGURKI HALT,IR,", India"
BDVR,BODAVARA,IR,", India"
BEHT,BIHAT HALT,IR,", India"
KNKP,KONDIKOPPA,IR,", India"
MRPM,MATHURAPUR MOR HALT,IR,", India"
CCBG,CHICHOLI BUZURG,IR,", India"
SHHT,SINGHAUL HALT,IR,", India"
SDPT,SEDARAMPATTU,IR,", India"
ADX,ADAPUR,IR,", India"
BKTB,BINDUKURI,IR,", India"
KDBR,KHADKI BAZAR,IR,", India"
DHWN,DHANIYAWAN,IR,", India"
STNR,SITALNAGAR,IR,", India"
GMK,GULMA KHOLA,IR,", India"
NTWL,NETAWAL,IR,", India"
NKBR,NARKATIA BAZAR,IR,", India"
BRL,BARWALA ROAD,IR,", India"
NPTY,NIMPURA THROUGH YARD,IR,", India"
GMX,GURMURA,IR,", India"
THSA,THANISANDRA,IR,", India"
GOG,GHORGHAT,IR,", India"
KNKD,KANKANADI,IR,", India"
RXR,RANGAPAHAR,NFR,"Bridge, Nagaland"
OBAC,OBRA-A-CABIN,IR,", India"
RDHP,RADHANPUR,WR,"Patan, Gujarat"
STNC,SITARAMPUR LINK CABIN,IR,", India"
MSBR,MUSAHIBPUR,IR,", India"
BSPD,BIASPIND,IR,", India"
CHAF,CHAF HALT,IR,", India"
DBK,DARBARI,IR,", India"
IBHH,IBHH,IR,", India"
JDNM,JAGUDAN,IR,", India"
IBHD,IBHD,IR,", India"
DBT,DAKSHIN BARASAT,ER,"Barasat, West Bengal"
JULF,JHULASAN,IR,", India"
BWIP,BHAWANIPATNA,IR,", India"
KJR,KALAJHARI,IR,", India"
JDNF,JAGUDAN,IR,", India"
BEHJ,BEHJ,IR,", India"
GRCP,G. RAMCHANDRAPUR,IR,", India"
GLKN,GUGALWA KIRTAN,IR,", India"
KCLA,KENCHANALU HALT,IR,", India"
TNPR,TEJNARAYANPUR,IR,", India"
TORA,TORNIYA,WR,"Torniya, Gujarat"
BRVR,BORVIHIR,CR,"Dhule, Maharashtra"
TPNI,TUIYA PANI,SECR,"Pindrai, Madhya Pradesh"
VRK,VIRKUDI,IR,", India"
BHRH,BHUYAR HALT,IR,", India"
MTBG,MATIA BARGHAT HALT,IR,", India"
SMPC,SHAMBHUPURA C CABIN,IR,", India"
GHPU,GANDHIPURAM HALT,SCR,"Gandhi Nagar, Andhra Pradesh"
STLB,SITALPUR BENGAL,IR,", India"
HPL,HARIPAL,ER,"State Highway 2, West Bengal"
WLGN,WALGAON,IR,", India"
ADQ,ADHIKARI,IR,", India"
DKCH,DAKACHA,IR,", India"
KNB,KANIYAMBADI,IR,", India"
NGON,NAUGAON,IR,", India"
VLCA,VELLALCHERUVU H,IR,", India"
SEI,SHENDRI,CR,"State Highway 77, Maharashtra"
KHDH,KARAHDIH HALT,IR,", India"
GRMT,GUR MARKET,IR,", India"
MTDI,MALTEKDI,IR,", India"
GPC,GHATPINDRAI,WCR,"Ghatpindra, Madhya Pradesh"
VPO,BHUPIA MAU,NR,"Dandupur, Uttar Pradesh"
BNOD,BENODA,IR,", India"
LXA,LAKSWA,NFR,"Kukurachowa Gaon Rd, Assam"
VPY,VYASARPADI,IR,", India"
SMRL,SAMRALA,IR,", India"
ITMA,ITARSI MARSHALING YARD,IR,", India"
CHUA,CHOURAI,IR,", India"
SCV,SUKHCHAIN,IR,", India"
KUCH,KUCHAVARAM HALT,IR,", India"
JUNX,JUNONA HALT,IR,", India"
PBQ,PATHARDIH BAZAR,IR,", India"
KLV,KELVA ROAD,WR,"Thane, Maharashtra"
KNC,KANCHANPUR ROAD,WCR,"Jabalpur, Madhya Pradesh"
LCNC,LUCKNOW CITY,IR,", India"
CLDB,CHANDLODIYA (B),IR,", India"
JRWN,JIRWAN,IR,", India"
GNST,GANDHI SMRITI,IR,", India"
KHDB,KHODIYAR,IR,", India"
WAT,WALTAIR,IR,", India"
AMGA,AMJONGA,IR,", India"
JITE,JITE,IR,", India"
PUWA,PAUWARA HALT,IR,", India"
TPV,TINPHERIA,IR,", India"
MADP,MADHAPUR ROAD,IR,", India"
EC28,PURA HALT,IR,", India"
HRG,HIRDAGARH,CR,"Dongar Parasia, Madhya Pradesh"
MADM,MATRADHAM HALT,IR,", India"
SASR,SAUSAR,SECR,"Sausar, Madhya Pradesh"
KUCE,KUCHAI,IR,", India"
GOF,GHUTIARI SHARIF,ER,"Ghutiari Shariff, West Bengal"
BJMA,BURJ MOHAR,IR,", India"
BTSI,BATASI,IR,", India"
KNU,KANJH,IR,", India"
UJJN,UJJAIN JN,IR,", India"
NRF,NERALAKATTE HALT,IR,", India"
SWMD,SAWAI MADHOPUR D,IR,", India"
BELT,BELA HALT,IR,", India"
GZA,GURUJALAS,IR,", India"
BRRI,BIRARI,IR,", India"
BRRZ,BARARA BUZURG,IR,", India"
BPGR,BENIPURGRAM HALT,IR,", India"
SHWL,SAHUWALA,IR,", India"
PRSN,PARSA NAGAR,IR,", India"
ATMO,AITHAL,NR,"Haridwar, Uttarakhand"
AGDL,AGRAN DHULGAON,CR,"Jath Rd, Maharashtra"
GAHT,GHUSIA HALT,IR,", India"
TRK,TIRUKOILUR,IR,", India"
SXA,SAGPHATA,IR,", India"
RSRI,RAISHREE,IR,", India"
JO,JO JAGABOR,NWR,"Jo Jagabor, Gujarat"
SXD,SIDULI,IR,", India"
MGE,MIGRENDISA,NFR,"Migrendisa, Assam"
DHBI,DHABAULI HALT,IR,", India"
SXO,SRIKONA,IR,", India"
VLNK,VELANKANNI,IR,", India"
TBU,THARBAN,IR,", India"
DMBR,DUMRI BIHAR,ECR,", India"
AHN,AHIRAN,ER,"National Highway 34, West Bengal"
SGAM,SAREIGRAM,WCR,"Sidhi, Madhya Pradesh"
RPWN,RAMBHAWAN HALT,IR,", India"
KZPE,KAZIPARA HALT,IR,", India"
HTA,HATIGHISA,IR,", India"
NGV,NAGLAVI,IR,", India"
MIAN,MIANGRAM,ER,"Bazarsau, West Bengal"
CNY,KOLANALLI,IR,", India"
KPM,KUMARAPURAM,IR,", India"
SGAC,SOGARIYA CABIN,IR,", India"
PYV,PAZHAYA SEEVARAM,SR,"Palayasivaram, Tamil Nadu"
CNM,CHENGMARI,IR,", India"
NGC,NEW GUWAHATI,IR,", India"
AHQ,AHERA HALT,NR,"Tatiri, Uttar Pradesh"
STVA,SATYAVADA,SCR,"Coastal Andhra Region, Andhra Pradesh"
GIT,GHORPURI TRANSH,IR,", India"
TRJ,TARIASUJAN,IR,", India"
ODC,ODDAM HATRAM,IR,", India"
HDT,HARDATTPUR,NER,"National Highway 2, Uttar Pradesh"
RDP,RADHIKAPUR,NFR,"State Highway 10A, West Bengal"
NPH,NURPURA,IR,", India"
NABN,NAGBHIR JN (NG),IR,", India"
KRRH,KHARUARA HALT,IR,", India"
DXU,DUHRU,IR,", India"
GIZ,GIDAM,ECoR,"National Highway 16, Chhattisgarh"
GIF,GANI DHAM HALT,ER,"Gani Dham, Bihar"
MVKR,MAHAWAN KHOR HALT,IR,", India"
JTT,JUMAPATTI,IR,", India"
JTN,JOTANA,IR,", India"
MGT,MAGRA HAT,ER,"Magra Hat, West Bengal"
MNX,MANGANALLUR,IR,", India"
CTPR,CHINTA PARRU HA,IR,", India"
KMZA,KANKRA MIRZANAGAR,ER,"Mirzanagar, West Bengal"
KRGN,KARGAON HALT,IR,", India"
PUSA,PUSLA,IR,", India"
CMY,CHINTAMANI,IR,", India"
SGYW,SINGRIAWAN,IR,", India"
DZL,DHANA LADANPUR,IR,", India"
MAHD,MOHADI PRAGANEL,IR,", India"
ANM,ANAIMALAI ROAD,IR,", India"
TNI,TANDARAI,IR,", India"
BGAR,BANGARI,IR,", India"
TKRP,TIKAULI RAWATPUR,NR,"Tikauli Rawatpur Railway Station, Uttar Pradesh"
NVD,NAVALGUND RD,IR,", India"
LUSA,LUSA,NCR,"State Highway 5, Uttar Pradesh"
CAER,CHHANERA,WCR,"Chhanera, Madhya Pradesh"
KTW,KOTDWARA,NR,"Kotdwara, Uttarakhand"
BNGM,BANGURGRAM HALT,IR,", India"
LAC,LACHHIPURA,IR,", India"
BMHT,BARAW MORE,IR,", India"
RNRD,RANIPUR ROAD,NCR,"Mau Ranipur, Uttar Pradesh"
SIRL,SHIRALA,IR,", India"
TRSR,TARSAI,IR,", India"
LAA,LAKHPAT,IR,", India"
GKX,GHAI KALAN,IR,", India"
GKT,GANKHERA HALT,IR,", India"
BRNR,BARUANAGAR,NFR,"Moran to Naharkatiya Rd, Assam"
ANQ,AMNAPUR,IR,", India"
NTT,NATHAPETTAI,SR,"Nathapettai - Kaliyanoor Rd, Tamil Nadu"
NKU,NAKARDEI,IR,", India"
RRNH,RAMRUPNAGAR,IR,", India"
PRWS,PATTABIRAM WEST,IR,", India"
BAHW,BAHIR KHANDA,ER,"State Highway 2, West Bengal"
HHP,HARHAR FATEHPUR,IR,", India"
SRKR,SALAR KHURD,IR,", India"
UAR,UNAWA AITHOR,IR,", India"
VRLR,VIRANI ALUR,SR,"Kanyakumari, Tamil Nadu"
HKNT,HIWARKHEDA,IR,", India"
GZKA,GZKA,IR,", India"
VRLF,VERAVAL MG,IR,", India"
MSWA,MASANIWALA,IR,", India"
KPDH,KAPURDHA HALT,SECR,"SH 26, Madhya Pradesh"
MKBH,MANWALA KOT BAKHTU,IR,", India"
GRKA,GURHA KEMLA,IR,", India"
GSGB,GOSAINGRAM,ER,"Murshidabad District, West Bengal"
VZR,BHANJPUR,IR,", India"
TAKL,TAKAL,IR,", India"
NRSD,NEW RUNNISAIDPUR HALT,IR,", India"
CBP,CHIK BALLAPUR,SWR,"Chik Ballapur, Karnataka"
PRUR,PRITHWIRAJPUR,IR,", India"
NKK,NARIKKUDI,IR,", India"
NKN,NYOLI KALAN,IR,", India"
PPDI,PIPRADIH,IR,", India"
BLHI,BISALEHALLI,IR,", India"
DSHI,DODDASIDDAVANHA,IR,", India"
BJKN,BAJEKAN,IR,", India"
DTT,DODDANATTA HALT,IR,", India"
CBZ,CHURAIBARI,NFR,"Churaibari, Tripura"
MVA,MALAKA VEMALA,IR,", India"
BIML,BHIMAL,NWR,"Rajsamand, Rajasthan"
MZB,MAHULI HALT,IR,", India"
WOC,WARUD ORANGE CITY,IR,", India"
SANH,SANHA HALT,IR,", India"
IFCO,IFFCO CABIN,IR,", India"
KGRA,KANGRA,NR,"Kangra, Himachal Pradesh"
MJKN,MAJRI KHADAN,IR,", India"
PMD,PAMIDI,IR,", India"
PRM,PIRUMADARA,NER,"Nainital District, Uttarakhand"
SKK,SIKKAL,SR,"Sikkal, Tamil Nadu"
RSC,RAMGANGA SOUTH,IR,", India"
PLG,PALGHAR,WR,"Palghar, Maharashtra"
PPLC,PIMPLA CHAURE HALT,IR,", India"
KLNT,KALINAGAR,IR,", India"
ARJ,AUNRIHAR JN,NER,"Ghazipur, Uttar Pradesh"
TNDN,THANDONI,IR,", India"
MBT,MARWAR BIRTHI,NWR,"National Highway 15, Rajasthan"
PLE,PIPLEE,IR,", India"
MTSK,MOTA SURKA,IR,", India"
NRK,NARAIKKINAR,SR,"Palayamkottai - Kolathur - Nagalapuram - Aruppukottai Rd, Tamil Nadu"
GPW,GHAUNSPUR,IR,", India"
PTRL,PATHRALA,NWR,"National Highway 64, Punjab"
PEH,PATHARDIH JUNCTION,ECR,"Jairampur More to Baliapur, Jharkhand"
NIN,NIMKANA,IR,", India"
NIT,NAIKOT,IR,", India"
KAMA,KAMTA HALT,IR,", India"
NDKR,NANDAKUMAR P.H.,?,"Haldia Mechada via Tamluk, West Bengal"
RNU,RATNAPUR,IR,", India"
BMZ,BAMOUR GAON,NCR,"National Highway 3, Madhya Pradesh"
BXG,BHANGA,NFR,"National Highway 44, Assam"
BORA,BAGDOGRA,IR,", India"
PTMS,PATTABIRAM MILITARY,IR,", India"
LHNR,LAKSHMANPUR HALT,IR,", India"
LHNA,LOHANDA,IR,", India"
KLNC,KULLANCHAVADI,IR,", India"
PGDI,PAGIDIRAI HALT,IR,", India"
JPD,JALALPUR DHAI,?,"State Highway 38, Uttar Pradesh"
BGV,BALEGUNDI,IR,", India"
BGY,BANGRIPOSI,IR,", India"
KMEZ,KUMAR MARANGA,IR,", India"
BLSR,BELASAR,IR,", India"
SHYP,SAKARAYAPATNA,IR,", India"
JWNR,JAWAHARNAGAR,NFR,"National Highway 44, Tripura"
RJLK,RAJALUKAH,IR,", India"
MRWS,MARWAR RANAWAS,NWR,"State Highway 61, Rajasthan"
NMH,NIMACH,WR,"MDR 11A, Madhya Pradesh"
SUIA,SURAINCHA,NER,"Suraincha, Uttar Pradesh"
SGM,SOLGAMPATTI,SR,"Thirunedukulam To Paper Mill Rd, Tamil Nadu"
DN,DHANARI,NR,"State Highway 39, Uttar Pradesh"
JVN,JORAWARNAGAR JN,WR,"Surendra Nagar, Gujarat"
UKLR,UKILERHAT HALT,ER,"National Highway 117, West Bengal"
KOQ,KUTHUR,SR,"Nagappattinam - Trichy - Karur- Coimbatore - Mettupalayam - Ooty - Gundlupet Road(Vandikara Street), Tamil Nadu"
MAV,MARIAMMANKOVIL,SR,"Mariammankoil Railway Station Rd, Tamil Nadu"
BLRR,BELANDUR ROAD,SWR,"Bengaluru, Karnataka"
SRDW,SHRIMAD DWARAKAPURI,NCR,"Shrimad Dwarakapuri, Uttar Pradesh"
SKBR,SHANKARPUR BHADAURA,WCR,"Madhya Pradesh, Madhya Pradesh"
SCKR,SALICHAUKA ROAD,WCR,"Gadarwara, Madhya Pradesh"
GGO,GORAM GHAT,NWR,"Pali, Rajasthan"
PTNR,PATEL NAGAR,NR,"Najafgarh Road Industrial Area, Delhi NCT"
BGO,BOGRI ROAD,SER,"Bridge over Krishnanagore, West Bengal"
BNKA,BANKIM NAGAR,ER,"State Highway 11, West Bengal"
SSPH,SATISH SAMANTA P.H.,?,"Mahishadal Geonkhali Rd, West Bengal"
RGB,RAMGANGA,NR,"State Highway 33, Uttar Pradesh"
JRU,CHIKJAJUR JN,SWR,"Chikkajajur, Karnataka"
PLI,PETTAIVAYATALAI,SR,"Pettavaithalai, Tamil Nadu"
AVLI,ARAVALLI,SCR,"West Godavari, Andhra Pradesh"
KHST,KASHANATTI,IR,", India"
HVL,HONNAVALLI ROAD,SWR,"National Highway 206, Karnataka"
SSNH,SREE SARADANAGAR HALT,SWR,"Tiptur, Karnataka"
CXA,CHANDSARA,NR,"Chandsara, Uttar Pradesh"
BTIB,BHATINDA B CABIN,IR,", India"
ANPR,ANPARA,ECR,"Sonebhadra, Uttar Pradesh"
CTRD,CHITRAWAD,WR,"Chitravad And Borvav Railway Station, Gujarat"
TNGM,TONDALAGOPAVARAM,SCR,"Tondalagopavaram Station, Andhra Pradesh"
KHSN,KHERA SANDHAN HALT,IR,", India"
RCF,KAPURTHALA RAIL COACH FACTORY,NR,"kapurthala, Punjab"
UKR,UDALKACHAR,SECR,"National Highway 78, Madhya Pradesh"
FAH,FATEHA HALT,IR,", India"
BIWK,BISALWAS KALAN,WR,"MDR 11A, Rajasthan"
TDPR,TIRUPADRIPULYUR,SR,"Cuddalore, Tamil Nadu"
GOPL,GUNDLA POCHAMPALLI,SCR,"Telangana Region, Andhra Pradesh"
SNPH,SHANKAPUR HALT,IR,", India"
TMU,TIRUMANTHIKUNAM,SR,"Nagappattinam - Trichy - Karur- Coimbatore - Mettupalayam - Ooty - Gundlupet Road(Vandikara Street), Tamil Nadu"
PURA,PURA HALT,IR,", India"
TMA,TAMURIA,ECR,"Bihar, Bihar"
TMB,TEMBURU,ECoR,"Paralakhemundi, Andhra Pradesh"
SKBN,SILAKHEDI,IR,", India"
SWI,SWAMIMALAI,SR,"Swamimalai, Tamil Nadu"
RCJ,RANYAL JASMIYA,WR,"Devas, Madhya Pradesh"
VVB,VIVEKA VIHAR,NR,"Jhilmil Industrial Area, Delhi NCT"
BARD,DUVRI KALAN,WCR,"State Highway 9, Madhya Pradesh"
GWS,GAUSHALA,NER,"National Highway 121, Uttarakhand"
NJN,NAOJAN,NFR,"local Rd, Assam"
CCT,KAKINADA TOWN,SCR,"East Godavari, Andhra Pradesh"
MVP,MOKHASA KALVPDI,SCR,"Putlacheruvu, Andhra Pradesh"
DBRT,DIBRUGARH TOWN,NFR,"Dibrugarh, Assam"
NJT,NAGERCOIL TOWN,SR,"Nagercoil, Tamil Nadu"
MMH,MAHADANAPURAM,SR,"Nagappattinam - Gundlupet Road(Vandikara Street), Tamil Nadu"
HWT,HANWANT,NWR,"Basni, Rajasthan"
GWO,GWALIOR NG,NCR,"Gwalior, Madhya Pradesh"
KASH,KULTHAMABDULLASHAH HALT,NR,"Kulthamabdullashah, Punjab"
BMSN,BAMSIN,NWR,"SH 66, Rajasthan"
DHCA,DHACA CANTT.,?,"Dhaka, Bangladesh"
SAKD,SUPRAKANDI,IR,", India"
KRRI,KHAIRRANJI,IR,", India"
RCP,RAMACHANDRAPUR,NR,"Lucknow Allahabad Rd, Uttar Pradesh"
GNTR,GAUNTRA HALT,NR,"Gauntra, Uttar Pradesh"
NAVI,NAVI AMRAVATI,IR,", India"
FAN,FATEHNAGAR,NWR,"Fatehnagar, Rajasthan"
CCP,CHHUCHHAPURA JUNCTION,WR,"SH 159, Gujarat"
CIF,CHHAPRA KACHERI JN.,IR,", India"
CCO,CHICHOLI,IR,", India"
BHGH,BHAIRGACHHI,ER,"Ranaghat-Bagula Bypass, West Bengal"
BHV,BHOMA,SECR,"State Highway 11A, Madhya Pradesh"
WDLN,WADWAL NAGNATH,SCR,"Wadwal Nagnath, Maharashtra"
BRHD,BABA RAGHUNI HALT DWARIKA,IR,", India"
TKBN,TSAKIBANDA,SWR,"Rayalaseema Region, Andhra Pradesh"
KFY,KARAPGAON,WCR,"National Highway 26, Madhya Pradesh"
SXF,SOBHAPUR,WCR,"State Highway 22, Madhya Pradesh"
BNK,BANASANKARAI HA,SWR,"National Highway 206, Karnataka"
BXHT,BOXIRHAT,IR,", India"
MFH,MAHRAULI,IR,", India"
AKNR,ADHYATMIK NAGAR,IR,", India"
DS,DASNA,IR,", India"
PKW,PILKHUA,IR,", India"
KKMB,KASTLA KASAMBAD,IR,", India"
HPU,HAPUR,IR,", India"
BBO,BABUGARH,IR,", India"
QXR,KUCHESAR ROAD,IR,", India"
SKHR,SIKHERA MB HALT,IR,", India"
SMBL,SIMBHOOLI,IR,", India"
GMS,GARHMUKTESAR,IR,", India"
GGB,GARHMUKTESAR BR,IR,", India"
KHE,KANKATHER,IR,", India"
GJL,GAJRAULA JN,IR,", India"
MHHR,MAHESRA,IR,", India"
KFPR,KAFURPUR,IR,", India"
AMRO,AMROHA,IR,", India"
KIV,KAIALSA,IR,", India"
CKLT,CHAK KALI LAIT,IR,", India"
HKP,HAKIMPUR,IR,", India"
LDP,LODIPUR BISHANPUR,IR,", India"
LPB,LODIPUR BISHANP,IR,", India"
BZR,BISRA,IR,", India"
BUL,BHALULATA,IR,", India"
JRA,JARAIKELA,IR,", India"
MOU,MANOHARPUR,IR,", India"
PST,POSOTIA,IR,", India"
DRWN,DEROWAN P. HALT,IR,", India"
MXW,MAHADEV SAL,IR,", India"
GOL,GOILKERA,IR,", India"
TUX,TUNIA,IR,", India"
SWR,SONUA,IR,", India"
LPH,LOTAPAHAR,IR,", India"
CKP,CHAKRADHARPUR,IR,", India"
BRM,BARABAMBO,IR,", India"
RKSN,RAJKHARSAWAN JN,IR,", India"
MMV,MAHALI MARUP,IR,", India"
SINI,SINI JN,IR,", India"
BRBS,BIRBANS,IR,", India"
WADI,WADI,IR,", India"
MPK,CHENNAI PARK,IR,", India"
MSF,CHENNAI FORT,IR,", India"
MSB,CHENNAI BEACH,IR,", India"
RPM,ROYAPURAM,IR,", India"
WST,WASHERMANPET,IR,", India"
TIM,TIMMANACHERLA,IR,", India"
NKDO,NAKKANADODDI,IR,", India"
PLU,PATAKOTTACHERU,IR,", India"
GY,GOOTY JN,IR,", India"
GYJ,GOOTY JUNCTION CABIN,IR,", India"
JKO,JAKKALACHERUVU,IR,", India"
RLO,RAYALCHERUVU,IR,", India"
VML,VEMULAPADU,IR,", India"
JUR,JUTTURU,IR,", India"
KMQA,KOMALI,IR,", India"
TU,TADIPATRI,IR,", India"
CLPE,CHALLAVARIPALLI,IR,", India"
VRN,VANGANUR,IR,", India"
RLL,REGADIPALLI,IR,", India"
KDP,KONDAPURAM,IR,", India"
MUM,MANGAPATNAM,IR,", India"
CIN,CHINTAKUNTA,IR,", India"
MOO,MUDDANURU,IR,", India"
KMH,KALAMALIA,IR,", India"
YA,YERRAGUNTLA,IR,", India"
YGD,YERRAGUDIPAD,IR,", India"
KKM,KAMALAPURAM,IR,", India"
GPY,GANGAYAPLLE,IR,", India"
KPU,KRISHNAPURAM,IR,", India"
HX,CUDDAPAH,IR,", India"
KNLP,KANAMALO PALLE,IR,", India"
BKPT,BHAKARAPET,IR,", India"
VNM,ONTIMITTA,IR,", India"
MMPL,MANTAPAMPALLE,IR,", India"
NRE,NANDALUR,IR,", India"
HAQ,HASTAVARMU,IR,", India"
RJP,RAZAMPETA,IR,", India"
PMT,PULLAMPET,IR,", India"
RPL,REDDIPALLE,IR,", India"
OBVP,OBULAVARIPALLI,IR,", India"
ANE,ANANTARAJUPET,IR,", India"
KOU,KODURU,IR,", India"
SF,SETTIGUNTA,IR,", India"
BLPE,BALAPALLE,IR,", India"
MRM,MAMANDURU,IR,", India"
PUDI,PUDI,IR,", India"
SVF,SRI VENKATAPERU,IR,", India"
TDK,TADUKU,IR,", India"
PUT,PUTTUR,IR,", India"
VGA,VEPAGUNTA,IR,", India"
EKM,EKAMBARAKUPPAM,IR,", India"
NG,NAGARI,IR,", India"
VKZ,VENKATA NARASIMHA RAJU VARI PETA,IR,", India"
POI,PONPADI,IR,", India"
TRT,TIRUTTANI,IR,", India"
ICP,ICHCHIPUTTUR,IR,", India"
AJJN,ARAKKONAM JN NORTH,IR,", India"
PDI,PALASDARI,IR,", India"
TKW,THAKURVADI,IR,", India"
NNCN,NAGNATH CABIN,IR,", India"
NAGC,NAGARGALI,IR,", India"
MHLC,MONKEY HILL,IR,", India"
KAD,KHANDALA,IR,", India"
LNL,LONAVALA,IR,", India"
MVL,MALAVLI,IR,", India"
KMST,KAMSHET,IR,", India"
KNHE,KANHE,IR,", India"
VDN,VADGAON,IR,", India"
TGN,TALEGAON,IR,", India"
GRWD,GHORAWADI,IR,", India"
SLRW,SHELARWADI,IR,", India"
BGWI,BEGDAEWADI,IR,", India"
BGW,BEGDEWADI,IR,", India"
DEHR,DEHU ROAD,IR,", India"
AKRD,AKURDI,IR,", India"
CCH,CHINCHVAD,IR,", India"
PMP,PIMPRI,IR,", India"
KSWD,KASAR WADI,IR,", India"
DAPD,DAPODI,IR,", India"
KK,KHADKI,IR,", India"
SVJR,SHIVAJINAGAR,IR,", India"
BRB,BORIBIAL,IR,", India"
MLM,MALTHAN,IR,", India"
BGVN,BHIGWAN,IR,", India"
JNTR,JINTI ROAD,IR,", India"
PRWD,PAREWADI,IR,", India"
WSB,WASHIMBE,IR,", India"
PPJ,POPHLAJ,IR,", India"
JEUR,JEUR,IR,", India"
BLNI,BHALWANI,IR,", India"
KEM,KEM,IR,", India"
DHS,DHAVALAS,IR,", India"
KWV,KURDUVADI,IR,", India"
WDS,WADSINGE,IR,", India"
MA,MADHA,IR,", India"
WKA,VAKAV,IR,", India"
AAG,ANGAR,IR,", India"
MKPT,MALIKPETH,IR,", India"
MO,MOHOL,IR,", India"
MVE,MUNDHEWADI,IR,", India"
PK,PAKNI,IR,", India"
BALE,BALE,IR,", India"
SUR,SOLAPUR JN,IR,", India"
TKWD,TIKEKARWADI,IR,", India"
HG,HOTGI,IR,", India"
TLT,TILATI,IR,", India"
AKOR,AKALKOT ROAD,IR,", India"
NGS,NAGANSUR,IR,", India"
BOT,BOROTI,IR,", India"
DUD,DUDHANI,IR,", India"
KUI,KULALI,IR,", India"
GDGN,GAUDGAON,IR,", India"
GUR,GANAGAPUR ROAD,IR,", India"
HHD,HUNSIHADGIL,IR,", India"
SVG,SAWALGI,IR,", India"
BBD,BABLAD,IR,", India"
GR,GULBARGA,IR,", India"
HQR,HIRENANDURU,IR,", India"
MR,MARTUR,IR,", India"
SDB,SHAHABAD,IR,", India"
MBQ,MUMBRA,IR,", India"
KLVA,KALVA,IR,", India"
CLA,KURLA JN,IR,", India"
SIN,MUMBAI SION,IR,", India"
MTN,MUMBAI MATUNGA,IR,", India"
DR,MUMBAI DADAR CENTRAL,IR,", India"
VLDI,VITHALWADI,IR,", India"
ULNR,ULHASNAGAR,IR,", India"
ABH,AMBARNATH,IR,", India"
BUD,BADLAPUR,IR,", India"
VGI,VANGANI,IR,", India"
SHLU,SHELU,IR,", India"
NRL,NERAL,IR,", India"
BVS,BHIVPURI ROAD,IR,", India"
KJT,KARJAT,IR,", India"
BLYC,BLYC,IR,", India"
BWND,BWND,IR,", India"
MAG,MANGALAGIRI,IR,", India"
NBR,NAMBURU,IR,", India"
PDKN,PEDAKAKANI HALT,IR,", India"
BDPL,BANDARUPALLE,IR,", India"
MDPD,MANDAPADU,IR,", India"
SRPM,SIRIPURAM,IR,", India"
LIN,LINGAMGUNTLA,IR,", India"
PKPU,PEDDAKURAPADU,IR,", India"
GPDE,GUDIPUDI,IR,", India"
SAP,SATTENAPALLE,IR,", India"
DUP,DHULIPALLA HALT,IR,", India"
REM,REDDIGUDEM,IR,", India"
BMKD,BELLAMKONDA,IR,", India"
ANPM,ANUPALEM,IR,", India"
STRM,SITARAMAPURAM,IR,", India"
PGRL,PIDUGURALLA,IR,", India"
KPH,KAMEPALLI,IR,", India"
TMLU,TUMMALACHERUVU,IR,", India"
NDKD,NADIKODE,IR,", India"
PDGL,PONDUGULA,IR,", India"
VJRD,VAJIRABAD,IR,", India"
VNUP,VISHNUPURAM,IR,", India"
DMCA,DAMARACHERLA,IR,", India"
KDGL,KONDRAPOL,IR,", India"
KDRL,KONDRAPOL,IR,", India"
MRGA,MIRYALAGUDA,IR,", India"
TPPI,TIPPARTHI,IR,", India"
NLDA,NALGONDA,IR,", India"
SRMR,SRIRAMPURAM,IR,", India"
NKPL,NARKETPALLI,IR,", India"
CTYL,CHITYALA,IR,", India"
RMNP,RAMANNAPET,IR,", India"
VLG,VANIGONDA,IR,", India"
MMPR,MAMDAPUR,IR,", India"
NRDP,NAGIREDDIPALLI,IR,", India"
BMMP,BOMMAYAPALLI,IR,", India"
YY-WADB,YY-WADB,IR,", India"
YY-MLYB,YY-MLYB,IR,", India"
KTCR,KOTHACHERUVU,IR,", India"
BSPL,BASAMPALLE,IR,", India"
SSPN,SATYA SAI P NILAYAM,IR,", India"
NRYP,NARAYANAPURAM,IR,", India"
WDC,WDC,IR,", India"
SUH,SULEHALLI,IR,", India"
AMLX,AMLX,IR,", India"
AQX,AQX,IR,", India"
HLTS,HALKATTA SHARIEF,IR,", India"
TAC,TATICHERLA,IR,", India"
LPI,LINGAMPALLI,IR,", India"
KDT,KHADARPET,IR,", India"
VPL,VENKATAMPALLE,IR,", India"
GPU,GULAPALYAMU,IR,", India"
CDNR,CHANDANAGAR,IR,", India"
HFZ,HAFIZPETA,IR,", India"
HTCY,HITECH CITY,IR,", India"
HNMN,HANUMAN STATION,IR,", India"
LGD,LALLAGUDA,IR,", India"
MLY,MAULA ALI,IR,", India"
BRBD,BORABANDA,IR,", India"
BTNR,BHARTNAGAR,IR,", India"
FNB,FATEHNAGAR,IR,", India"
NCHS,NATURE CURE HOSPITAL,IR,", India"
BMT,BEGAMPET,IR,", India"
SJVP,SANJEEVAIAH PARK,IR,", India"
JET,JAMES STREET,IR,", India"
SC,SECUNDERABAD JN,IR,", India"
NW,NALWAR,IR,", India"
SPHL,SHAMPURHALLI,IR,", India"
TGDE,THANGUNDI,IR,", India"
YG,YADGIR,IR,", India"
LGRE,LINGIRI,IR,", India"
SADP,SAIDAPUR,IR,", India"
CGTA,CHEGUNTA,IR,", India"
KSN,KRISHNA,IR,", India"
YDLP,YADALAPUR,IR,", India"
CK,CHIKSUGAR,IR,", India"
YS,YERMARAS,IR,", India"
RC,RAICHUR,IR,", India"
MRC,MARICHETHAL,IR,", India"
MTU,MATMARI,IR,", India"
HPH,HANUMAPURA,IR,", India"
MALM,MANTHRALAYAM RD,IR,", India"
EGU,IRANAGALLU,IR,", India"
KO,KOSGI,IR,", India"
KGL,KUPGAL,IR,", India"
ESV,ISIVI,IR,", India"
AD,ADONI,IR,", India"
NRR,NAGARUR,IR,", India"
ASP,ASPARI,IR,", India"
MGV,MOLAGAVALLI,IR,", India"
NMLU,NEMAKALLU,IR,", India"
NLA,NANCHERLA,IR,", India"
GTL,GUNTAKAL JN,IR,", India"
KLU,KALLURU,IR,", India"
GDE,GARLADINNE,IR,", India"
HLKT,HALAKATTA,IR,", India"
CT,CHITTAPUR,IR,", India"
MQR,MALKHAID ROAD,IR,", India"
SEM,SERAM,IR,", India"
KQT,KURGUNTA,IR,", India"
NAW,NAWANDGI,IR,", India"
MVH,MANTATTI,IR,", India"
TDU,TANDUR,IR,", India"
RMY,RUKMAPUR,IR,", India"
DRR,DHARUR,IR,", India"
MWY,MAILARAM,IR,", India"
GDQ,GODAMGURA,IR,", India"
VKB,VIKARABAD JN,IR,", India"
CTF,CHITGIDDA,IR,", India"
GGD,GULLAGUDA,IR,", India"
RPK,RAVALPALLI KALA,IR,", India"
SKP,SHANKARPALLI,IR,", India"
NPL,NAGALAPALLE,IR,", India"
SNF,SANAT NAGAR,IR,", India"
JBR,JAHANGIRABAD ROAD,IR,", India"
RFR,RAFINAGAR,IR,", India"
BUR,BINDAURA,IR,", India"
STPD,SITAFAL MANDI,IR,", India"
ATC,ARTS COLLEGE,IR,", India"
JOO,KACHEGUDA JAMIA OSMANIA,IR,", India"
VAR,VIDYANAGAR,IR,", India"
LGDH,LALAGUDA GATE,IR,", India"
MJF,MALKAJGIRI,IR,", India"
KDGH,KODIGEHALLI,IR,", India"
ATP,ANANTAPUR,IR,", India"
PSPY,PRASANNAYA PALLI,IR,", India"
ZPL,ZANGALAPALLE,IR,", India"
CCA,CHIGICHERLA,IR,", India"
DMM,DHARMAVARAM JN,IR,", India"
NGM,NAGASAMUDRAM,IR,", India"
MKJ,MAKKAJIPALLI,IR,", India"
PKD,PENUKONDA,IR,", India"
REPI,RANGEPALLI,IR,", India"
CPL,CHAKARLAPALLI,IR,", India"
MLU,MALUGUR,IR,", India"
HUP,HINDUPUR,IR,", India"
DPE,DEVARAPALLE,IR,", India"
VWA,VIDURASWATTHA,IR,", India"
GBD,GAURIBIDANUR,IR,", India"
SMWA,SOMESHWARA,IR,", India"
TDV,THONDEBHAVI,IR,", India"
MKL,MAKLIDRUG,IR,", India"
CHZ,CHARLAPALLI,IR,", India"
GT,GHATKESAR,IR,", India"
BN,BIBINAGAR,IR,", India"
PGDP,PAGIDIPALLI,IR,", India"
BG,BHONGIR,IR,", India"
RAG,RAIGIR,IR,", India"
WP,WANGAPALLI,IR,", India"
ALER,ALER,IR,", India"
PBP,PEMBARTI,IR,", India"
ZN,JANGAON,IR,", India"
YSPM,YASANTAPUR,IR,", India"
RGP,RAGHUNATHPALLI,IR,", India"
IPG,IPPUGUDA,IR,", India"
GNP,GHANPUR,IR,", India"
NSKL,NASKHAL,IR,", India"
ORH,ODDARAHALLI,IR,", India"
DBU,DODBALLAPUR,IR,", India"
RNN,RAJANKUNTI,IR,", India"
YNK,YELHANKA JN,IR,", India"
VAH,VAH,IR,", India"
BRGL,BURGULA HALT,IR,", India"
HBLN,HBL NAGAR,IR,", India"
KOTT,KOTTUR,IR,", India"
NSVP,NPA SHIVARAMPALLI HALT,IR,", India"
YKA,YAKUTPURA KACHEGUDA,IR,", India"
MLYG,MLYG,IR,", India"
MLYC,MAULA ALI,IR,", India"
OPL,UPPAL,IR,", India"
JMKT,JAMIKUNTA,IR,", India"
BGSF,BISUGIRSHARIF,IR,", India"
PTKP,POTKAPALLI,IR,", India"
OEA,ODELA,IR,", India"
KOLR,KOLNUR,IR,", India"
KYOP,KOTTAPALLI,IR,", India"
PDPL,PEDDAPALLI,IR,", India"
RGPM,RAGHAVAPURAM,IR,", India"
RDM,RAMGUNDAM,IR,", India"
PPZ,PEDDEMPET,IR,", India"
MCI,MANCHIRYAL,IR,", India"
RVKH,RAVINDRAKHANI,IR,", India"
MMZ,MANDAMARI,IR,", India"
BPA,BELAMPALLI,IR,", India"
RECH,RECHNI ROAD,IR,", India"
RLW,REPALLIWADA,IR,", India"
ASAF,ASIFABAD ROAD,IR,", India"
RLT,RALAPET,IR,", India"
SKZR,SIRPUR KAGAZNAGAR,IR,", India"
VEM,VEMPALLI,IR,", India"
SRUR,SIRPUR TOWN,IR,", India"
MKDI,MAKUDI,IR,", India"
WIRR,WIRUR,IR,", India"
VHGN,WIHIRGAON,IR,", India"
MAGH,MANIKGARH,IR,", India"
BPQ,BALHARSHAH,IR,", India"
GNVR,GONDWANAVISAPUR,IR,", India"
VSP,WASANAPURA,IR,", India"
BUPH,BABUPETH,IR,", India"
CD,CHANDRAPUR,IR,", India"
VVKN,VIVEKANANDA NAGAR,IR,", India"
CPW,CHOTIPADOLI,IR,", India"
TAE,TADALI,IR,", India"
BUX,BHANDAK,IR,", India"
MJRI,MAJRI JN,IR,", India"
WRR,WARORA,IR,", India"
CKNI,CHIKNI ROAD,IR,", India"
NGI,NAGARI,IR,", India"
YNA,YENOR,IR,", India"
HGT,HINGANGHAT,IR,", India"
WG,WAGHOLI,IR,", India"
SNN,SONEGAON,IR,", India"
BPK,BHUGAON,IR,", India"
CHJC,CHITODA,IR,", India"
PQL,PINDLAI,IR,", India"
KZJ,KAZIPET JN,IR,", India"
NSZ,BHOPAL NISHATPURA,IR,", India"
SUW,SUKHISEWANIYAN,IR,", India"
BVB,BHADBHADAGHAT,IR,", India"
DWG,DEWANGANJ,IR,", India"
SMT,SALAMATPUR,IR,", India"
SCI,SANCHI,IR,", India"
BTWN,BETWA CABIN,IR,", India"
BHS,VIDISHA,IR,", India"
SORI,SORAI,IR,", India"
SUMR,SUMER,IR,", India"
GLG,GULABHGANJ,IR,", India"
PAI,PABAI,IR,", India"
BAQ,GANJ BASODA,IR,", India"
RKRI,RAO KHEDI,IR,", India"
RKDI,RAUKHERI,IR,", India"
BET,BARETH,IR,", India"
CLHT,CHULHETA,IR,", India"
KAH,KALHAR,IR,", India"
MABA,MANDI BAMORA,IR,", India"
KIKA,KURWAI KETHORA,IR,", India"
MSV,MUSTARA,IR,", India"
GRM,GARHMAU,IR,", India"
PIC,PARICHA,IR,", India"
PTSC,PARICHAA THERMA,IR,", India"
CGN,CHIRGAON,IR,", India"
NDK,NANKHAS,IR,", India"
MOTH,MOTH,IR,", India"
ERC,ERICH ROAD,IR,", India"
PRN,PARAUNA,IR,", India"
AIT,AIT,IR,", India"
BHUA,BHUA,IR,", India"
ORAI,ORAI,IR,", India"
ATA,ATA,IR,", India"
URG,USARGAON,IR,", India"
KPI,KALPI,IR,", India"
CNH,CHAUNRAH,IR,", India"
PHN,POKHRAYAN,IR,", India"
MLS,MALASA,IR,", India"
LLR,LALPUR,IR,", India"
TLNH,TILAUNCHI,IR,", India"
PMN,PAMAN,IR,", India"
RPGU,RASULPURGOGAMAU,IR,", India"
BNAR,BINAUR,IR,", India"
BZM,BHIMSEN,IR,", India"
HLIN,HOLDING LINE,IR,", India"
ASH,AISHBAGH,IR,", India"
LC,LUCKNOW CITY,IR,", India"
DAL,DALIGANJ,IR,", India"
BNZ,BADSHAHNAGAR,IR,", India"
GTNR,GOMATI NAGAR,IR,", India"
RMBG,RAMGHAT HALT,IR,", India"
KEA,KATRA,IR,", India"
NGB,NAWABGANJ GONDA,IR,", India"
TRE,TIKRI,IR,", India"
YPR,YESVANTPUR JN,IR,", India"
KJM,KRISHNARAJAPURAM,IR,", India"
SGWF,WHITE FIELD SATELLITE,IR,", India"
WFD,WHITEFIELD,IR,", India"
DKN,DEVANGONTHI,IR,", India"
MLO,MALUR,IR,", India"
BFW,BYATRAYANHALLI,IR,", India"
TCL,TYAKAL,IR,", India"
MZV,MARALAHALLI,IR,", India"
BWT,BANGARAPET,IR,", India"
LOGH,LOTTEGOLLAHALLI,IR,", India"
BYPL,BAIYYAPPANAHALI,IR,", India"
BYPY,BAIYYAPPANAHALLI YARD CABIN,IR,", India"
BAND,BANASWADI,IR,", India"
HEB,HEBBAL,IR,", India"
VRDP,VARADAPUR,IR,", India"
KSM,KAMASAMUDRAM,IR,", India"
BSM,BISANATTAM,IR,", India"
GDP,GUDUPULLI,IR,", India"
KPN,KUPPAM,IR,", India"
MAR,MULANUR,IR,", India"
PU,PATCHUR,IR,", India"
SKPT,SOMANAYAKKANPTI,IR,", India"
BUM,BOMMASAMUDRAM,IR,", India"
RAM,RAMAPURAM,IR,", India"
PYX,PEYANAPALLI,IR,", India"
SIE,SIDDAMPALLI,IR,", India"
CTO,CHITTOOR,IR,", India"
RVSN,RVS NAGAR,IR,", India"
PTT,PUTALAPATTU,IR,", India"
PAK,PAKALA JN,IR,", India"
PAM,PANAPAKAM,IR,", India"
MNPT,MUNGILIPATTU,IR,", India"
KEN,KOTALA,IR,", India"
CGI,CHANDRAGIRI,IR,", India"
TPW,TIRUPATI WEST HALT,IR,", India"
TPTY,TIRUPATI MAIN,IR,", India"
TCNR,TIRUCHANUR,IR,", India"
RU,RENIGUNTA JN,IR,", India"
YPD,YERPEDU,IR,", India"
RCG,RACHAGUNNARI,IR,", India"
KHT,SRI KALAHASTI,IR,", India"
AKY,AKKURTI,IR,", India"
YLK,YELLAKARU,IR,", India"
YAL,YATALURU,IR,", India"
VKI,VENKATAGIRI,IR,", India"
NDZ,NIDIGALLU,IR,", India"
VDD,VENDODU,IR,", India"
KQA,KONDAGUNTA,IR,", India"
LJN,LUCKNOW JN,IR,", India"
AGA,AGRA CITY,IR,", India"
RAWS,RAHATWAS,IR,", India"
BRNA,BERAWANYA,IR,", India"
KUH,KHACHROD,IR,", India"
RNH,RUNKHERA,IR,", India"
BOD,BANGROD,IR,", India"
RTME,RATLAM EAST CABIN,IR,", India"
RTLM,RATLAM JN,IR,", India"
RTM,RATLAM JN,IR,", India"
RTD,RATLAM A CABIN,IR,", India"
DRRN,DR. R K NAGAR,IR,", India"
MRN,MORWANI,IR,", India"
BILD,BILDI,IR,", India"
RTI,RAOTI,IR,", India"
BOG,BHAIRONGARH,IR,", India"
BMI,BAMNIA,IR,", India"
AGR,AMARGARH,IR,", India"
PCN,PANCH PIPILA,IR,", India"
BJG,BAJRANGARH,IR,", India"
THDR,THANDLA RD,IR,", India"
MGN,MEGHNAGAR,IR,", India"
NRH,NAHARGARH,IR,", India"
ANAS,ANAS,IR,", India"
BIO,BORDI,IR,", India"
DHMA,DHAMARDA,IR,", India"
DHD,DAHOD,IR,", India"
RET,RENTIA,IR,", India"
JKT,JEKOT,IR,", India"
USRA,USRA,IR,", India"
MAM,MANGAL MAHUDI,IR,", India"
LMK,LIMKHEDA,IR,", India"
PPD,PIPLOD JN,IR,", India"
SAT,SANT ROAD,IR,", India"
CCL,CHANCHELAV,IR,", India"
KIZ,KANSUDHI,IR,", India"
GDA,GODHRA JN,IR,", India"
BINA,BINA JN,IR,", India"
GUNA,GUNA,IR,", India"
MUGA,MAHUGARHA,IR,", India"
RTA,RUTHIYAI,IR,", India"
VJP,VIJAY PUR,IR,", India"
RGG,RADOGARH,IR,", India"
KHRJ,KUMBHRAJ,IR,", India"
RMQ,RAMRI,IR,", India"
CBK,CHACHAURA BINAGANJ,IR,", India"
PCF,PENCHI,IR,", India"
SFZ,SINDURIYA KACHARI,IR,", India"
BRRG,BIYAVRA RAJGARH,IR,", India"
KNRA,KACHNARIA,IR,", India"
KNWS,KARANWAS,IR,", India"
PFR,PACHOR ROAD,IR,", India"
UDK,UDYAN KHERI,IR,", India"
PQU,PARHANA MAU,IR,", India"
SFW,SARANGPUR,IR,", India"
SFF,SUNERA PIRKHERI,IR,", India"
SFY,SHAJAPUR,IR,", India"
CAZ,CHAUHANI,IR,", India"
SYO,SIROLIYA,IR,", India"
MDVK,MAHADEOKHEDI,IR,", India"
SRKI,SEMARKHERI,IR,", India"
KXB,KANJAI,IR,", India"
MNV,MUNGAOLI,IR,", India"
GVB,GUNERU BAMORI,IR,", India"
PIA,PIPRAIGAON,IR,", India"
RTWS,RAHATWAS,IR,", India"
ORR,ORR,IR,", India"
HPKA,HINOTIA PIPALKHERA,IR,", India"
ASKN,ASHOK NAGAR,IR,", India"
RIKA,RATIKHEDA,IR,", India"
SHDR,SHADHORAGAON,IR,", India"
PIGT,PILIGHAT,IR,", India"
PGA,PAGARA,IR,", India"
MABN,MABAN,IR,", India"
IAA,INDARA JN,IR,", India"
ML,MALHOUR,IR,", India"
JRR,JUGAUR,IR,", India"
SFH,SAFEDABAD,IR,", India"
BBK,BARABANKI JN,IR,", India"
MAU,MAU JN,IR,", India"
PLGH,PALIGARH,IR,", India"
KRT,KHURAHAT,IR,", India"
MMA,MUHAMMADABAD,IR,", India"
SAA,SATHIAON,IR,", India"
SDHA,SIDHARI HALT,IR,", India"
RES,RASULL,IR,", India"
AMH,AZAMGARH,IR,", India"
RKS,SARAI RANI,IR,", India"
PHY,PHARIHA,IR,", India"
SJER,SANJARPUR,IR,", India"
SMZ,SARAI MIR,IR,", India"
KRND,KHORASON ROAD,IR,", India"
SGJ,SAFDARGANJ,IR,", India"
DJD,DIDARGANJ ROAD,IR,", India"
KHJA,KHANJA HALT,IR,", India"
SYK,SAIDKHANPUR,IR,", India"
DYD,DARYABAD,IR,", India"
PTH,PATRANGA,IR,", India"
RZN,RAUZAGAON,IR,", India"
RDL,RUDAULI,IR,", India"
GMU,GAURIYAMAU,IR,", India"
BNM,BARAGAON,IR,", India"
DELO,DEORAKOT,IR,", India"
SLW,SOHWAL,IR,", India"
SLRP,SALARPUR,IR,", India"
FD,FAIZABAD JN,IR,", India"
ACND,ACHARYA NARENDRA DEV NAGAR,IR,", India"
AY,AYODHYA,IR,", India"
DRG,DARSHANNAGAR,IR,", India"
BLG,BILHAR GHAT,IR,", India"
ULN,ULNA BHARI,IR,", India"
GGJ,GOSHAINGANJ,IR,", India"
KTHE,KATAHRI,IR,", India"
ABP,AKBARPUR,IR,", India"
JFG,JAFARGANJ,IR,", India"
MLPR,MALIPUR,IR,", India"
TLGR,TULSI NAGAR,IR,", India"
BWI,BILWAI,IR,", India"
SHG,SHAHGANJ JN,IR,", India"
PEP,PHEPHNA JN,IR,", India"
SVI,SAGARPALI,IR,", India"
HLP,HALDHARPUR,IR,", India"
RTP,RATANPURA,IR,", India"
RJMP,RAJMALPUR ROAD,IR,", India"
RSR,RASRA,IR,", India"
SNRA,SANWARA,IR,", India"
CHR,CHILKAHAR,IR,", India"
JGKS,JIGNI KHAS,IR,", India"
BUI,BALLIA,IR,", India"
BCD,BANSDIH ROAD,IR,", India"
CATA,CHHATA ASCHAURA,IR,", India"
STW,SAHATWAR,IR,", India"
ROI,REOTI,IR,", India"
DCP,DAL CHAPRA,IR,", India"
SIP,SURAIMANPUR,IR,", India"
BKLA,BAKULHA,IR,", India"
MHT,MANJHI,IR,", India"
RVG,REVELGANJ GHAT HALT,IR,", India"
GTST,GAUTAMSTHAN,IR,", India"
BJF,BIJNI,IR,", India"
PTLD,PATILADAHA,IR,", India"
SBE,SORBHOG JN,IR,", India"
BPRD,BARPETA ROAD,IR,", India"
GSA,GUAGACHHA,IR,", India"
SPQ,SORUPETA,IR,", India"
PBL,PATHSALA,IR,", India"
NSRH,NIZ-SARIHA HALT,IR,", India"
TIHU,TIHU,IR,", India"
KTCH,KAITHALKUCHI,IR,", India"
NLV,NALBARI,IR,", India"
GOE,GHOGRAPUR,IR,", India"
RNY,RANGIYA JN,IR,", India"
KDKN,KENDUKANA,IR,", India"
BIZ,BAIHATA,IR,", India"
CGS,CHANGSARI,IR,", India"
AGT,AGTHORI,IR,", India"
KYQ,KAMAKHYA,IR,", India"
GHY,GUWAHATI,IR,", India"
JPE,JALPAIGURI ROAD,IR,", India"
NQH,NEW DOMOHANI,IR,", India"
NMX,NEW MAYNAGURI,IR,", India"
BYXA,BETGARA,IR,", India"
ATM,ALTAGRAM,IR,", India"
DQG,DHUPGURI,IR,", India"
KLGR,KHALAIGRAM,IR,", India"
SXX,SALBARI,IR,", India"
FLK,FALAKATA,IR,", India"
GMZ,GUMANI HAT,IR,", India"
GUZ,GUMANI HAT,IR,", India"
GDX,GHOKSADANGA,IR,", India"
SJRR,SAJHERPAR,IR,", India"
PQZ,PUNDIBARI,IR,", India"
NCB,NEW COOCH BEHAR,IR,", India"
NBS,NEW BANESWAR,IR,", India"
NOQ,NEW ALIPURDAUR,IR,", India"
SMTA,SAMUKTALA ROAD,IR,", India"
KAMG,KAMAKHYAGURI,IR,", India"
JOQ,JORAI,IR,", India"
SRPB,SRIRAMPUR ASSAM,IR,", India"
GOGH,GOSSAIGAON HAT,IR,", India"
GBY,GUABARI,IR,", India"
CROA,CHAUTARA,IR,", India"
PQK,PRATAP KHATA,IR,", India"
FKM,FAKIRAGRAM JN,IR,", India"
SUF,SESAPANI,IR,", India"
KOJ,KOKRAJHAR,IR,", India"
SLKX,SALAKATI,IR,", India"
BSGN,BASUGAON,IR,", India"
DTX,DANGTAL,IR,", India"
NBQY,NEW BONGAIGAON YARD,IR,", India"
NBQ,NEW BONGAIGAON,IR,", India"
BNGN,BONGAIGAON,IR,", India"
CPQ,CHAPRAKATA,IR,", India"
JPR,JAKPUR,IR,", India"
MPD,MADPUR,IR,", India"
SMCK,SHYAM CHAK,IR,", India"
BCK,BALICHAK,IR,", India"
DUAN,DUAN,IR,", India"
RDU,RADHAMOHANPUR,IR,", India"
HAUR,HAUR,IR,", India"
KHAI,KHIRAI,IR,", India"
PKU,PANSKURA,IR,", India"
PKEO,PANSKURA EAST OUTER,IR,", India"
NPMR,NARAYAN PAKURIA,IR,", India"
BOP,BHOGPUR,IR,", India"
NDGJ,NANDAHGANJA,IR,", India"
MCA,MECHEDA,IR,", India"
KIG,KOLAGHAT GOODS,IR,", India"
DTE,DEULTI,IR,", India"
GGTA,GHORAGHATA,IR,", India"
BZN,BAGNAN,IR,", India"
KGY,KULGACHIA,IR,", India"
ERSD,ERNAKULAM D CABIN,IR,", India"
TRTR,TRIUPUNITTURA,IR,", India"
KFE,KURIKAD,IR,", India"
MNTT,MULANTURUTTI,IR,", India"
KPTM,KANJIRAMITTAM,IR,", India"
TVC,TRIVANDRUM CENTRAL,IR,", India"
TVP,TRIVANDRUM PETTAI,IR,", India"
PVRD,PIRAVAM ROAD,IR,", India"
VARD,VAIKAM ROAD,IR,", India"
KDTY,KADUTURUTTI HALT,IR,", India"
KRPP,KURUPPANTHARA,IR,", India"
ETM,ETTUMANUR,IR,", India"
KFQ,KUMARANALLUR,IR,", India"
KTYM,KOTTAYAM,IR,", India"
CGV,CHINGAVANAM,IR,", India"
CGY,CHANGANASERI,IR,", India"
TRVL,TIRUVALLA,IR,", India"
CNGR,CHENGANNUR,IR,", India"
CYN,CHERIYANAD,IR,", India"
MVLK,MAVELIKARA,IR,", India"
KYJ,KAYANKULAM JN,IR,", India"
OCR,OCHIRA,IR,", India"
KPY,KARUNAGAPALLI,IR,", India"
STKT,SASTHANKOTTA,IR,", India"
MQO,MUNROTURUTTU,IR,", India"
PRND,PERINAD,IR,", India"
QLN,KOLLAM JN,IR,", India"
IRP,IRAVIPURAM,IR,", India"
MYY,MAYYANAD,IR,", India"
PVU,PARAVUR,IR,", India"
KFI,KAPPIL,IR,", India"
EVA,EDAVAI,IR,", India"
VAK,VARKALA,IR,", India"
AMY,AKATHUMURI,IR,", India"
KVU,KADAKAVUR,IR,", India"
CRY,CHIRAYINKIL,IR,", India"
PGZ,PERUNGUZHI,IR,", India"
MQU,MURUKKAMPUZHA,IR,", India"
KXP,KANIYAPURAM,IR,", India"
KZK,KAZHAKUTTAM,IR,", India"
VELI,VELI,IR,", India"
KCVL,KOCHUVELI,IR,", India"
BUW,BURHWAL,IR,", India"
CKG,CHOWKA GHAT,IR,", India"
SPC,SITAPUR CITY,IR,", India"
STRK,SITAPUR KUTCHERY HALT,IR,", India"
SCC,SITAPUR CANT,IR,", India"
TKUR,TAPPA KHAJURIA,IR,", India"
PSN,PARSENDI,IR,", India"
RAMR,RAMAIPUR HALT,IR,", India"
BVN,BISWAN,IR,", India"
SKLP,SHANKARPUR,IR,", India"
SYU,SARAYAN,IR,", India"
BBPR,BABUPUR,IR,", India"
MMB,MAHMUDABAD AVADH,IR,", India"
MGPA,MUNDA GOPAL ASHRAM,IR,", India"
PPE,PAINTEPUR,IR,", India"
TSF,TAHSIL FATEHPUR,IR,", India"
SDAM,SUNDHIAMAU,IR,", India"
BRTA,BARTARA,IR,", India"
UCH,UNCHAULIA,IR,", India"
LNQ,LAKHNAURIA,IR,", India"
JBG,JUNG BAHADURGNJ,IR,", India"
MZN,MAHMUDPUR SARAIYAN,IR,", India"
JKH,JAHANIKHERA,IR,", India"
MINJ,MAIKALGANJ,IR,", India"
NERI,NERI,IR,", India"
LCN,LALPUR CHANDRA,IR,", India"
MAHO,MAHOLI,IR,", India"
UDX,URDAULI,IR,", India"
HMP,HEMPUR,IR,", India"
KATA,KATILI,IR,", India"
BGDS,BHAGWANPUR DESU,IR,", India"
ARG,ANGAR GHAT,IR,", India"
NRN,NARHAN,IR,", India"
ROA,RUSERA GHAT,IR,", India"
MABB,MABBI HALT,IR,", India"
NWC,NAYA NAGAR,IR,", India"
KGG,KHAGARIA JN,IR,", India"
MNE,MANSI JN,IR,", India"
CDBN,CHEDHABANNI HALT,IR,", India"
BAPN,BARAIPURA HALT,IR,", India"
HPO,HASANPUR ROAD,IR,", India"
SSRH,SHASAN HALT,IR,", India"
DSKG,DSKG,IR,", India"
SOPR,SONMA PRANPUR(H,IR,", India"
SLNA,SALAUNA,IR,", India"
IMLI,IMLI,IR,", India"
PRGA,PAHARJAGANGAU,IR,", India"
OLP,OLAPUR,IR,", India"
MSK,MAHES KHUNT,IR,", India"
GAI,GOUCHHARI,IR,", India"
PSR,PASRAHA,IR,", India"
BRKD,BHARATKHAND HALT,IR,", India"
BRKB,BHARATKHAND HALT,IR,", India"
NNR,NARAYANPUR,IR,", India"
THB,THANA BIHPUR JN,IR,", India"
BIGH,BAGRIGRAM HALT,IR,", India"
KHQ,KHARIK,IR,", India"
NNA,NAUGACHIA,IR,", India"
KTRH,KATAREAH,IR,", India"
KUE,KURSELA,IR,", India"
BKHR,BAKHRI,IR,", India"
BRZR,BARARI BAZAR,IR,", India"
CRR,KARAGOLA ROAD,IR,", India"
SMO,SEMAPUR,IR,", India"
NYT,NAYATOLA,IR,", India"
DNQ,DANDKHORA,IR,", India"
GRR,GORPHAR,IR,", India"
SI,SONALLI,IR,", India"
BHNP,BISHANPUR HALT,IR,", India"
JAU,JHAUA,IR,", India"
MENP,MEENAPUR,IR,", India"
SRI,SALMARI,IR,", India"
BDYD,BDYD,IR,", India"
SGBB,SGBB,IR,", India"
BSPC,BSPC,IR,", India"
BSGS,BSGS,IR,", India"
VAY,VAYALAR,IR,", India"
SRTL,SHERTALAI,IR,", India"
TRVZ,TIRUVIZHA,IR,", India"
MAKM,MARARIKULAM,IR,", India"
KAVR,KALAVUR HALT,IR,", India"
TMPY,TUMBOLI,IR,", India"
ALLP,ALLEPPEY,IR,", India"
TPM,TOTIYAPALAYAM,IR,", India"
KMX,KOMATIPALLI,IR,", India"
MQJ,MARADAM HALT,IR,", India"
MOD,MORAMPUDI,IR,", India"
GPI,GAJAPATINAGARAM,IR,", India"
GRBL,GARUDUBILLI,IR,", India"
GTLM,GOTLAM,IR,", India"
LDX,LADDA,IR,", India"
JMPT,JIMIDIPETA,IR,", India"
AOR,ARGORA,IR,", India"
KNRT,KUNERU,IR,", India"
GMDA,GUMADA,IR,", India"
PVPT,PARVATIPURAM TN,IR,", India"
PVP,PARVATIPURAM,IR,", India"
NSX,NARSIPURAM HALT,IR,", India"
SNM,SITANAGARAM,IR,", India"
VBL,BOBBILI,IR,", India"
DNV,DONKINAVALASA,IR,", India"
BLH,BELGHARIA,IR,", India"
AGP,AGARPARA,IR,", India"
SEP,SODPUR,IR,", India"
KDH,KHARDAHA,IR,", India"
TGH,TITAGARH,IR,", India"
BP,BARRACKPORE,IR,", India"
PTF,PALTA,IR,", India"
IP,ICHHAPUR,IR,", India"
SNR,SHYAMNAGAR,IR,", India"
JGDL,JAGADAL,IR,", India"
KNR,KANKINARA,IR,", India"
NH,NAIHATI JN,IR,", India"
GFAE,GARIFA,IR,", India"
HYG,HOOGHLY GHAT,IR,", India"
DNH,DEONAGAR,IR,", India"
DDGA,DUGDA,IR,", India"
LOT,LOHRA,IR,", India"
CHH,CHAUKHANDI,IR,", India"
SWPR,SEWAPURI,IR,", India"
KEH,KAPSETI,IR,", India"
PRF,PARSIPUR,IR,", India"
BOY,BHADOHI,IR,", India"
MOF,MONDH,IR,", India"
SAW,SURIAWAN,IR,", India"
SQN,SARAI KANSRAI,IR,", India"
JNH,JANGHAI JN,IR,", India"
CPB,KANPUR BRIDGE LEFT BANK,IR,", India"
MGW,MAGARWARA,IR,", India"
ON,UNNAO JN,IR,", India"
SIC,SONIK,IR,", India"
AJ,AJGAIN,IR,", India"
KVX,KUSUMBHI,IR,", India"
JTU,JAITIPUR,IR,", India"
HRN,HARAUNI,IR,", India"
AMV,LUCKNOW ALAMBAGH,IR,", India"
LKOY,LKOY,IR,", India"
POF,PIPARSAND,IR,", India"
AMS,AMAUSI,IR,", India"
MKG,MANAK NAGAR,IR,", India"
MLJ,MOHANLALGANJ,IR,", India"
KKAH,KANKAHA,IR,", India"
NHN,NIGOHAN,IR,", India"
SAGR,SHRIRAJNAGAR,IR,", India"
BCN,BACHHRAWAN,IR,", India"
KVG,KUNEANGANJ,IR,", India"
HCP,HARCHANDPUR,IR,", India"
GANG,GANGAGANJ,IR,", India"
RBL,RAE BARELI JN,IR,", India"
RUM,RUPAMAU,IR,", India"
FTG,FURSATGANJ,IR,", India"
JAIS,JAIS,IR,", India"
KCJ,KASIMPUR,IR,", India"
BANI,BANI,IR,", India"
GNG,GAURIGANJ,IR,", India"
TLKH,TALAKHAJURI,IR,", India"
AME,AMETHI,IR,", India"
MFL,MISRAULI,IR,", India"
SHJP,SAHAJIPUR HALT,IR,", India"
ANTU,ANTU,IR,", India"
JGJ,JAGESHARGANJ,IR,", India"
CIL,CHILBILA JN,IR,", India"
PBH,PARTAPGARH JN,IR,", India"
PHV,PIRTHIGANJ,IR,", India"
DND,DANDUPUR,IR,", India"
GRX,GAURA,IR,", India"
SWS,SUWANSA,IR,", India"
BSE,BADSHAHPUR,IR,", India"
NBP,NIBHAPUR,IR,", India"
MACR,MANGULI CHOWDWAR,IR,", India"
KGPW,KGPW,IR,", India"
GDBR,GOONDA BIHAR,IR,", India"
JHMR,JHIMRI,IR,", India"
HNSL,HASLANG P.H.,IR,", India"
LTMD,LATEMDA,IR,", India"
BKKI,BAKARKUDI,IR,", India"
TUL,TIRALDIH,IR,", India"
SSIA,SUISA,IR,", India"
TRAN,TORANG,IR,", India"
ILO,ILLOO,IR,", India"
ANVT,ANAND VIHAR TRM,IR,", India"
WIR,WAIR,IR,", India"
WSC,SHIVARAMPUR,IR,", India"
GMH,GAMHARIA,IR,", India"
TELO,TELO,IR,", India"
ADTP,ADITYAPUR,IR,", India"
TATA,TATANAGAR JN,IR,", India"
SLJR,SALGA JHARI,IR,", India"
GVDP,GVDP,IR,", India"
ASB,ASANBONI,IR,", India"
RHE,RAKHA MINES,IR,", India"
GUD,GALUDIH,IR,", India"
GTS,GHATSILA,IR,", India"
DVM,DALBHUMGARH,IR,", India"
KKPR,KOKPARA,IR,", India"
CKU,CHAKULIA,IR,", India"
KNM,KANIMAHULI,IR,", India"
GII,GIDNI,IR,", India"
KATB,KHATKURA,IR,", India"
BIRP,BIRARAJPUR,IR,", India"
KND,KANDRA,IR,", India"
BBDA,BARBENDA (RNC DIVISION),IR,", India"
KZU,KUNKI,IR,", India"
GUG,GARH JAIPUR,IR,", India"
MIK,MANIKUL,IR,", India"
CAS,CHAS ROAD,IR,", India"
CNI,CHANDIL JN,IR,", India"
GTD,GOURINATHDHAM,IR,", India"
NIM,NIMDIH,IR,", India"
BRMD,BIRAMDIH,IR,", India"
BBM,BARABHUM,IR,", India"
URMA,URMA,IR,", India"
KTD,KANTADIH,IR,", India"
TAO,TAMNA,IR,", India"
PRR,PURULIA JN,IR,", India"
JGM,JHARGRAM,IR,", India"
BNB,BANSTOLA,IR,", India"
SUA,SARDIHA,IR,", India"
KSO,KHEMASULI,IR,", India"
KKQ,KALAIKUNDA,IR,", India"
NMP,NIMPURA,IR,", India"
KIS,KAPILAS ROAD,IR,", India"
SJDR,SRI JHADESHWAR,IR,", India"
BYY,BYREE,IR,", India"
BRTG,BARITHENGARH,IR,", India"
DNM,DHANMANDAL,IR,", India"
HDS,HARIDASPUR,IR,", India"
NGMP,NEW GARH MADHOPUR,IR,", India"
JEN,JENAPUR,IR,", India"
BRMI,BRAHMANI PH,IR,", India"
JKPR,JAKHAPURA,IR,", India"
JJKR,JAJPUR KEONJHAR ROAD,IR,", India"
KRIH,KORAI HALT,IR,", India"
BTV,BAITARANI ROAD,IR,", India"
DLPT,DULAKHAPATNA,IR,", India"
MZZ,MANJURI ROAD,IR,", India"
KED,KENDUAPADA,IR,", India"
KPLD,KAPALI ROAD,IR,", India"
BUDR,BAUDPUR,IR,", India"
BHC,BHADRAKH,IR,", India"
RLJC,RLJC,IR,", India"
RNTL,RANITAL,IR,", India"
MKO,MARKONA,IR,", India"
SZZ,SABIRA,IR,", India"
SORO,SORO,IR,", India"
BNBR,BAHANAGA BAZAR,IR,", India"
PNPN,PANPANA,IR,", India"
KHF,KHANTAPARA,IR,", India"
NGRD,NILGIRI ROAD,IR,", India"
BLS,BALASORE,IR,", India"
TKPL,TIKIRAPAL HALT,IR,", India"
HIP,HALDIPADA,IR,", India"
ROP,RUPSA JN,IR,", India"
LONI,LONI,IR,", India"
URI,URULI,IR,", India"
PUNE,PUNE JN,IR,", India"
GPRW,GHORPURI WEST,IR,", India"
HDP,HADAPSAR,IR,", India"
MJBK,MANJARI BUDRUK,IR,", India"
YT,YEVAT,IR,", India"
KTT,KHUTBAV,IR,", India"
KDG,KEDGAON,IR,", India"
KDTN,KADETHAN,IR,", India"
PAA,PATAS,IR,", India"
DDAP,DAUND PATAS ROAD,IR,", India"
DD,DAUND JN,IR,", India"
DDAM,DAUND A MMR,IR,", India"
DDJA,DAUND GOODS YARD,IR,", India"
KSTH,KASHTI,IR,", India"
SGND,SHRIGONDA ROAD,IR,", India"
BWD,BELVANDI,IR,", India"
VPR,VISAPUR,IR,", India"
RNJD,RANJANGAON RD,IR,", India"
SRL,SAROLA,IR,", India"
AKR,AKOLNER,IR,", India"
ANG,AHMADNAGAR,IR,", India"
NNB,NIMBLAK,IR,", India"
VL,VILAD,IR,", India"
VBR,VAMBORI,IR,", India"
RRI,RAHURI,IR,", India"
TKMY,TAKLIMIYA,IR,", India"
PDGN,PADHEGAON,IR,", India"
NPW,NIPANI VADGAON,IR,", India"
BAP,BELAPUR,IR,", India"
CIT,CHITALI,IR,", India"
PB,PUNTAMBA,IR,", India"
KNGN,KANHEGAON,IR,", India"
SNVR,SANVATSAR,IR,", India"
KPG,KOPARGAON,IR,", India"
YL,YEOLA,IR,", India"
ANK,ANKAI,IR,", India"
AAK,ANKAI KILA,IR,", India"
SS,SHIRSOLI,IR,", India"
MWD,MHASAVAD,IR,", India"
MYJ,MAHEJI,IR,", India"
RCGT,RICHUGHUTU,IR,", India"
DEMU,DEMU,IR,", India"
LTHR,LATEHAR,IR,", India"
BFQ,BENDI,IR,", India"
KMND,KUMENDI,IR,", India"
HHG,HEHEGARA HALT (E),IR,", India"
CPDR,CHHIPADOHAR,IR,", India"
BRWD,BARWADIH JN,IR,", India"
MAZ,MANGRA,IR,", India"
KCKI,KECKHI,IR,", India"
CNF,CHIANKI,IR,", India"
DTO,DALTONGANJ,IR,", India"
KFT,KAJRI,IR,", India"
RHR,RAJHURA,IR,", India"
LBT,LALGARH BIHAR HALT,IR,", India"
TRZ,TOLRA,IR,", India"
GHD,GARWA ROAD,IR,", India"
BCJ,BAGAHABISHUNPUR,IR,", India"
BSYA,BARKISALALYA,IR,", India"
ANH,ANKORAH AKORHA,IR,", India"
NBG,NABENAGAR ROAD,IR,", India"
KYF,KAJRAT NAWADIH,IR,", India"
JPL,JAPLA,IR,", India"
HDN,HAIDARNAGAR,IR,", India"
KVQ,KOSIARA,IR,", India"
MDJ,MUHAMMADGANJ,IR,", India"
SZF,SATBAHINI,IR,", India"
URD,UNTARE ROAD,IR,", India"
KRTA,KARKATA,IR,", India"
SQS,SIGSIGI,IR,", India"
RMT,RAMGARH CANT,IR,", India"
BRKA,BARKAKANA,IR,", India"
MAEL,MAEL,IR,", India"
BHKD,BHURKUNDA,IR,", India"
BRKP,BARKIPONA,IR,", India"
PTRU,PATRATU,IR,", India"
GRE,GOLA ROAD,IR,", India"
TKS,TOKISUD,IR,", India"
HRBR,HARUBERA,IR,", India"
HNDR,HENDEGIR,IR,", India"
SND,SONDIMRA,IR,", India"
KOLE,KOLE,IR,", India"
BLNG,BARLANGA,IR,", India"
RAY,RAY,IR,", India"
KLRE,KHALARI,IR,", India"
MGME,MCCLUSKIEGANJ,IR,", India"
MMLN,MAHUAMILAN,IR,", India"
TORI,TORI,IR,", India"
CTQ,CHETAR,IR,", India"
KCAB,K-CABIN BONDAMUNDA,IR,", India"
ACAB,A-CABIN BONDAMUNDA,IR,", India"
LNKC,LINK C-CABIN,IR,", India"
RNC,RANCHI,IR,", India"
NKM,NAMKON,IR,", India"
TIS,TATISILWAI,IR,", India"
GAG,GANGAGHAT,IR,", India"
KWKC,KHERWA KOCHA,IR,", India"
JON,JONHA,IR,", India"
KITA,KITA,IR,", India"
SLF,SILLI,IR,", India"
MURI,MURI,IR,", India"
THO,TULIN,IR,", India"
JAA,JHALIDA,IR,", India"
BKDR,BEGUN KUDAR,IR,", India"
KSX,KOTSHILA,IR,", India"
DRGU,DAMRU GHUTU,IR,", India"
RPMY,RPMY,IR,", India"
NFKS,NFKS,IR,", India"
NFKN,NFKN,IR,", India"
PNW,PUNDHAG,IR,", India"
RDF,RADHAGAON,IR,", India"
BKCA,BOKARO STEEL CITY A CABIN,IR,", India"
BKSC,BOKARO STEEL CITY,IR,", India"
BKSN,BKSC NORTH CABIN,IR,", India"
TKB,TUPKADIH,IR,", India"
RJB,RAJABERA,IR,", India"
CRP,CHANDRAPURA,IR,", India"
JNNA,JAMUNIATANR HALT,IR,", India"
JMX,JAMUNI,IR,", India"
PLJE,PHULWARTANR,IR,", India"
BDQ,BUDORA,IR,", India"
TNO,TUNDU,IR,", India"
SZE,SONARDIH,IR,", India"
TNJE,TENTULLA,IR,", India"
KTH,KATRASGARH,IR,", India"
ANJE,ANGARPATHRA HALT,IR,", India"
SJA,SIJUA,IR,", India"
BZS,BANSJORA,IR,", India"
BZE,BASERIA,IR,", India"
KDS,KASUNDA JN,IR,", India"
BWPB,BHAWANIPUR BIHAR,IR,", India"
MFA,MAKURIA,IR,", India"
BOE,BARSOI JN,IR,", India"
HDB,HALDIBARI,IR,", India"
KSBI,KASHIABARI,IR,", India"
MDG,MANDAL GHAT,IR,", India"
KDX,KADABARI HAT,IR,", India"
JPG,JALPAIGURI,IR,", India"
MOP,MOHITNAGAR,IR,", India"
BAHN,BABHABGAON HALT,IR,", India"
KWE,KHURIAL,IR,", India"
KMPH,KAMALPUR HALT,IR,", India"
AZR,AZAMNAGAR ROAD,IR,", India"
KHMP,KHEMPUR,IR,", India"
SJGM,SANJAY GRAM,IR,", India"
SUD,SUDHANI,IR,", India"
AHL,AJHARAIL,IR,", India"
TETA,TELTA,IR,", India"
DLK,DALKOLHA,IR,", India"
SJKL,SURJA KAMAL,IR,", India"
KKA,KANKI,IR,", India"
HWR,HATWAR,IR,", India"
THED,TAUHEED,IR,", India"
KNE,KISHANGANJ,IR,", India"
PJP,PANJIPARA,IR,", India"
IKC,IKARCHALA,IR,", India"
GIL,GAISAL,IR,", India"
GEOR,GUNJARIA,IR,", India"
AUB,ALUABARI ROAD,IR,", India"
DBQ,DHULABARI,IR,", India"
MXJ,MANGURJAN,IR,", India"
TMH,TIN MILE HAT,IR,", India"
DMZ,DUMDANGI,IR,", India"
CAT,CHATTAR HAT,IR,", India"
NJB,NIJBARI,IR,", India"
RNI,RANGAPANI,IR,", India"
NJP,NEW JALPAIGURI,IR,", India"
ABFC,AMBARI FALAKATA,IR,", India"
BLK,BELAKOBA,IR,", India"
RQJ,RANINAGAR JALPAIGIRI,IR,", India"
SMI,SITAMARHI JN,IR,", India"
BHSA,BHISA HALT,IR,", India"
PSZ,PARSAUNI,IR,", India"
BJT,BAJPATTI,IR,", India"
AWPR,AWAPUR,IR,", India"
BCPR,BACHHARPUR HALT,IR,", India"
JNR,JANAKPUR ROAD,IR,", India"
CNX,CHANDAUNA HALT,IR,", India"
JGA,JOGIARA,IR,", India"
DBLI,DEBRABANDHAULI HALT,IR,", India"
MRTA,MURAITHA,IR,", India"
KML,KAMTAUL,IR,", India"
TQR,TEKTAR,IR,", India"
MHP,MUHAMMADPUR,IR,", India"
SHEO,SHISHO,IR,", India"
MFP,MUZAFFARPUR JN,IR,", India"
NRPA,NARAYANPUR ANANT,IR,", India"
SLT,SILAUT,IR,", India"
SIHO,SIHO,IR,", India"
DOL,DHOLI,IR,", India"
DUBH,DUBAHA,IR,", India"
VBH,VISHNUPUR BATHUA HALT,IR,", India"
KRBP,KHUDIRAM B PUSA,IR,", India"
KPGM,KARPURIGRAM,IR,", India"
KUQ,KURETHA,IR,", India"
SAJH,SAHJA HALT,IR,", India"
PQD,PRANPUR ROAD,IR,", India"
LAV,LABHA,IR,", India"
DVJ,DILLI DEWAN GANJ,IR,", India"
MBC,MAHANANDA BGE,IR,", India"
KMRJ,KUMARGANJ,IR,", India"
SRPU,SRIPUR HALT,IR,", India"
SM,SAMSI,IR,", India"
MFZ,MALAHAR,IR,", India"
BKRD,BHALUKA ROAD F,IR,", India"
MQG,MILANGARH,IR,", India"
HCR,HARISCHANDRPUR,IR,", India"
KDPR,KUMEDPUR,IR,", India"
KIR,KATIHAR JN,IR,", India"
MIYN,MANIYAN,IR,", India"
KIRB,KATIHAR CBO MB,IR,", India"
DLF,DALAN,IR,", India"
RWA,RAUTARA,IR,", India"
RNX,RANIPATRA,IR,", India"
PRNA,PURNIA JN,IR,", India"
KUB,KASBA,IR,", India"
GBN,GARH BANAILI,IR,", India"
JAG,JALARGARH,IR,", India"
SATR,SATR HALT,IR,", India"
KSY,KUSIARGAON,IR,", India"
ARQ,ARARIYA COURT,IR,", India"
ARR,ARARIYA,IR,", India"
HOD,HALDITA BIHAR,IR,", India"
SMH,SIMRAHA,IR,", India"
GPE,GOGIPOTHIA HALT,IR,", India"
DLZ,DHOLBAJA,IR,", India"
FBG,FORBESGANJ,IR,", India"
BTF,BATHNAHA,IR,", India"
JBN,JOGBANI,IR,", India"
BZL,BELANAGAR,IR,", India"
BLGT,BALURGHAT,IR,", India"
MKRH,MALLICKPUR HAT,IR,", India"
RMPB,RAMPUR BAZAR,IR,", India"
MLNH,MALANCHA,IR,", India"
GRMP,GANGARAMPUR,IR,", India"
BNDP,BUNIADPUR,IR,", India"
DLPH,DAULATPUR HAT,IR,", India"
DOTL,DEOTALA,IR,", India"
MANG,MAHANAGAR,IR,", India"
GZO,GAZOLE,IR,", India"
BDAG,BONIDANGA,IR,", India"
BDBS,BINDUBASINI HAL,IR,", India"
TDLE,TILDANGA,IR,", India"
NFKB,NEW FARAKKA-B-CABIN,IR,", India"
NFK,NEW FARAKKA JN,IR,", India"
CMX,CHAMAGRAM,IR,", India"
KTJ,KHALTIPUR,IR,", India"
JMQ,JAMIRGHATA,IR,", India"
GZM,GOUR MALDA,IR,", India"
MLDT,MALDA TOWN,IR,", India"
OMLF,OLD MALDA,IR,", India"
ADF,ADINA,IR,", India"
EKI,EKLAKHI,IR,", India"
YY-BJUC,YY-BJUC,IR,", India"
JDA,JASODA,IR,", India"
KHDP,KHUDLAPUR,IR,", India"
GHJ,GURSAHAIGANJ,IR,", India"
MLKP,MALIKPUR,IR,", India"
KDJ,KHUDAGANJ,IR,", India"
SGRP,SINGHIRAMPUR,IR,", India"
KLJ,KAMALGANJ,IR,", India"
YAG,YAQUTGANJ,IR,", India"
FGR,FATEHGARH,IR,", India"
FBD,FARRUKHABAD,IR,", India"
HSY,HARSINGPUR GOBA,IR,", India"
SHX,SHUKHARULLAPUR,IR,", India"
SSD,SHAMSABAD,IR,", India"
BHTS,BHATASA,IR,", India"
KMJ,KAIMGANJ,IR,", India"
KXF,KAMPIL ROAD,IR,", India"
RDN,RUDAIN,IR,", India"
BAPR,BALLUPUR,IR,", India"
DRO,DARYAOGONJ,IR,", India"
NHX,NARTHAR,IR,", India"
PTI,PATIALI,IR,", India"
GWA,GANJ DUNDWARA,IR,", India"
GRAK,GARKHA,IR,", India"
SWRT,SAHAWAR TOWN,IR,", India"
BHK,BADHARI KALAN,IR,", India"
KSJ,KASGANJ,IR,", India"
MHA,MARAHRA,IR,", India"
AUL,AGSAULI,IR,", India"
SKA,SIKANDRA RAO,IR,", India"
BTRO,BASTOI HALT,IR,", India"
RKN,RATI KA NAGLA,IR,", India"
HTJ,HATHRAS ROAD,IR,", India"
MEU,MENDU,IR,", India"
HTC,HATHRAS CITY,IR,", India"
MSN,MURSAN,IR,", India"
SYZ,SONAI,IR,", India"
RAYA,RAYA,IR,", India"
MRT,MATHURA CANT,IR,", India"
MTUJ,MTUJ,IR,", India"
CPA,KANPUR ANWARGANJ,IR,", India"
RPO,RAWATPUR,IR,", India"
KAP,KALIANPUR,IR,", India"
MDA,MANDHANA JN,IR,", India"
CBR,CHAUBEPUR,IR,", India"
BJR,BARRAJPUR,IR,", India"
UTP,UTRIPURA,IR,", India"
DUO,DHAURSALAR,IR,", India"
BLU,BILHAUR,IR,", India"
BKTS,BAKOTHIKHAS,IR,", India"
ARL,AROUL,IR,", India"
GWP,GANGAWAPUR HALT,IR,", India"
MNMU,MANI MAU,IR,", India"
KJN,KANNAUJ,IR,", India"
KJNC,KANNAUJ CITY,IR,", India"
JPP,JALALPUR PANWARA,IR,", India"
BC,BAREILLY CITY,IR,", India"
NMDA,NEW MORINDA,IR,", India"
NLDM,NANGAL DAM,IR,", India"
BNLY,BHANUPLI,IR,", India"
ANSB,ANANDPUR SAHIB,IR,", India"
KART,KIRATPUR SAHIB,IR,", India"
BARJ,BHARATGARH,IR,", India"
GANL,GHANAULI,IR,", India"
RPAR,RUPNAGAR,IR,", India"
MNPR,MINAPUR,IR,", India"
CTLI,CHATOULI,IR,", India"
KRLI,KURALI,IR,", India"
MRND,MORINDA,IR,", India"
NGWN,NOGANWAN,IR,", India"
BSPN,BASSI PATHANAM,IR,", India"
FGSB,FATEHGARH SAHIB,IR,", India"
CCSJ,CCSJ,IR,", India"
MTI,MITAWAL,IR,", India"
BRN,BARHAN,IR,", India"
DSBP,DELHI SHAHDARA B PANEL,IR,", India"
CNJ,CHANDER NAGAR,IR,", India"
ANVR,ANAND VIHAR,IR,", India"
MWC,MANDAWALI CHANDER VIHAR,IR,", India"
CMR,CHAMROLA,IR,", India"
JLS,JALESAR ROAD,IR,", India"
PORA,PORA,IR,", India"
HRS,HATHRAS JN,IR,", India"
SNS,SASNI,IR,", India"
MXK,MANDRAK,IR,", India"
DAQ,DAUD KHAN,IR,", India"
ALJN,ALIGARH JN,IR,", India"
SBB,SAHIBABAD,IR,", India"
GZB,GHAZIABAD,IR,", India"
CYZ,CHIPYANA BUZURG,IR,", India"
MIU,MARIPAT,IR,", India"
DER,DADRI,IR,", India"
BRKY,BORAKI,IR,", India"
AJR,AJAIBPUR,IR,", India"
DKDE,DANKAUR,IR,", India"
WAIR,WAIR,IR,", India"
CHL,CHOLA,IR,", India"
GNRL,GANGRAUL,IR,", India"
SKQ,SIKANDARPUR,IR,", India"
KRJ,KHURJA JN,IR,", India"
KAMP,KAMALPUR,IR,", India"
DAR,DANWAR,IR,", India"
SOM,SOMNA,IR,", India"
KLA,KULWA,IR,", India"
MWUE,MAHRAWAL,IR,", India"
KUR,KHURDA ROAD JN,IR,", India"
RTN,RETANG,IR,", India"
SRKT,SARKANTRA,IR,", India"
LGTR,LINGARAJ TEMPLE ROAD,IR,", India"
BBS,BHUBANESWAR,IR,", India"
BNBH,BANI BIHAR,IR,", India"
MCS,MANCHESWAR,IR,", India"
PTAB,PATIA HALT,IR,", India"
BRAG,BARANG,IR,", India"
PURI,PURI,IR,", India"
MLT,MALATIPATPUR,IR,", India"
JKDP,JANKIDAIPUR,IR,", India"
SIL,SAKHI GOPAL,IR,", India"
BRST,BIR PURUSHOTTAMPUR,IR,", India"
JPRD,JENAPUR ROAD,IR,", India"
JERD,JENAPUR PH,IR,", India"
DEG,DELANG,IR,", India"
KASR,KANAS ROAD,IR,", India"
MWQ,MOTARI HALT,IR,", India"
HPGM,HARIPUR GRAM,IR,", India"
NQR,NARAJ MARTHAPUR,IR,", India"
SPSR,SARPESWAR PH,IR,", India"
GHNH,GHANTIKHAL NIDHIPUR,IR,", India"
RQP,RADHAKISHOREPUR,IR,", India"
RJGR,RAJTHAGARH,IR,", India"
JRZ,JORANDA ROAD,IR,", India"
KSRK,KASRAK HALT,IR,", India"
SCPR,SHYAMA CHARANPUR HALT,IR,", India"
MZM,MUZZAMPUR NARAIN,IR,", India"
DOKY,DUKHERI,IR,", India"
KES,KESRI,IR,", India"
TDW,TANDWAL,IR,", India"
RAA,BARARA,IR,", India"
MFB,MUSTAFABAD,IR,", India"
DZP,DARAZPUR,IR,", India"
JUDW,JAGADHRI WORKSHOP,IR,", India"
JUD,YAMUNANAGAR-JAGADHRI,IR,", India"
KNZ,KALANOUR,IR,", India"
SSW,SARSAWA,IR,", India"
PKY,PILKHANI,IR,", India"
SRE,SAHARANPUR,IR,", India"
HNC,HINDAN CABIN,IR,", India"
BAE,BALIAKHERI,IR,", India"
SNKE,SUNEHTI KHARKHARI,IR,", India"
YJUD,YAMUNANAGAR JAGADHARI,IR,", India"
BHAW,BLOCK HUT A (BHA),IR,", India"
UTR,UTRAHTIA,IR,", India"
BHDH,BAHADURPUR HALT,IR,", India"
BTRA,BANTHRA,IR,", India"
SPN,SHAHJEHANPUR,IR,", India"
SXK,SHAJAHANPURCORT,IR,", India"
ROZA,ROZA JN,IR,", India"
PRPM,PT RAM PRASAD BISMIL,IR,", India"
MGMY,MUGHAL SARAI MARSHALING YARD,IR,", India"
KKRH,KARAHIA,IR,", India"
GMR,GAHMAR,IR,", India"
BQW,BARAKALAN,IR,", India"
CSA,CHAUSA,IR,", India"
KH,KAHILIYA,IR,", India"
AIG,ALGAWAN,IR,", India"
AJI,ANJHI SHAHABAD,IR,", India"
SHRM,SHARMA,IR,", India"
TDP,TODARPUR,IR,", India"
BEG,BEHTAGOKUL,IR,", India"
LBH,DILKUSHA CABIN,IR,", India"
ZBD,ZAFARABAD JN,IR,", India"
SIQ,SARKONI,IR,", India"
JLL,JALALGANJ,IR,", India"
TLMD,TRILOCHAN MAHDO,IR,", India"
KSF,KHALISPUR,IR,", India"
PDRD,PINDRA ROAD,IR,", India"
BTP,BABATPUR,IR,", India"
BRPT,BIRAPATTI,IR,", India"
SOP,SHIUPUR,IR,", India"
BSBY,VARANASI YARD,IR,", India"
PWXP,PAWANI KUMARPUR HALT,IR,", India"
BXR,BUXAR,IR,", India"
BUE,BARUNA,IR,", India"
BKKS,BAKAS,IR,", India"
APG,ANUPGANJ,IR,", India"
RMNR,RAHMAT NAGAR,IR,", India"
CDRL,CHHANDRAULI,IR,", India"
TEG,TIRBEDIGANJ,IR,", India"
HGH,HAIDERGARH,IR,", India"
CHBS,CHAUBISI,IR,", India"
AKJ,AKBARGANJ,IR,", India"
SYW,SINDURWA,IR,", India"
NHH,NIHALGARH,IR,", India"
WGJ,WARIS GANJ HALT,IR,", India"
AHZ,ADHINPUR,IR,", India"
MFKA,MUSAFIR KHANA,IR,", India"
SHNG,SHIVNAGAR,IR,", India"
BDKN,BANDHUA KALAN,IR,", India"
SLN,SULTANPUR,IR,", India"
PKX,PAKHRULI,IR,", India"
BDIN,BHADAIYAN,IR,", India"
LBA,LAMBHUA,IR,", India"
MWP,MAHRANI PACHHIM,IR,", India"
CHDA,CHANDA (HALT),IR,", India"
KEPR,KOIRIPUR,IR,", India"
NIMG,NIMA GOPALPUR,IR,", India"
HRPG,HARPALGANJ,IR,", India"
SKN,SRIKRISHNA NAGAR,IR,", India"
SVZ,SARAI HARKHU,IR,", India"
BKSA,BAKHSHA,IR,", India"
JOP,JAUNPUR CITY,IR,", India"
JNUK,JAUNPUR KUTCHERRY,IR,", India"
ARA,ARA,IR,", India"
JMIR,JAMIRA HALT,IR,", India"
KUA,KULHARIA,IR,", India"
CPPR,CPPR,IR,", India"
DURE,DUMRAON,IR,", India"
TWG,TWINING GANJ,IR,", India"
VKDH,VEER KUNWAR HALT,IR,", India"
RPR,RAGHUNATHPUR,IR,", India"
SKRI,SIKARIA,IR,", India"
BYN,BANAHI,IR,", India"
ASJP,AMAR SAHEED JAGDEV P HALT,IR,", India"
BEA,BIHIYA,IR,", India"
RNTE,RAMANAND,IR,", India"
XSAN,SARVODAYA HALT,IR,", India"
KYA,KAURIYA,IR,", India"
KRS,KARISATH,IR,", India"
JGWL,JAGJIVAN HALT,IR,", India"
KWR,KOELWAR,IR,", India"
VHCH,BLOCK CABIN CHAKKI,IR,", India"
PAIL,PAIL,IR,", India"
BTA,BIHTA,IR,", India"
PATL,PATEL HALT,IR,", India"
SDE,SADISOPUR,IR,", India"
GNHI,GANDHI HALT,IR,", India"
NEO,NEORA,IR,", India"
DNR,DANAPUR,IR,", India"
PWS,PHULWARI SHARIF,IR,", India"
SCY,SACHIWALAY HALT,IR,", India"
ULR,ULTADANGA ROAD,IR,", India"
CLWS,CLWS,IR,", India"
JUNC,JUNC,IR,", India"
ETYD,ETYD,IR,", India"
LCAB,LCAB,IR,", India"
CP,KOLKATA,IR,", India"
TALA,TALLA,IR,", India"
BBR,BAGH BAZAR,IR,", India"
SOLA,SOVABAZAR-AHIRI,IR,", India"
BZB,BARRA BAZAR,IR,", India"
BBDB,BENOY BADAL DINESH GARDENS,IR,", India"
EDG,EDEN GARDENS,IR,", India"
PPGT,PRINCEP GHAT,IR,", India"
KIRP,KHIDIRPUR,IR,", India"
RMTR,REMOUNT ROAD,IR,", India"
MJT,MAJERHAT,IR,", India"
NACC,NEW ALIPUR (CALCUTTA),IR,", India"
TLG,TOLLY GANJ,IR,", India"
MILE,MILE-FIVEB,IR,", India"
LKF,LAKE GARDENS,IR,", India"
BLN,BALLYGUNGE JN,IR,", India"
PQS,PARK CIRCUS,IR,", India"
BELG,BELG,IR,", India"
DNKL,DHENKANAL,IR,", India"
DKUR,DOKUR,IR,", India"
RJAP,RAJAPUR,IR,", India"
DNDL,DANDI MAL,IR,", India"
SBP,SAMBALPUR,IR,", India"
SBPD,SAMBALPUR ROAD,IR,", India"
SSPR,SADASHIBAPUR,IR,", India"
MHDB,MAHADIA PH,IR,", India"
HND,HINDOL ROAD,IR,", India"
NBT,NAYABAGIRTHIPUR,IR,", India"
MRDL,MERAMANDOLIL,IR,", India"
BDPK,BURHAPANKA,IR,", India"
TLHD,TALCHER ROAD,IR,", India"
ANGL,ANGUL,IR,", India"
KPJG,KEREJANGA,IR,", India"
JRPD,JARAPADA,IR,", India"
BONA,BOINDA,IR,", India"
HNPA,HANDAPA,IR,", India"
SRGP,SARAGIPALLI,IR,", India"
BAMR,BAMUR,IR,", India"
RAIR,RAIRAKHOL,IR,", India"
CHAR,CHARMAL,IR,", India"
JUJA,JUJUMURA,IR,", India"
HATB,HATIBARI,IR,", India"
MANE,MANESWAR,IR,", India"
SBPY,SAMBALPUR CITY,IR,", India"
JSME,JASIDIH JN,IR,", India"
TTN,TULSITANR,IR,", India"
LHB,LAHABON,IR,", India"
TLB,TALWA BAZAR,IR,", India"
STL,SIMULTALA,IR,", India"
GHN,GHORPARAN,IR,", India"
NRGO,NARGANJO HALT,IR,", India"
RJLA,RAJLA,IR,", India"
JAJ,JHAJHA,IR,", India"
DPX,DADPUR,IR,", India"
GHR,GIDHAUR,IR,", India"
CUX,CHAURA,IR,", India"
JMU,JAMUI,IR,", India"
KDER,KUNDER HALT,IR,", India"
BFM,BHALUI,IR,", India"
MNP,MANANPUR,IR,", India"
BLHR,BALAHAPUR HALT,IR,", India"
BSQP,BANSIPUR,IR,", India"
LCK,LAKHOCHAK HALT,IR,", India"
MHLT,MAHESH LETA HALT,IR,", India"
MOR,MOR,IR,", India"
GZH,GULZARBAGH,IR,", India"
PNC,PATNA SAHEB,IR,", India"
DDGJ,DEEDARGANJ,IR,", India"
BKG,BANKA GHAT,IR,", India"
FUT,FATWA,IR,", India"
BCYN,BUDHDEVCHAK Y NAGAR,IR,", India"
HDE,HARDAS BIGHA,IR,", India"
KOO,KHUSROPUR,IR,", India"
MJM,MANJHAULIGRAM H,IR,", India"
KWO,KARAUTA,IR,", India"
SMBH,SALIM PUR BIHAR,IR,", India"
TKBG,TEKA BIGHA HALT,IR,", India"
BKP,BAKHTIYARPUR JN,IR,", India"
JPML,JAI PRAKASH MAHULI,IR,", India"
ATL,ATHMAL GOLA,IR,", India"
ACU,ACHUARA HALT,IR,", India"
BARH,BARH,IR,", India"
SHT,SAHARI HALT,IR,", India"
RLE,RAILEY ENGLISH HALT,IR,", India"
LEB,LEMUABAD,IR,", India"
PHK,PUNARAKH,IR,", India"
MMKB,MEMRAKHABAD,IR,", India"
KNHP,KANHAIPUR,IR,", India"
BHAD,BARHAPUR HALT,IR,", India"
SIVN,SIVNAR HALT,IR,", India"
MKA,MOKAMEH JN,IR,", India"
ANAH,AUNTA HALT,IR,", India"
PNBE,PATNA JN,IR,", India"
RJPB,RAJENDRA NAGAR BIHAR,IR,", India"
KBQ,KUMRABAD ROHINI,IR,", India"
SNQ,SANKARPUR,IR,", India"
MUW,MATHURAPUR,IR,", India"
NPZ,NAWAPATRA,IR,", India"
MDP,MADHUPUR JN,IR,", India"
JRW,JORAMOW,IR,", India"
MNC,MADANKATA,IR,", India"
VDS,VIDYASAGAR,IR,", India"
KEE,KASEETAR,IR,", India"
JMT,JAMTARA,IR,", India"
BM,BODMA,IR,", India"
CRJ,CHITTARANJAN,IR,", India"
RNPR,RUPNARAYANPUR,IR,", India"
SLS,SALANPUR,IR,", India"
CPY,CHAPRAMARI,IR,", India"
PTKR,PATIPUKUR,IR,", India"
GNT,GUNTUR JN,IR,", India"
NLPD,NALLAPADU,IR,", India"
PRCA,PERECHERLA,IR,", India"
PPM,PHIRANGIPURAM,IR,", India"
NDPU,NUDURUPADU,IR,", India"
STUR,SATULUR,IR,", India"
NRT,NARASARAOPET,IR,", India"
MUK,MUNUMAKA,IR,", India"
SAB,SANTAMAGULUR,IR,", India"
VLE,VELLALCHERUVU H,IR,", India"
SYM,SAVALYAPURAM,IR,", India"
VKN,VINUKONDA,IR,", India"
CEM,CHEEKATEEGALPLM,IR,", India"
GKM,GUNDALUKAMMA,IR,", India"
KCD,KURICHEDU,IR,", India"
POO,POTLAPADU,IR,", India"
DKD,DONAKONDA,IR,", India"
GJJ,GAJJELAKONDA,IR,", India"
KOAA,KOLKATA CHITPUR,IR,", India"
KANL,KANL,IR,", India"
INCI,ISHAN CHANDI HALT,IR,", India"
GLI,GALSI,IR,", India"
PAJ,PARAJ,IR,", India"
MNAE,MANKAR,IR,", India"
PAN,PANAGARH,IR,", India"
RBH,RAJBANDH,IR,", India"
DGR,DURGAPUR,IR,", India"
DCOP,DURGAPUR COKE OVEN PLANT EXCHANGE YARD SDG WARIA,IR,", India"
OYR,WARIA,IR,", India"
POL,PINJRAPOL,IR,", India"
EOC,UDL EAST OUTER CABIN,IR,", India"
UDLE,ANDAL-EAST/CABIN,IR,", India"
UDL,ANDAL JN,IR,", India"
UDLW,ANDAL WEST CABIN,IR,", India"
CCK,CHICHAKI,IR,", India"
GRBH,GAREA BIHAR,IR,", India"
BHN,BHULI,IR,", India"
TET,TETULMARI,IR,", India"
NPJE,NICHITPUR,IR,", India"
MRQ,MATARI,IR,", India"
GMO,GOMOH JN,IR,", India"
BLME,BHOLLDIH,IR,", India"
NMG,NIMIAGHAT,IR,", India"
PNME,PARASNATH,IR,", India"
CEME,CHEGRO,IR,", India"
CDB,CHAUDHRIBANDH,IR,", India"
KRMB,KARMABAD BH,IR,", India"
HZD,HAZARIBAGH ROAD,IR,", India"
KSHR,KESHWARI,IR,", India"
CBH,CHAUBE,IR,", India"
DSME,DASARA,IR,", India"
PSB,PARSABAD,IR,", India"
YDD,YADUDIH,IR,", India"
SMND,SARMATANR,IR,", India"
HRE,HIRODIH,IR,", India"
LRB,LARABAD,IR,", India"
KQR,KODERMA,IR,", India"
GJD,GUJHANDI,IR,", India"
LBZ,LALBAG BH,IR,", India"
DLW,DILWA,IR,", India"
NGY,NATH GANJ,IR,", India"
BSCP,BASKATWA B. H.,IR,", India"
YGM,YADUGRAM BH,IR,", India"
GAP,GURPA,IR,", India"
PRP,PAHARPUR,IR,", India"
BNSL,BANSINALA HALT,IR,", India"
TKN,TANKUPPA,IR,", India"
BNF,BANDHUA,IR,", India"
MPO,MANPUR JN,IR,", India"
SICY,SHAHEED ISHWAR CHOWDHARY HALT,IR,", India"
GAYA,GAYA JN,IR,", India"
WCB,WEST CABIN GAYA,IR,", India"
KSTA,KASTHA,IR,", India"
PRY,PARAIYA,IR,", India"
GRRU,GURARU,IR,", India"
IMGE,ISMAILPUR,IR,", India"
RFJ,RAFIGANJ,IR,", India"
DORD,DEO ROAD,IR,", India"
JHN,JAKHIM,IR,", India"
PES,PHESAR,IR,", India"
AUBR,ANUGRAHA NARAYAN ROAD,IR,", India"
CPBH,CHIRAILA,IR,", India"
SEB,SON NAGAR,IR,", India"
ADSR,ADSR,IR,", India"
DOS,DEHRI ON SONE,IR,", India"
PHE,PAHALEJA HALT,IR,", India"
MRK,MARKAPUR ROAD,IR,", India"
RAI,RAIBHA,IR,", India"
BCP,BICHPURI,IR,", India"
IDH,IDGAH AGRA JN,IR,", India"
AF,AGRA FORT,IR,", India"
JAB,YAMUNA BRIDGE AGRA,IR,", India"
CHLR,CHHALESAR,IR,", India"
KBP,KUBERPUR,IR,", India"
ETUE,ETMADPUR,IR,", India"
COI,CHEOKI,IR,", India"
KCN,KARCHANA,IR,", India"
BEP,BHEERPUR,IR,", India"
MJA,MEJA ROAD,IR,", India"
UND,UNCHDIH,IR,", India"
JIA,JIGNA,IR,", India"
GAE,GAIPURA,IR,", India"
BEO,BIROHE,IR,", India"
BKN,BIKANER JN,IR,", India"
UMS,UDRAMSAR,IR,", India"
PAE,PALANA,IR,", India"
DSO,DESHNOK,IR,", India"
SPO,SURPURA,IR,", India"
NOK,NOKHA,IR,", India"
CLO,CHILO,IR,", India"
SBLJ,SHRI BALAJI,IR,", India"
ALAI,ALAI,IR,", India"
BWS,BADWASI,IR,", India"
NGO,NAGAUR,IR,", India"
MDW,MARWAR MUNDWA,IR,", India"
KJW,KHAJWANA,IR,", India"
DSL,DESWAL,IR,", India"
MCPE,MARWAR CHAPRI,IR,", India"
GADJ,GANDHINAGAR JAIPUR,IR,", India"
BMH,BETAMCHERLA,IR,", India"
GTJT,GETOR JAGATPURA,IR,", India"
KWP,KHATIPURA,IR,", India"
KUT,KANAUTA,IR,", India"
BAI,BASSI,IR,", India"
JHIR,JHIR,IR,", India"
KXI,KURUMURTHI,IR,", India"
BSKO,BANSKHO,IR,", India"
TLU,TARLUPADU,IR,", India"
JW,JATWARA,IR,", India"
CBM,CUMBUM,IR,", India"
KRNT,KURNOOL TOWN,IR,", India"
ALPR,ALAMPUR ROAD,IR,", India"
BNDN,BHANDANA,IR,", India"
SBBJ,JOGULAMBA HALT,IR,", India"
MOA,MANOPAD,IR,", India"
IKI,ITKYALA,IR,", India"
DO,DAUSA,IR,", India"
PDNA,PEDDADINNE,IR,", India"
PDO,PUDURU,IR,", India"
GWD,GADWAL,IR,", India"
BAK,BHAN KARI,IR,", India"
ARPL,AREPALLI HALT,IR,", India"
SRNR,SRIRAMNAGAR,IR,", India"
AJK,AJAKOLLU,IR,", India"
KVGM,KOLVAGRAM,IR,", India"
WPR,WANPARTI ROAD,IR,", India"
KONN,KONNUR,IR,", India"
KQQ,KAUKUNTLA,IR,", India"
DKC,DEVARKADRE,IR,", India"
KTKA,KOTAKADRA,IR,", India"
MQN,MANYAMKONDA,IR,", India"
MHBT,MAHBUBNAGAR TOWN HALT,IR,", India"
MBNR,MAHBUBNAGAR,IR,", India"
YNG,YENUGONDA,IR,", India"
BKI,BANDIKUI JN,IR,", India"
JBK,JAGGAMBOTLA KRISHNAPURAM,IR,", India"
SDV,SOMIDEVIPALLE,IR,", India"
GMA,GUDIMETTA,IR,", India"
YADA,YADA,IR,", India"
GID,GIDDALUR,IR,", India"
KSTE,KISTAMSETTIPALI,IR,", India"
DMT,DIGUVAMETTA,IR,", India"
CMZ,CHALAMA,IR,", India"
GZL,GAZULAPALLI,IR,", India"
NDL,NANDYAL,IR,", India"
PNM,PANYAM,IR,", India"
ARNA,ARNIA,IR,", India"
KEF,KRISHNAMA KONA,IR,", India"
BEY,B CEMENT NAGAR,IR,", India"
RGM,RANGAPURAM,IR,", India"
MLK,MALKAPURAM,IR,", India"
BVO,BOGOLU,IR,", India"
DHNE,DHONE,IR,", India"
VDI,VELDURTI,IR,", India"
UKD,ULINDAKONDA,IR,", India"
DUU,DUPADU,IR,", India"
KOLA,KOTLA,IR,", India"
DTP,DIVITI PALLI,IR,", India"
CDAE,CHANDANPUR,IR,", India"
PBZ,PORABAZAR,IR,", India"
BMAE,BELMURI,IR,", India"
DNHL,DHANIAKHALI,IR,", India"
SHBC,SIBAICHANDI,IR,", India"
CRAE,CHERAGRAM BH.,IR,", India"
HIH,HAJIGARH,IR,", India"
GRAE,GURAP,IR,", India"
JPQ,JHAPANDANGA,IR,", India"
JRAE,JAUGRAM,IR,", India"
NBAE,NABAGRAM,IR,", India"
MSAE,MASAGRAM,IR,", India"
CHC,CHANCHAI,IR,", India"
PRAE,PALLA ROAD,IR,", India"
DKAE,DANKUNI,IR,", India"
GBRA,GOBRA,IR,", India"
JOX,JANAI ROAD,IR,", India"
BPAE,BEGUMPUR,IR,", India"
BRPA,BARUIPARA,IR,", India"
MBE,MIRZAPUR BANKIPUR,IR,", India"
BLAE,BALARAMBATI,IR,", India"
KQU,KAMARKUNDU,IR,", India"
KQLS,KAMARKUNDU,IR,", India"
MDSE,MADHU SUDANPUR,IR,", India"
SDAH,KOLKATA SEALDAH,IR,", India"
NKG,NARKALDENGA COACHING YARD,IR,", India"
KGK,KANKURGACHHI ROAD,IR,", India"
BNXR,BIDHAN NAGAR,IR,", India"
DDJ,DUM DUM,IR,", India"
BARN,BARANAGAR ROAD,IR,", India"
DAKE,DAKSHINESWAR,IR,", India"
BLYG,BALLY GHAT,IR,", India"
BLYH,BALIHALT,IR,", India"
RCD,RAJCHANDRAPUR,IR,", India"
CCRL,CC RLY LINK CAB,IR,", India"
CCLW,CCLINK-WEST,IR,", India"
GGSY,GANGA SAHAI,IR,", India"
DMRX,DUMRI HALT,IR,", India"
JCL,JADCHERLA,IR,", India"
DJS,DHURANT JWAS HALT,IR,", India"
JYG,JAYNAGAR,IR,", India"
SPJ,SAMASTIPUR JN,IR,", India"
KRHA,KORAHIA,IR,", India"
KJI,KHAJAULI,IR,", India"
GHX,GARHARA,IR,", India"
LLPR,LALIT LAKSHMIPR,IR,", India"
RJA,RAJANAGAR,IR,", India"
HTZU,HATHIDAH UPPER,IR,", India"
MGPI,MANGARPATTI HALT,IR,", India"
MBI,MADHUBANI,IR,", India"
BLRI,BELARI HALT,IR,", India"
SPRN,SALEMPUR HALT,IR,", India"
UJP,UJIARPUR,IR,", India"
PDW,PANDAUL,IR,", India"
NAZJ,NAZIRGANJ,IR,", India"
UGNA,UGNA HALT,IR,", India"
BSRA,BASARHIA HALT,IR,", India"
SKI,SAKRI JN,IR,", India"
DSS,DALSINGH SARAI,IR,", India"
SSNS,SHAHEED S N SINGH HALT,IR,", India"
TRS,TARSARAI,IR,", India"
BJIH,BIJULI HALT,IR,", India"
KKHT,KAKARGHATTI,IR,", India"
STJT,SATHAJAGAT,IR,", India"
BCA,BACHWARA JN,IR,", India"
DKGS,SIMARIA,IR,", India"
MPNH,MAJNUPUR NAWADA,IR,", India"
TGA,TEGHRA,IR,", India"
BUJ,BARAUNI FLAG,IR,", India"
DBG,DARBHANGA JN,IR,", India"
LSI,LAHERIA SARAI,IR,", India"
TLWA,THALWARA,IR,", India"
HYT,HAIAGHAT,IR,", India"
RBZ,RAMBHADDARPUR,IR,", India"
KSP,KISHANPUR,IR,", India"
MKPR,MUKTAPUR,IR,", India"
KRPA,KHARIAPIPRA HALT,IR,", India"
TALL,TALL JN,IR,", India"
RDUM,RAMPUR DUMRA,IR,", India"
BRYA,BARHIYA,IR,", India"
MKB,MANKATHA,IR,", India"
LKR,LUCKEESARAI JN,IR,", India"
KIUL,KIUL JN,IR,", India"
RMPR,RAMPUR HALT,IR,", India"
DNRE,DHANAURI,IR,", India"
PWBN,PAWAI BROHMASTHAN HALT,IR,", India"
UREN,UREN,IR,", India"
KJH,KAJRA,IR,", India"
GIBP,GHOGHI BARIARPUR,IR,", India"
AHA,ABHAIPUR,IR,", India"
MSDN,MASUDAN,IR,", India"
DRH,DHARHARA,IR,", India"
DRTP,DASHARATHPUR,IR,", India"
SRB,SAROBAG,IR,", India"
JMP,JAMALPUR JN,IR,", India"
PATM,PATAM HALT,IR,", India"
RPUR,RATANPUR,IR,", India"
RIKD,RISHIKUND,IR,", India"
BUP,BARIARPUR,IR,", India"
KPRD,KALYANPUR ROAD,IR,", India"
KAPP,KHARIAPIPRA HALT,IR,", India"
GNNA,GANGANI,IR,", India"
KMGH,KAMARGANJ,IR,", India"
SGG,SULTANGANJ,IR,", India"
AJUG,ABJUGANJ,IR,", India"
MVV,MAHESHI,IR,", India"
AKN,AKBARNAGAR,IR,", India"
CTMP,CHHIT MAKHANPUR,IR,", India"
MPY,MURARPUR,IR,", India"
NAT,NATHNAGAR,IR,", India"
BGP,BHAGALPUR,IR,", India"
SBO,SABAUR,IR,", India"
LMM,LAILAKH MAMLKHA,IR,", India"
GGA,GHOGA,IR,", India"
EKC,EKCHARI,IR,", India"
CLG,KAHALGAON,IR,", India"
BKSL,BIKRAM SHILA,IR,", India"
SVRP,SHIVANARAYANPUR,IR,", India"
LKB,LAKSHMIPUR BHORANG,IR,", India"
PPT,PIRPAINTI,IR,", India"
AMPL,AMMAPALLI HALT,IR,", India"
MZC,MIRZA CHEUKI,IR,", India"
KRMA,KARAMTOLA,IR,", India"
SBG,SAHIBGANJ JN,IR,", India"
SLJ,SAKRIGALI JN,IR,", India"
MJP,MOHARAJPUR,IR,", India"
KPTO,KARANPUR ATO,IR,", India"
TLJ,TALJHARI,IR,", India"
KXE,KALIAN CHAK,IR,", India"
TPH,TINPAHAR JN,IR,", India"
DDX,DHAMDHAMIA,IR,", India"
GLY,GOLLAPALLY,IR,", India"
SNT,SAINTHIA,IR,", India"
GHLE,GADADHARPUR,IR,", India"
MLV,MALLARPUR,IR,", India"
TPF,TARAPITH ROAD,IR,", India"
RPH,RAMPUR HAT,IR,", India"
SDLE,SWADINPUR,IR,", India"
NHT,NALHATI JN,IR,", India"
CTR,CHATRA,IR,", India"
MRR,MURARAI,IR,", India"
BSBR,BANSHLAI BRIDGE,IR,", India"
RJG,RAJGRAM,IR,", India"
NGF,NAGARNABI,IR,", India"
PKR,PAKUR,IR,", India"
TBB,TILBHITA,IR,", India"
KLP,KOTALPUKUR,IR,", India"
GMAN,GUMANI,IR,", India"
JTL,JHAPATER DHAL,IR,", India"
BPS,BANPAS,IR,", India"
NRX,NOADAR DHAL,IR,", India"
GKH,GUSKARA,IR,", India"
PCQ,PICHKURIRDHAL,IR,", India"
BDH,BHEDIA,IR,", India"
BHP,BOLPUR SHANTINIKETAN,IR,", India"
PNE,PRANTIK,IR,", India"
KPLE,KOPAI,IR,", India"
AMP,AHMADPUR JN,IR,", India"
BSLE,BATASPUR,IR,", India"
SKG,SAKTIGARH,IR,", India"
GRP,GANGPUR,IR,", India"
BWN,BARDDHAMAN JN,IR,", India"
PLAE,PALSIT,IR,", India"
TIT,TALIT,IR,", India"
RSLR,RASULPUR,IR,", India"
KAN,KHANA JN,IR,", India"
NMF,NIMO,IR,", India"
MYM,MEMARI,IR,", India"
BDC,BANDEL JN,IR,", India"
BGF,BAGILA,IR,", India"
HGY,HOOGHLY,IR,", India"
DBP,DEBIPUR,IR,", India"
CNS,CHUCHURA,IR,", India"
BOI,BAINCHI,IR,", India"
CGR,CHANDAN NAGAR,IR,", India"
BCGM,BAINCHIGRAM,IR,", India"
MUU,MANKUNDU,IR,", India"
SLG,SIMLAGARH,IR,", India"
PDA,PUNDOOAH,IR,", India"
BHR,BHADRESHWAR,IR,", India"
KHN,KHANYAN,IR,", India"
BBAE,BAIDYABATI,IR,", India"
TLO,TALANDU,IR,", India"
MUG,MAGRA,IR,", India"
SHE,SEORAPHULI,IR,", India"
ADST,ADI SAPTAGRAM,IR,", India"
SRP,SERAMPORE,IR,", India"
RIS,RISHRA,IR,", India"
KOG,KONNAGAR,IR,", India"
HMZ,HIND MOTOR,IR,", India"
UPA,UTTARPARA,IR,", India"
BLY,BALLY,IR,", India"
BEQ,BELUR,IR,", India"
LLH,LILUAH,IR,", India"
SYAE,LILUAH (SORTING YARD),IR,", India"
HWHG,HOWRAH GOODS,IR,", India"
HWH,HOWRAH JN,IR,", India"
BKLE,BAKUDI,IR,", India"
BHW,BARHARWA JN,IR,", India"
BDLC,BONIDANGA LINK CABIN,IR,", India"
KRPU,KORAPUT,IR,", India"
KRPB,KORAPUT B CABIN B.H.,IR,", India"
DMRT,DUMURIPUT,IR,", India"
DMNJ,DAMANJODI,IR,", India"
BGUA,BAIGUDA,IR,", India"
KKGM,KAKIRIGUMMA,IR,", India"
LKMR,LAXMIPUR ROAD,IR,", India"
SGRM,SINGARAM,IR,", India"
TKRI,TIKIRI,IR,", India"
RUL,RAULI,IR,", India"
LLGM,LELIGUMA,IR,", India"
BLMK,BHALUMASKA,IR,", India"
SKPI,SIKARPAI,IR,", India"
KTGA,KEUTGUDA,IR,", India"
RGDA,RAYAGADA,IR,", India"
SPRD,SINGAPURAM ROAD,IR,", India"
THV,THERUBALI,IR,", India"
BMCK,BISSAMCUTTACK,IR,", India"
SNRL,SANSARTALI,IR,", India"
MNGD,MUNIGUDA,IR,", India"
DKLU,DOIKALLU,IR,", India"
AMB,AMBODALA,IR,", India"
LJR,LANJIGARH ROAD,IR,", India"
NRLR,NORLA ROAD,IR,", India"
RPRD,RUPRA ROAD,IR,", India"
KDLR,KANDEL ROAD,IR,", India"
KSNG,KESINGA,IR,", India"
RRGA,RANGAREDDY GUDA,IR,", India"
DPP,DHIRPUR,IR,", India"
DHMZ,DHOLA MAZRA,IR,", India"
SHDM,SHAHBAD MARKNDA,IR,", India"
MOY,MOHRI,IR,", India"
PGMD,PRAGATI MAIDAN,IR,", India"
BJA,BIJROTHA,IR,", India"
FDB,FARIDABAD,IR,", India"
NZM,DELHI H NIZAMUDDIN,IR,", India"
TKJ,TILAK BRIDGE,IR,", India"
CSB,SHIVAJI BRIDGE,IR,", India"
NDLS,NEW DELHI,IR,", India"
DSB,DELHI SADAR BAZAR,IR,", India"
SZM,SUBZI MANDI,IR,", India"
DAZ,DELHI AZADPUR,IR,", India"
AMIN,AMIN,IR,", India"
DHKR,DHODA KHEDI,IR,", India"
CORD,BILASPUR CHORD CABIN,IR,", India"
USL,USALAPUR,IR,", India"
GTK,GHUTKU,IR,", India"
KLTR,KALMITAR,IR,", India"
KGB,KARGI ROAD,IR,", India"
SLKR,SALKAROAD,IR,", India"
BIG,BELGAHNA,IR,", India"
TGQ,TENGANMADA,IR,", India"
KGS,KHONGSARA,IR,", India"
BHTK,BHANWAR TONK,IR,", India"
KOI,KHODRI,IR,", India"
SBRA,SARBAHARA,IR,", India"
PND,PENDRA ROAD,IR,", India"
HRB,HARRI,IR,", India"
VKR,VENKATNAGRA,IR,", India"
NIQ,NIGAURA,IR,", India"
JTI,JAITHARI,IR,", India"
CLF,CHHULHA,IR,", India"
APR,ANUPPUR JN,IR,", India"
AAL,AMLAI,IR,", India"
BUH,BURHAR,IR,", India"
CHDX,CHHADA,IR,", India"
SNGP,SINGHPUR,IR,", India"
SDL,SHAHDOL,IR,", India"
BDWA,BADHWA BARA,IR,", India"
GGT,GHUNGHUTI,IR,", India"
MDXR,MUDARIA,IR,", India"
BRS,BIRSINGHPUR,IR,", India"
NRZB,NOWROZABAD,IR,", India"
KKI,KARKELI,IR,", India"
UMR,UMARIA,IR,", India"
LOA,LORHA,IR,", India"
CHD,CHANDIA ROAD,IR,", India"
VYK,VILAYATKALAN RD,IR,", India"
RPD,RUPAUND,IR,", India"
JLW,JHALWARA,IR,", India"
BABR,BALANAGAR,IR,", India"
ULM,URLAM,IR,", India"
TIU,TILARU,IR,", India"
HCM,HARISHCHANDRAPURAM,IR,", India"
KBM,KOTABOMMALI,IR,", India"
DGB,DINDU GOPALA PURAM HALT,IR,", India"
NWP,NAUPADA JN,IR,", India"
RMZ,ROUTHPURAM HALT,IR,", India"
PUN,PUNDI,IR,", India"
PSA,PALASA,IR,", India"
SUDV,SUMMADEVI,IR,", India"
MMS,MANDASA ROAD,IR,", India"
BAV,BARUVA,IR,", India"
SPT,SOMPETA,IR,", India"
JPI,JHADUPUDI,IR,", India"
IPM,ICHCHPURAM,IR,", India"
SLRD,SURLA ROAD,IR,", India"
GTA,GOLANTHRA,IR,", India"
BAM,BRAHMAPUR,IR,", India"
JNP,JAGAN NATHAPUR,IR,", India"
NRSP,NARASIMHAPURA,IR,", India"
CAP,CHATRAPUR,IR,", India"
CAPC,CHATRAPUR COURT,IR,", India"
GAM,GANJAM,IR,", India"
HMA,HUMMA,IR,", India"
RBA,RAMBHA,IR,", India"
KIT,KHALLIKOT,IR,", India"
KLJI,KALIJAI,IR,", India"
CLKA,CHILKA,IR,", India"
BALU,BALUGAON,IR,", India"
SLZ,SOLARI,IR,", India"
GNGD,GANGADHARPUR,IR,", India"
KUU,KUHURI,IR,", India"
KAPG,KALUPARA GHAT,IR,", India"
MKTP,MUKETASHWAR,IR,", India"
BSDP,BHUSANDPUR,IR,", India"
NKP,NIRAKARPUR,IR,", India"
GLBA,GOLABAI,IR,", India"
TAP,TAPANG,IR,", India"
DLMH,DHAULIMUHAN,IR,", India"
KPXR,KAIPADA ROAD,IR,", India"
ARGL,ARGUL,IR,", India"
VSKP,VISHAKAPATNAM,IR,", India"
MIPM,MARRIPALEM,IR,", India"
SCM,SIMHACHALAM,IR,", India"
SCMN,SIMHACHALAM NORTH,IR,", India"
PDT,PENDURTI,IR,", India"
KTV,KOTTAVALASA,IR,", India"
KPL,KANTAKAPALLE,IR,", India"
ALM,ALAMANDA,IR,", India"
KUK,KORUKONDA,IR,", India"
VZM,VIZIANAGRAM JN,IR,", India"
NML,NELLIMARIA,IR,", India"
GUL,GUJJANGIVALASA,IR,", India"
GVI,GARIVIDI,IR,", India"
CPP,CHIPURUPALLE,IR,", India"
BTVA,BATUVA,IR,", India"
SGDM,SIGADAM,IR,", India"
PDU,PONDURU,IR,", India"
DUSI,DUSI,IR,", India"
CHE,SRIKAKULAM ROAD,IR,", India"
SHNR,SHADNAGAR,IR,", India"
CUL,CHULI,IR,", India"
SRBR,SURBARI,IR,", India"
KCG,KACHEGUDA,IR,", India"
MXT,MALAKPET KACHEGUDA,IR,", India"
DQR,KACHEGUDA DBR,IR,", India"
YAKUT PUR(YKA,YAKUT PUR(YKA,IR,", India"
HPG,HUPPUGUDA,IR,", India"
FM,KACHEGUDA FALAKNUMA,IR,", India"
TMX,TIMMAPUR,IR,", India"
UR,UMDANAGAR,IR,", India"
BDVL,BUDVEL,IR,", India"
ADI,AHMEDABAD JN,IR,", India"
KKF,KANKARIA,IR,", India"
MAN,MANI NAGAR,IR,", India"
VTA,VATVA,IR,", India"
GER,GERATPUR,IR,", India"
BJD,BAREJADI,IR,", India"
KANJ,KANIL,IR,", India"
NEP,NENPUR,IR,", India"
MHD,MAHEMDAVAD KHEDA RD,IR,", India"
GTE,GOTHAJ,IR,", India"
ND,NADIAD JN,IR,", India"
UTD,UTARSANDA,IR,", India"
KBRV,KANJARI BORIYAV,IR,", India"
NOL,NIYOL,IR,", India"
CHM,CHALTHAN,IR,", India"
BGMR,BAGUMRA,IR,", India"
GGAR,GANGADHARA,IR,", India"
BIY,BARDOLI,IR,", India"
TBV,TIMBARVA,IR,", India"
MGRL,MANGROLLA,IR,", India"
MID,MADHI,IR,", India"
KRAI,KAHET,IR,", India"
LTV,LOTARVA,IR,", India"
VYA,VYARA,IR,", India"
KKRD,KIKAKUI ROAD,IR,", India"
DSD,DOSVADA,IR,", India"
USD,UKAI SONGADH,IR,", India"
LKKD,LAKKADKOT,IR,", India"
BBAI,BHADBHUNJA,IR,", India"
NWU,NAVAPUR,IR,", India"
KFF,KOLDA,IR,", India"
CPD,CHINCHPADA,IR,", India"
KHTG,KHATGAON,IR,", India"
KBH,KHANDBAARA,IR,", India"
BAWD,BHADWAD,IR,", India"
DWD,DHEKVAD,IR,", India"
NDB,NANDURBAR,IR,", India"
CUE,CHOUPALE,IR,", India"
TISI,TISI,IR,", India"
RNL,RANALA,IR,", India"
DDE,DONDAICHA,IR,", India"
VKH,VIKHRAN ROAD,IR,", India"
SNSL,SONSHELU,IR,", India"
SNK,SINDKHEDA,IR,", India"
HOL,HOL,IR,", India"
NDN,NARDANA,IR,", India"
BEW,BETAVAD,IR,", India"
PDP,PADSE,IR,", India"
BRTK,BHORTEX,IR,", India"
AN,AMALNER,IR,", India"
TKHE,TAKARKHEDE,IR,", India"
BHNE,BHONE,IR,", India"
DXG,DHARANGAON,IR,", India"
CHLK,CHAVALKHEDE,IR,", India"
PLD,PALDHI,IR,", India"
MIB,NAGPUR MOTI BAGH,IR,", India"
RVH,RAIPUR R-V BLOCK,IR,", India"
MNDH,MANDIR HASAUD,IR,", India"
LAE,LAKHOLI,IR,", India"
ANMD,ARANG MAHANADI,IR,", India"
BLSN,BELSONDA,IR,", India"
MSMD,MAHASAMUND,IR,", India"
ARN,ARAND,IR,", India"
BMKJ,BHIMKHOJ,IR,", India"
BGBR,BAGBAHRA,IR,", India"
KMK,KOMAKHAN,IR,", India"
KRAR,KHARIAR ROAD,IR,", India"
NPD,NAWAPARA ROAD,IR,", India"
LKNA,LAKHNA,IR,", India"
HSK,HARISHANKER RD,IR,", India"
TIG,TITLAGARH,IR,", India"
TRKR,TUREKALA ROAD,IR,", India"
SFK,SIKIR,IR,", India"
KBJ,KANTABANJI,IR,", India"
BUDM,BADMAL,IR,", India"
MRBL,MURIBAHAL,IR,", India"
SFC,SAINTALA,IR,", India"
RNBT,RAHENBATA,IR,", India"
DFR,DEOGAN ROAD,IR,", India"
BLGR,BALANGIR,IR,", India"
BNRD,BALANGIR ROAD,IR,", India"
LSX,LOISINGHA,IR,", India"
KHPL,KHALIPALI,IR,", India"
DJX,DUNGRIPADI,IR,", India"
BRPL,BARPALI,IR,", India"
BRGA,BARGARH ROAD,IR,", India"
ATS,ATTABIRA,IR,", India"
GBQ,GODBHAGA,IR,", India"
HKG,HIRAKUD,IR,", India"
JSRY,JHARSUGUDA R YARD,IR,", India"
DTV,DHUTRA,IR,", India"
PNPL,PANPALI,IR,", India"
BEH,BAGDIHI,IR,", India"
DIH,DHARUADIHI,IR,", India"
BMB,BAMRA,IR,", India"
TGM,TANGARMUNDA,IR,", India"
GPH,GARPOS,IR,", India"
SOGR,SOGRA,IR,", India"
SXN,SONAKHAN,IR,", India"
GP,RAJ GANGPUR,IR,", India"
KXN,KANSHBAHAL,IR,", India"
TLHR,TALCHER,IR,", India"
TLTM,TALCHER THERMAL,IR,", India"
TTPT,TALCHER THERMAL,IR,", India"
KLG,KALUNGA,IR,", India"
PPO,PANPOSH,IR,", India"
ROU,ROURKELA,IR,", India"
BNDM,BONDAMUNDA,IR,", India"
BGKA,BANGURKELA,IR,", India"
BSPK,BISPUR,IR,", India"
NXN,NUAGAON,IR,", India"
ORGA,ORGA,IR,", India"
PBB,PARBATONIA,IR,", India"
TATI,TATI,IR,", India"
BRBR,BARBERA,IR,", India"
KNRN,KANAROAN,IR,", India"
BANO,BANO,IR,", India"
MCZ,MAHABUANG,IR,", India"
KRKR,KURKURA,IR,", India"
PKC,PAKRA,IR,", India"
PKF,POKLA,IR,", India"
BKPR,BAKASPUR,IR,", India"
JGX,JARIAGARH,IR,", India"
GBX,GOVINDPUR ROAD,IR,", India"
KRRA,KARRA,IR,", India"
BNGO,BINGAON,IR,", India"
LOM,LODHMA,IR,", India"
BLRG,BALASIRING,IR,", India"
HTE,HATIA,IR,", India"
ITR,ITWARI,IR,", India"
MTD,MERTA ROAD JN,IR,", India"
KQW,KHEDULI,IR,", India"
REN,REN,IR,", India"
JAC,JALSU,IR,", India"
JACN,JALSU NANAK,IR,", India"
DNA,DEGANA JN,IR,", India"
GCH,GACHHIPURA,IR,", India"
BSRL,BESROLI,IR,", India"
BOW,BORAWAR,IR,", India"
MKN,MAKRANA JN,IR,", India"
KMNC,KUCHAMAN CITY,IR,", India"
THMR,THATHANA MITHRI,IR,", India"
NYK,NAYA KHARADIA,IR,", India"
NAC,NAWA CITY,IR,", India"
GVMR,GOVINDI MARWAR,IR,", India"
GA,GUDHA,IR,", India"
SBR,SAMBHAR LAKE,IR,", India"
FL,PHULERA JN,IR,", India"
HDA,HIRNODA,IR,", India"
DHND,DHINDA,IR,", India"
JU,JODHPUR JN,IR,", India"
RKB,RAIKA BAGH,IR,", India"
JUCT,JODHPUR CANTT,IR,", India"
BNO,BANAR,IR,", India"
JWL,JAJIWAL,IR,", India"
AAS,ASRANADA,IR,", India"
KSW,KHERI SALWA,IR,", India"
PPR,PIPAR ROAD JN,IR,", India"
SWF,SATHIN ROAD,IR,", India"
UMED,UMED,IR,", India"
KXG,KHARIA KHANGARH,IR,", India"
GOTN,GOTAN,IR,", India"
JOM,JOGI MAGRA,IR,", India"
SWM,SAWAI MADHOPUR,IR,", India"
KTA,KUSHTALA,IR,", India"
RWJ,RAWANIA DUNGAR,IR,", India"
AMLI,AMLI,IR,", India"
JOB,ASALPUR JOBNER,IR,", India"
IDG,INDARGARH,IR,", India"
BOBS,BOBAS,IR,", India"
SHNX,SHEO SINGH PURA,IR,", India"
LKE,LAKHERI,IR,", India"
MSO,MISROD,IR,", India"
HBJ,HABIBGANJ,IR,", India"
BPL,BHOPAL JN,IR,", India"
BIH,BAIRAGARH,IR,", India"
BQE,BAKANIAN BHAUNR,IR,", India"
LBN,LABAN,IR,", India"
KPZ,KAPREN,IR,", India"
KTSC,KOTA JN SOUTH C,IR,", India"
DKNT,DAKANIYA TALAV,IR,", India"
DDV,DADHDEVI,IR,", India"
ALNI,ALNIYA,IR,", India"
DKQ,DHANI KASAR,IR,", India"
RDT,RAVTHA ROAD,IR,", India"
DARA,DARA,IR,", India"
KIW,KANWALPURA,IR,", India"
MKX,MORAK,IR,", India"
RMA,RAMGANJ MANDI,IR,", India"
JHW,JHALAWAR ROAD,IR,", India"
DKRA,DHUANKHERI,IR,", India"
BWM,BHAWANI MANDI,IR,", India"
KRLS,KURLAS,IR,", India"
GOH,GAROT,IR,", India"
SGZ,SHAMGARH,IR,", India"
HNU,HANSPURA,IR,", India"
SVA,SUWASRA,IR,", India"
NKH,NATHUKHERI,IR,", India"
CMU,CHAU MAHLA,IR,", India"
TLZ,TALAVLI,IR,", India"
THUR,THURIA,IR,", India"
VMA,VIKRAMGARH ALOT,IR,", India"
LNR,LUNI RICHHA,IR,", India"
MEP,MAHIDPUR ROAD,IR,", India"
RLK,ROHAL KHURD,IR,", India"
PUD,PHANDA,IR,", India"
PNWN,PACHWAN,IR,", India"
DNK,DHANAKYA,IR,", India"
SEH,SEHORE,IR,", India"
BDYK,BINDAYAKA,IR,", India"
KKU,KANAKPURA,IR,", India"
BKTL,BAKTAL,IR,", India"
PRB,PARBATI,IR,", India"
JBX,JABRI,IR,", India"
KPP,KALAPIPAL,IR,", India"
CKOD,CHAKROD,IR,", India"
SJP,SHUJALPUR,IR,", India"
UJN,UJJAIN JN,IR,", India"
MQE,MOHAMMADKHERA,IR,", India"
AKD,AKODIA,IR,", India"
BLX,BOLAI,IR,", India"
KSH,KALI SINDH,IR,", India"
KONY,KISONI,IR,", India"
BCH,BERCHHA,IR,", India"
PUO,PIR UMROD,IR,", India"
MKC,MAKSI,IR,", India"
SVT,SHIVPURA,IR,", India"
TJP,TAJPUR,IR,", India"
PLW,PINGLESHWAR,IR,", India"
UJNC,UJN C CABIN,IR,", India"
DPZ,DEVPURA,IR,", India"
SURL,SURELI,IR,", India"
ISA,ISARDA,IR,", India"
SRAS,SIRAS,IR,", India"
BNLW,BANSTHALI NIWAI,IR,", India"
CHNN,CHANNANI,IR,", India"
CKS,CHAKSU,IR,", India"
SAS,SHIVDASPURA PADAMPURA,IR,", India"
BTSD,BHATISUDA,IR,", India"
PPG,PIPLODA BAGLA,IR,", India"
UNL,UNHEL,IR,", India"
PSO,PALSORA MAKRAWA,IR,", India"
ASL,ASLAODA,IR,", India"
GRFB,GAMBHIR BR,IR,", India"
NKI,NAIKHERI,IR,", India"
SNGN,SANGANER,IR,", India"
DPA,DURGAPURA,IR,", India"
BSGD,BAIS GODAM,IR,", India"
GNQ,GODHANI,IR,", India"
BWRA,BHARATWADA,IR,", India"
KSWR,KALMESHWAR,IR,", India"
KOHL,KOHLI,IR,", India"
SNKB,SONKHAMB,IR,", India"
MER,METPANJRA,IR,", India"
KATL,KATOL,IR,", India"
KLBA,KALAMBHA,IR,", India"
TNH,TINKHEDA,IR,", India"
NRKR,NARKHER,IR,", India"
DDMT,DARIMETA,IR,", India"
PAR,PANDHURNA,IR,", India"
TEO,TEEGAON,IR,", India"
GDKP,GHUNDANKHAPA,IR,", India"
CCD,CHICHONDA,IR,", India"
HTN,HATNA PUR,IR,", India"
MTY,MULTAI,IR,", India"
AMLA,AMLA JN,IR,", India"
MALK,MALKAPUR ROAD,IR,", India"
BZU,BETUL,IR,", India"
MJY,MARAMJHIRI,IR,", India"
DHQ,DHARAKHOH,IR,", India"
GDYA,GHORADONGRI,IR,", India"
BBTR,BARBATPUR,IR,", India"
MGRD,MAGARDOH,IR,", India"
DOH,DHODRA MOHAR,IR,", India"
POX,POLA-PATTHAR,IR,", India"
KQE,KALA AKHAR,IR,", India"
SAHL,SAHELI,IR,", India"
TAKU,TAKU,IR,", India"
KSLA,KESLA,IR,", India"
KRTH,KIRATGARH,IR,", India"
JHP,JUHJARPUR,IR,", India"
HN,HATHBANDH,IR,", India"
BYT,BHATAPARA,IR,", India"
NPI,NIPANIA,IR,", India"
DGS,DAGORI,IR,", India"
SLRA,SARALA,IR,", India"
SSN,SASON,IR,", India"
RGL,RENGALI,IR,", India"
LPG,LAPANGA,IR,", India"
BXQ,BRUNDAMAL,IR,", India"
JSGR,JHARSUGUDA ROAD,IR,", India"
BBSN,BHUBANESWAR NEW,IR,", India"
GBK,GOPALPUR BALKDA,IR,", India"
KTJI,KATHA JORI,IR,", India"
CTC,CUTTACK,IR,", India"
KNPR,KENDRAPARA ROAD,IR,", India"
NRG,NERGUNDI,IR,", India"
MZY,MACHAPUR,IR,", India"
GJTA,GARUDIJHATIA,IR,", India"
BDPG,BADA PADAGAON,IR,", India"
CBT,CHARBATIA,IR,", India"
SQQ,SALAGAON,IR,", India"
SVK,SIVARAKOTTAI,IR,", India"
SLGM,SANKARALINGAPRM,IR,", India"
CPM,CHOLAPURAM,IR,", India"
MDU,MADURAI JN,IR,", India"
TDN,TIRUPARANKNDRM,IR,", India"
TMQ,TIRUMANGALAM,IR,", India"
KGD,KALLIGUDI,IR,", India"
VPT,VIRUDUNAGAR JN,IR,", India"
SCT,SENGOTTAI,IR,", India"
TSI,TENKASI JN,IR,", India"
KDNL,KADAYNALLUR,IR,", India"
PBKS,PAMBA KOVIL SHANDY,IR,", India"
SNKL,SANKARANKOVIL,IR,", India"
RJPM,RAJAPALAYAM,IR,", India"
SVPR,SRIVILLIPUTTUR,IR,", India"
SVKS,SIVAKASI,IR,", India"
TTL,TIRUTTANGAL,IR,", India"
MKSP,MUKHASA PARUR,IR,", India"
KKTI,KUTTAKUDI,IR,", India"
PRV,PUKKIRIVARI,IR,", India"
SRVT,SIRUVATTUR,IR,", India"
CHSM,CHINNA SALEM,IR,", India"
MLYR,MELNARIYAPANUR,IR,", India"
TVS,TALAIVASAL,IR,", India"
ATU,ATTUR,IR,", India"
PDKM,PEDANAYAKANPALAYAM,IR,", India"
MGSJ,MAGNESITE JN,IR,", India"
ETP,ETTAPUR ROAD,IR,", India"
SA,SALEM JN,IR,", India"
VGE,VALAPPADI G HLT,IR,", India"
MPLI,MINNAMPALLI,IR,", India"
APN,AYODHYAPATTANAM,IR,", India"
SLME,SALEM EAST,IR,", India"
SXT,SALEM TOWN,IR,", India"
SAMT,SALEM MARKET,IR,", India"
OML,OMALUR,IR,", India"
TOS,TOLASAMPATTI,IR,", India"
MCRD,MECHERI ROAD,IR,", India"
MTDM,METUR DAM,IR,", India"
