train_no,train_name,type_code
04601,Jammu Tawi Udhampur Special,EXP-TRAINS
04602,UDHAMPUR JAMMUTAWI DMU,EXP-TRAINS
04603,JAT UDAHMPUR DMU,EXP-TRAINS
04604,UDHAMPUR JAMMUTAWI DMU,EXP-TRAINS
04728,Mumbai BandraT-Bikaner SF Special,SF-TRAINS
04741,Sirsa - Hisar Passenger Special,PASS-TRAINS
04742,Hisar - Sirsa Passenger Special,PASS-TRAINS
04853,Rewari Degana Merta Special,EXP-TRAINS
04854,Degana Merta Special,EXP-TRAINS
09022,JAMMU TAWI - BANDRA TERMINUS AC Suvidha Special (Starts 5 April),SF-TRAINS
11017,Chalukya Express,EXP-TRAINS
11019,Konark Express,EXP-TRAINS
11020,Konark Express,EXP-TRAINS
11023,Sahyadri Express,EXP-TRAINS
11024,Sahyadri Express,EXP-TRAINS
11025,Manmad Pune Express(Via Nasik),EXP-TRAINS
11026,Pune Manmad Express,EXP-TRAINS
11027,Mumbai CST-Chennai Mail,EXP-TRAINS
11029,Koyna Express,EXP-TRAINS
11030,Koyna Express,EXP-TRAINS
11033,PUNE - DARBHANGA Gyan Ganga Exp,EXP-TRAINS
11035,Dadar-Mysore Sharavati Express,EXP-TRAINS
11036,Mysore-Dadar Sharavati Express,EXP-TRAINS
11037,PUNE - GORAKHPUR Exp,EXP-TRAINS
11038,GORAKHPUR - PUNE Exp,EXP-TRAINS
11039,Maharashtra Express,EXP-TRAINS
11039-Slip,Kolhapur-Gorakhpur Express Slip,EXP-TRAINS
11040,Maharashtra Express,EXP-TRAINS
11040-Slip,Gondia-Solapur Maharashtra Express Slip,EXP-TRAINS
11041,Mumbai - Chennai Express,EXP-TRAINS
11043,MUMBAI LTT - MADURAI Exp,EXP-TRAINS
11044,MADURAI - MUMBAI LTT Exp,EXP-TRAINS
11045,KOLHAPUR CSMT - DHANBAD Deekshabhoomi Exp,EXP-TRAINS
11047,Hubli Express,EXP-TRAINS
11048,Hubli Miraj Express,EXP-TRAINS
11049,Ahmedabad-Kolhapur Express,EXP-TRAINS
11050,Kolhapur-Ahmedabad Express,EXP-TRAINS
11051,Solapur-Kolhapur Express,EXP-TRAINS
11052,Kolhapur Solapur Express,EXP-TRAINS
11056,GORAKHPUR - MUMBAI LTT Exp,EXP-TRAINS
11057,Dadar Amritsar Express,EXP-TRAINS
11057-Slip,Dadar Amritsar Express Slip,EXP-TRAINS
11058,Amritsar Dadar Express,EXP-TRAINS
11059,MUMBAI LTT - CHHAPRA Godan Exp,EXP-TRAINS
11060,CHHAPRA - MUMBAI LTT Godan Exp,EXP-TRAINS
11062,DARBHANGA - MUMBAI LTT Pawan Exp,EXP-TRAINS
56305,Kottayam Kollam Passenger,PASS-TRAINS
58651,Ranchi Lohardaga Passenger,PASS-TRAINS
04858,Jodhpur Pipar Road Passenger Special,PASS-TRAINS
05305,Farrukhabad-KanpurAnwarganj Passenger,PASS-TRAINS
05306,KanpurAnwarganj-Farrukhabad Special,EXP-TRAINS
05650,Kamakhya - Mumbai LTT (Weekly) Special,EXP-TRAINS
05697,Hill Queen Express,EXP-TRAINS
05698,Hill Queen Express,EXP-TRAINS
06002,Kollam-Chennai Central SF Special,SF-TRAINS
06003,Chennai Central-Kollam Special,EXP-TRAINS
06004,Kollam-Chennai Central Special,EXP-TRAINS
06005,Chennai Central-Kollam SF Special,SF-TRAINS
06006,Kollam-Chennai Central SF Special,SF-TRAINS
06007,Chennai Central-Kollam SF Special,SF-TRAINS
06008,KollamChennai Central SF Special,SF-TRAINS
06009,Chennai CentralKollam SF Special,SF-TRAINS
06011,Chennai Central Kollam (Weekly) SF Special,SF-TRAINS
06201,Mysore-Sainagar Shirdi Special,EXP-TRAINS
06202,Sainagar Shirdi - Mysore Special,EXP-TRAINS
06215,Mysore Nanjangud Town passenger,PASS-TRAINS
06216,Nanjangud Town Mysore Passenger,PASS-TRAINS
06228,Shimoga Mysore Express,EXP-TRAINS
06301,Nagercoil-Mangalore Special,EXP-TRAINS
06302,Mangalore-Nagercoil Special,EXP-TRAINS
06501,Yesvantpur - Ahmedabad Garib Rath Special,GRB-TRAINS
06502,Ahmedabad -Yesvantpur Garib Rath Special,GRB-TRAINS
06535,Bijapur Express,EXP-TRAINS
06536,Bijapur-Yesvantpur Special,EXP-TRAINS
06591,Yesvantpur-Hosur Passenger Special,PASS-TRAINS
06592,Hosur-Yesvantpur Passenger,PASS-TRAINS
06594,Hosur-Yesvantpur Passenger Special,PASS-TRAINS
06595,Yesvantpur-Devanhalli Special,EXP-TRAINS
06596,Devanahalli-Yesvantpur Special,EXP-TRAINS
06617,Coimbatore-Nagercoil Special,EXP-TRAINS
06618,Nagercoil-Coimbatore Special,EXP-TRAINS
06621,Coimbatore-Yesvantpur SF Special,SF-TRAINS
06622,Yesvantpur-Coimbatore SF Special,SF-TRAINS
06837,Karaikkudi Manamadurai Passenger,PASS-TRAINS
06838,Manamadurai Karaikkudi Passenger,PASS-TRAINS
06839,Tiruchirappalli Karaikkudi Passenger Special,PASS-TRAINS
06840,Karaikkudi-Tiruchirappalli Passenger Special,PASS-TRAINS
06948,Hubli Jn - Vasco Da Gama Link Express,EXP-TRAINS
07003,Hyderabad-Korba Special,EXP-TRAINS
07004,Korba-Hyderabad Special,EXP-TRAINS
07105,Ajmer - Hyderabad Special,EXP-TRAINS
40005,Chennai Beach Tambaram EMU,PASS-TRAINS
55138,Shahganj Ballia Passenger,PASS-TRAINS
56393,Kottayam Kollam Passenger,PASS-TRAINS
24041,DELHI SARAI ROHILLA - KOTDWAR Mussoorie Exp,EXP-TRAINS
07144,Shahu Maharaj T. Kolhapur - Hyderabad Special,EXP-TRAINS
07301,Mysore Shimoga Express,EXP-TRAINS
07403,Adilabad-Nanded Special,EXP-TRAINS
07404,Nanded-Adilabad Special,EXP-TRAINS
07603,Kacheguda Kamareddi Special,EXP-TRAINS
07605,Kamareddi-Nizamabad Passenger Special,PASS-TRAINS
07606,Nizamabad-Kamareddi Special,EXP-TRAINS
07607,Secunderabad - Mancherial Special,EXP-TRAINS
07608,Mancherial - Secunderabad Special,EXP-TRAINS
08001,Kharagpur-Jhargram Express Special,EXP-TRAINS
08002,Jhargram-Kharagpur Special,EXP-TRAINS
08004,Mysore - Howrah Special,EXP-TRAINS
08017,Kharagpur- Jhargram MEMU Special,PASS-TRAINS
08018,Jhargram - Kharagpur MEMU Special,PASS-TRAINS
08043,Kolkata Shalimar-Haridwar Puja Special,EXP-TRAINS
08051,Kharagpur- Jhargram MEMU Special,PASS-TRAINS
08052,Jhargram - Kharagpur MEMU Special,PASS-TRAINS
08055,Shalimar-Tirupati Special,SF-TRAINS
08113,Tatanagar Bilaspur Passenger,PASS-TRAINS
08114,Bilaspur Tatanagar Passenger,PASS-TRAINS
08469,Puri-Bangalore weekly Garib Rath special,GRB-TRAINS
08470,Bangalore-Puri Garib Rath Special,GRB-TRAINS
08471,Bhubaneswar - Tirupati Weekly Special,EXP-TRAINS
08472,Tirupati - Bhubaneswar Weekly Special,EXP-TRAINS
08565,Visakhapatnam-Secunderabad Special,EXP-TRAINS
08566,Secunderabad Vishakaptnam Special,EXP-TRAINS
08567,Visakhapatnam Sainagar Shirdi special,EXP-TRAINS
08568,Shirdi-Visakhapatnam Weekly Special,EXP-TRAINS
08569,Visakhapatnam-Kollam Sabarimalai Special,EXP-TRAINS
08786,Dalli Rajhara Durg Pass,PASS-TRAINS
08787,Raipur-Durg Special,EXP-TRAINS
08788,Durg-Raipur Special,EXP-TRAINS
09002,Ahmedabad Mumbai Central Superfast Special,SF-TRAINS
09021,BANDRA TERMINUS - JAMMU TAWI AC Suvidha Special (Starts 4 April),SF-TRAINS
09051,Valsad-Varanasi Weekly Special,EXP-TRAINS
09221,Porbandar Secunderabad Weekly Special,EXP-TRAINS
09561,Bandra Terminus Okha Weekly Special,EXP-TRAINS
09733,Hanumangarh Kota Special,EXP-TRAINS
09734,Kota Hanumangarh Special,EXP-TRAINS
11015,Kushinagar Express,EXP-TRAINS
12084,Coimbatore-Mayiladuturai Jan Shatabdi,SHT-TRAINS
13401,InterCity Express,EXP-TRAINS
13410,InterCity Express,EXP-TRAINS
40007,Chennai Beach Tambaram EMU(12 Car),PASS-TRAINS
56320,Coimbatore Nagercoil Passenger,PASS-TRAINS
08785,Durg Dalli Rajhara Pass,PASS-TRAINS
01494,Bijapur Hubli Special,EXP-TRAINS
09222,Secunderabad-Porbandar Weekly Special,EXP-TRAINS
09405,Ahmedabad Yesvantpur (Weekly) Special,EXP-TRAINS
09406,Yeshwantpur-Ahmedabad Special,EXP-TRAINS
09562,Okha - Bandra Terminus Weekly Special,EXP-TRAINS
09621,Ajmer Jaipur SF Special,SF-TRAINS
09622,Jaipur Ajmer SF Special,SF-TRAINS
09715,Jaipur Solapur (Weekly) Special,EXP-TRAINS
09716,Solapur - Jaipur Special,EXP-TRAINS
09721,Jaipur Delhi Sarai Rohilla SF Special,SF-TRAINS
09724,Jaipur - Sabarmati SF Holiday Spl,SF-TRAINS
09727,Indore-Jaipur Special,EXP-TRAINS
09728,Jaipur-Indore Special,EXP-TRAINS
09735,Secunderabad-Jaipur Special,EXP-TRAINS
09736,Jaipur - Secunderabad (Weekly) Special,EXP-TRAINS
09741,Rewari - Delhi Sarai Rohilla (Daily) Special,EXP-TRAINS
09742,Delhi Sarai Rohilla - Rewari (Daily) Special,EXP-TRAINS
09761,Surathgarh Anupgarh Passenger,PASS-TRAINS
09762,Suratgarh - Anupgarh Passenger Special,PASS-TRAINS
09763,Surathgarh Anupgarh Passenger,PASS-TRAINS
09764,Suratgarh - Anupgarh Passenger Special,PASS-TRAINS
09765,Phulera Rewari Passenger Special,PASS-TRAINS
09766,Rewari-Phulera Passenger Special,PASS-TRAINS
10001,Satpura Express,EXP-TRAINS
10002,Satpura Express,EXP-TRAINS
10103,MUMBAI CST - MADGAON Mandovi Exp,EXP-TRAINS
10104,MADGAON - MUMBAI CST Mandovi Exp,EXP-TRAINS
10111,MUMBAI CST - MADGAON Konkan Knaya Exp,EXP-TRAINS
10112,MADGAON - MUMBAI CST Konkan Knaya Exp,EXP-TRAINS
10215,Madgaon Ernakulam Weekly Super Fast Express,EXP-TRAINS
10216,Ernakulam Madgaon Weekly SF Express,SF-TRAINS
11003,DADAR - SAWANTWADI RD Rajya Rani Exp,EXP-TRAINS
11004,SAWANTWADI RD - DADAR Rajya Rani Exp,EXP-TRAINS
11007,Deccan Express,EXP-TRAINS
11009,Sinhagad Express,EXP-TRAINS
11010,Sinhagad Express,EXP-TRAINS
11011,Mahalaxmi Express,EXP-TRAINS
11012,Mahalaxmi Express,EXP-TRAINS
11014,Coimbatore Mumbai LTT Express,EXP-TRAINS
11016,Kushinagar Express,EXP-TRAINS
11018,Chalukya Express,EXP-TRAINS
15212,AMRITSAR - DARBHANGA Jan Nayak Exp,EXP-TRAINS
40013,Chennai Beach Tambaram EMU(12 Car),PASS-TRAINS
56304,Nagercoil Kottayam Passenger,PASS-TRAINS
56386,Kottayam Ernakulam Passenger,PASS-TRAINS
56390,Kottayam Ernakulam Passenger,PASS-TRAINS
02082,Loharu - Jaipur Passenger Spl (MG),PASS-TRAINS
02083,Jaipur-Loharu MG Passenger Special,PASS-TRAINS
02084,Loharu - Jaipur Passenger Spl (MG),PASS-TRAINS
02085,Jaipur - Churu Passenger Spl (MG),PASS-TRAINS
02086,Churu - Jaipur Passenger Spl (MG),PASS-TRAINS
02087,Jaipur - Churu Passenger Spl (MG),PASS-TRAINS
02088,Churu - Jaipur Passenger Spl (MG),PASS-TRAINS
02089,Sikar - Churu Passenger Spl (MG),PASS-TRAINS
02090,Sikar - Churu Passenger Spl (MG),PASS-TRAINS
02093,Jaipur Loharu Passenger,PASS-TRAINS
02411,Ratangarh-Sardarshahar Passenger,PASS-TRAINS
02412,Sardarshahr-Ratangarh Passenger Special,PASS-TRAINS
02413,Sadulpur-Shri Ganganagar Passenger Special,PASS-TRAINS
02423,Dibrugarh Guwahati Rajdhani Express,RAJ-TRAINS
02424,Guwahati Dibrugarh Rajdhani Express,RAJ-TRAINS
02435,Dibrugarh Guwahati Rajdhani Express,RAJ-TRAINS
02436,Guwahati Dibrugarh Rajdhani Express,RAJ-TRAINS
02451,Kalka Shimla Holiday Special,EXP-TRAINS
02452,Shimla Kalka Holiday Special,EXP-TRAINS
02453,Kalka Shimla Holiday Special,EXP-TRAINS
02454,Shimla Kalka Holiday Special,EXP-TRAINS
02779,Vasco da Gama Bangalore Link Express,SF-TRAINS
03283,Rajendra Nagar-Tatanagar Special,EXP-TRAINS
03284,Tatanagar-Rajendra Nagar Special,EXP-TRAINS
03686,Delhi Gaya S,SF-TRAINS
04011,Sainagar Shirdi - H. Nizamuddin (Weekly) Special,EXP-TRAINS
04031,Delhi-Panipat Special,EXP-TRAINS
04032,Panipat Delhi Special,EXP-TRAINS
04053,Anand Vihar T.-Jammu Tawi Special,EXP-TRAINS
04054,Jammu Tawi-Anand Vihar Special,EXP-TRAINS
04115,Allahabad - Mumbai LTT (Weekly) Special,EXP-TRAINS
02081,Jaipur Luharu Special,EXP-TRAINS
04116,Mumbai LTT-Allahabad Special,EXP-TRAINS
04201,Lucknow -New Delhi Special,EXP-TRAINS
04202,New Delhi-Lucknow tri-weekly Special,EXP-TRAINS
04203,Varanasi-Old Delhi Special,EXP-TRAINS
11067-Slip,Saket Express Slip,EXP-TRAINS
11108,Varanasi-Gwalior Bundelkhand Express,EXP-TRAINS
11109,Jhansi-Lucknow Intercity Express,EXP-TRAINS
11110,Lucknow-Jhansi InterCity,EXP-TRAINS
11123,Barauni-Gwalior Mail,EXP-TRAINS
11124,Gwalior Barauni Mail,EXP-TRAINS
11125,Indore Gwalior Express,EXP-TRAINS
11126,Gwalior Indore Express,EXP-TRAINS
11454,Prerna Express,EXP-TRAINS
52071,BARI SADRI - MAVLI PASSENGER,PASS-TRAINS
11063-Slip,Chennai Salem Express Slip,EXP-TRAINS
11065,MUMBAI LTT - DARBHANGA Pawan Exp,EXP-TRAINS
11066,DARBHANGA - MUMBAI LTT Pawan Exp,EXP-TRAINS
11067,MUMBAI LTT - FAIZABAD Saket Exp,EXP-TRAINS
11068,FAIZABAD - MUMBAI LTT Saket Exp,EXP-TRAINS
11069,Tulsi Express,EXP-TRAINS
11070,Tulsi Express,EXP-TRAINS
11071,Kamayani Express,EXP-TRAINS
11072,Kamayani Express,EXP-TRAINS
11077,Jhelum Express,EXP-TRAINS
11078,Jhelum Express,EXP-TRAINS
11087,Veraval Pune Express,EXP-TRAINS
11088,Pune Veraval Express,EXP-TRAINS
11089,BHAGAT KI KOTHI - PUNE Exp,EXP-TRAINS
11090,PUNE - BHAGAT KI KOTHI Exp,EXP-TRAINS
11091,BHUJ - PUNE Ahimsa Exp,EXP-TRAINS
11092,PUNE - BHUJ Ahimsa Exp,EXP-TRAINS
11093,MUMBAI CST - VARANASI Mahanagari Exp,EXP-TRAINS
11094,VARANASI - MUMBAI CST Mahanagari Exp,EXP-TRAINS
11095,Ahimsa Express,EXP-TRAINS
11096,Ahimsa Express,EXP-TRAINS
11105,Pratham Swatantrata Sangram Express,EXP-TRAINS
11106,Pratham Swatantrata Sangram Express,EXP-TRAINS
11266,AMBIKAPUR - JABALPUR Exp,EXP-TRAINS
11401,Nandigram Express,EXP-TRAINS
11402,Nandigram Express,EXP-TRAINS
11403,NAGPUR - KOLHAPUR EXP,EXP-TRAINS
11404,KOLHAPUR - NAGPUR EXP,EXP-TRAINS
11423,Solapur - Hubli Express,EXP-TRAINS
11424,Hubli Jn - Solapur Express,EXP-TRAINS
11447,JABALPUR - KOL HOWRAH Shaktipunj Exp,EXP-TRAINS
11448,HOWRAH - JABALPUR Shaktipunj Exp,EXP-TRAINS
11449,JABALPUR - SHRI MATA VAISHNO DEVI KATRA Express,EXP-TRAINS
11450,SHRI MATA VAISHNO DEVI KATRA - JABALPUR Express,EXP-TRAINS
11451,JABALPUR - REWA Intercity Exp,EXP-TRAINS
11452,REWA - JABALPUR Intercity Exp,EXP-TRAINS
11453,Prerna Express,EXP-TRAINS
11463,Somnath-Jabalpur Express,EXP-TRAINS
11464,Jabalpur-Somnath Express,EXP-TRAINS
11471,Indore-Jabalpur Overnight Express,EXP-TRAINS
11472,Jabalpur-Indore Express,EXP-TRAINS
12003,Lucknow-NewDelhi Swarn Shatabdi Express,SHT-TRAINS
12020,Ranchi-Howrah Shatabdi Express,SHT-TRAINS
12021,Barbil Janshatabdi,SHT-TRAINS
12022,Barbil Howrah Janshatabdi,SHT-TRAINS
12189,JABALPUR - DELHI H NIZAMUDDIN Mahakoshal SF Exp,SF-TRAINS
53030,Bhagalpur Azimganj Passenger,PASS-TRAINS
56385,Ernakulam Kottayam Passenger,PASS-TRAINS
11465,SOMNATH - JABALPUR Exp (via Bina),EXP-TRAINS
11466,JABALPUR - SOMNATH Exp (via Bina),EXP-TRAINS
11702,INDORE - JABALPUR Intercity Exp,EXP-TRAINS
12002,New Delhi-Bhopal Shatabdi Express,SHT-TRAINS
12004,NewDelh-Lucknowi Swarn Shatabdi Express,SHT-TRAINS
12005,New Delhi-Kalka Shatabdi,SHT-TRAINS
12006,Kalka-New Delhi Shatabdi,SHT-TRAINS
12008,MYSORE - CHENNAI CENT Shatabdi Express,SHT-TRAINS
12009,Mumbai-Ahmedabad Shatabdi Express,SHT-TRAINS
12010,Ahmedabad-Mumbai Central Shatabdi,SHT-TRAINS
12011,Kalka Shatabdi Express,SHT-TRAINS
12012,Kalka-New Delhi Shatabdi,SHT-TRAINS
12013,New Delhi-Amritsar Shatabdi Express,SHT-TRAINS
12014,Amritsar-NewDelhi Shatabdi,SHT-TRAINS
12015,New Delhi-Ajmer Shatabdi,SHT-TRAINS
12016,Ajmer-New Delhi Shatabdi,SHT-TRAINS
12017,New Delhi-Dehradun Shatabdi,SHT-TRAINS
12018,Dehradun-New Delhi Shatabdi,SHT-TRAINS
12023,Howrah-Patna Jan Shatabdi,SHT-TRAINS
12024,Patna-Howrah Jan Shatabdi,SHT-TRAINS
12025,Pune-Secunderabad Shatabdi Express,SHT-TRAINS
12026,Secunderabad-Pune Shatabdi,SHT-TRAINS
12028,BANGALORE CITY - CHENNAI CENT Shatabdi Exp,SHT-TRAINS
12029,New Delhi-Amritsar Swarna Shatabdi Express,SHT-TRAINS
12031,Amritsar Shatabdi Express,SHT-TRAINS
12032,Amritsar Shatabdi Express,SHT-TRAINS
12033,Kanpur Shatabdi,SHT-TRAINS
12034,New Delhi-Kanpur Shatabdi Express,SHT-TRAINS
12037,New Delhi-Ludhiana Shatabdi Express,SHT-TRAINS
12038,Ludhiana-New Delhi Shatabdi Express,SHT-TRAINS
12051,DADAR - MADGAON Jan Shatabdi Exp,SHT-TRAINS
12052,MADGAON - DADAR Jan Shatabdi Exp,SHT-TRAINS
12053,Haridwar Amritsar Jan Shatabdi Express,SHT-TRAINS
12054,Amritsar Haridwar Jan Shatabdi,SHT-TRAINS
12055,Dehradun Jan Shatabdi Express,SHT-TRAINS
12059,Kota-Hazrat Nizamuddin Jan Shatabdi,SHT-TRAINS
12060,Hazarat Nizamuddin-Kota Jan Shatabdi,SHT-TRAINS
12063,Haridwar Chandigarh Una Link Jan Shatabdi Express,SHT-TRAINS
12064,Una Chandigarh Haridwar Link Jan Shatabdi,SHT-TRAINS
12067,Guwahati Jorhat Jan Shatabdi,SHT-TRAINS
12083,Mayiladuturai-Coimbatore Jan Shatabdi,SHT-TRAINS
12107,Mumbai LTT Lucknow Superfast Express,SF-TRAINS
12108,Lucknow Mumbai LTT Superfast Express,SF-TRAINS
12110,Panchavati Express,SF-TRAINS
12118,Manmad-Mumbai LTT Express,SF-TRAINS
56389,Ernakulam Kottayam Passenger,PASS-TRAINS
12056,Dehradun Jan Shatabdi Express,SHT-TRAINS
12057,New Delhi-Una Janshatabdi,SHT-TRAINS
12058,Una-New Delhi Janshatabdi,SHT-TRAINS
12061,HabibGanj Bhopal-Jabalpur Jan Shatabdi,SHT-TRAINS
12062,Jabalpur-HabibGanj Bhopal Jan Shatabdi,SHT-TRAINS
12068,Jorhat Guwahati Jan Shatabdi,SHT-TRAINS
12069,Raigarh-Gondia Jan Shatabdi,SHT-TRAINS
12070,Gondia-Raigarh Jan Shatabdi,SHT-TRAINS
12072,Aurangabad Mumbai Jan Shatabdi,SHT-TRAINS
12074,Bhubaneswar-Howrah Jan Shatabdi Express,SHT-TRAINS
12075,Kozhikode-Trivandrum Jan Shatabdi Express,SHT-TRAINS
12076,Trivandrum-Kozhikode Jan Shatabdi Express,SHT-TRAINS
12078,Vijayawada Chennai Jan Shatabdi,SHT-TRAINS
12079,Bangalore City-Hubli Jan Shatabdi,SHT-TRAINS
12080,Hubli Bangalore Janshatabdi,SHT-TRAINS
12081,Kozhikode - Trivandrum Jan Shatabdi,SHT-TRAINS
12082,Trivandrum-Kozhikode Jan Shatabdi,SHT-TRAINS
12101,MUMBAI LTT - HOWRAH Janeswari Super Deluxe Exp,SF-TRAINS
12102,HOWRAH - MUMBAI LTT Janeswari Super Deluxe Exp,SF-TRAINS
12103,Pune Lucknow Jn SuperFast Express,SF-TRAINS
12104,Lucknow Jn - Pune Express,SF-TRAINS
12105,Vidarbha Express,SF-TRAINS
12106,Vidarbha Express,SF-TRAINS
12109,Panchavati Express,SF-TRAINS
12111,Mumbai CST-Amaravati SF Express,SF-TRAINS
12112,Amaravati-Mumbai CST Express,SF-TRAINS
12113,Pune-Nagpur Garib Rath Express,GRB-TRAINS
12114,Nagpur-Pune Garib Rath,GRB-TRAINS
12115,Siddheshwar Express,SF-TRAINS
12116,Siddheshwar Express,SF-TRAINS
12117,Mumbai LTT- Manmad Express,SF-TRAINS
12119,Amaravati Nagpur Express,SF-TRAINS
12120,Nagpur Amravati Express,SF-TRAINS
12122,DELHI H NIZAMUDDIN - JABALPUR S Kranti Exp,EXP-TRAINS
12135,Pune -Nagpur SuperFast Express,SF-TRAINS
12136,Nagpur Pune Express,SF-TRAINS
12137,Punjab Mail,SF-TRAINS
12138,Punjab Mail,SF-TRAINS
12139,Sevagram Express,SF-TRAINS
12139-Slip,Sewagram Express Slip,SF-TRAINS
12140,Sevagram Express,SF-TRAINS
12143,LTT Sultanpur Superfast Weekly Express,SF-TRAINS
12144,Sultanpur-LTT Weekly SF Express,SF-TRAINS
12148,Nizamuddin-Kolhapur Express,SF-TRAINS
12161,Lashkar Superfast Express,SF-TRAINS
12162,Lashkar Express,SF-TRAINS
51817,Agra Fort Bandikui Pass,PASS-TRAINS
12123,Deccan Queen SF Express,SF-TRAINS
12124,Deccan Queen SF Express,SF-TRAINS
12125,Pragati Superfast Express,SF-TRAINS
12126,Pragati Superfast Express,SF-TRAINS
12127,MumbaiCST-Pune SF InterCity,SF-TRAINS
12128,Pune-MumbaiCST Intercity Express,SF-TRAINS
12129,PUNE - HOWRAH Azad Hind SF Exp,SF-TRAINS
12130,HOWRAH - PUNE Azad Hind SF Exp,SF-TRAINS
12131,Mumbai Dadar-Sainagar Shirdi Express,SF-TRAINS
12132,Sainagar Shirdi-Mumbai Dadar Express,SF-TRAINS
12133,MUMBAI CST - MANGALORE Exp,SF-TRAINS
12134,MANGALORE - MUMBAI CST Exp,SF-TRAINS
12141,MUMBAI LTT - PATLIPUTRA SF Exp,SF-TRAINS
12145,MUMBAI LTT - PURI SF Exp,SF-TRAINS
12147,Kolhapur-Nizamuddin Express,SF-TRAINS
12149,PUNE - PATLIPUTRA SF Exp,SF-TRAINS
12150,PATLIPUTRA - PUNE SF Exp,SF-TRAINS
12151,MUMBAI LTT - HOWRAH Samarsata SF Exp,SF-TRAINS
12152,HOWRAH - MUMBAI LTT Samarsata SF Exp,SF-TRAINS
12153,Lokmanya Tilak (T) Habibganj Express,SF-TRAINS
12154,Habibganj LTT Superfast Express,SF-TRAINS
12155,Shaan-e-Bhopal Express,SF-TRAINS
12156,Shaan E Bhopal SF Express,SF-TRAINS
12157,Hutatma Express,SF-TRAINS
12158,Hutatma Express,SF-TRAINS
12159,Amravati -Jabalpur Express,SF-TRAINS
12160,Jabalpur - Amravati Express,SF-TRAINS
12166,VARANASI - MUMBAI LTT Ratnagiri SF Exp,SF-TRAINS
12167,MUMBAI LTT - VARANASI SF Exp,SF-TRAINS
12168,VARANASI - MUMBAI LTT SF Exp,SF-TRAINS
12169,Pune Solapur InterCity Express,SF-TRAINS
12170,Solapur Pune Intercity Express,SF-TRAINS
12171,Mumbai LTT -Haridwar AC Express,SF-TRAINS
12172,Haridwar-Mumbai LTT AC Express,SF-TRAINS
12173,Udyog Nagri Express,SF-TRAINS
12174,Udyog Nagri Express,SF-TRAINS
12177,Chambal Express,SF-TRAINS
12178,Chambal Express,SF-TRAINS
12183,Bhopal Partapgarh Express,SF-TRAINS
12184,Pratapgarh-Bhopal Express,SF-TRAINS
12185,BHOPAL HABIBGANJ - REWA Rewanchal Exp,SF-TRAINS
12186,REWA - BHOPAL HABIBGANJ Rewanchal Exp,SF-TRAINS
12187,Jabalpur-CST Garib Rath Express,GRB-TRAINS
12188,Mumbai-Jabalpur Garib Rath Express,GRB-TRAINS
12194,Partapgarh Bhopal SuperFast Express,SF-TRAINS
12195,Agra Fort - Ajmer Express,SF-TRAINS
12196,Ajmer-Agra Fort Express,SF-TRAINS
53444,Bhagalpur Mandar Hill Passenger,PASS-TRAINS
12176,Chambal Express,SF-TRAINS
12179,Lucknow Agra Intercity SF Express,SF-TRAINS
12180,Agra Lucknow Intercity SF Express,SF-TRAINS
12190,DELHI H NIZAMUDDIN - JABALPUR Mahakoshal SF Exp,SF-TRAINS
12191,Shridham Express,SF-TRAINS
12192,Jabalpur-New Delhi Superfast Express,SF-TRAINS
12197,Bhopal Gwalior InterCity Express,SF-TRAINS
12198,Gwalior Bhopal InterCity Express,SF-TRAINS
12201,MUMBAI LTT - KOCHUVELI Garib Rath Exp,GRB-TRAINS
12202,KOCHUVELI - MUMBAI LTT Garib Rath Exp,GRB-TRAINS
12203,Saharsa Amritsar Garib Rath,GRB-TRAINS
12204,Amritsar Saharsa Garib Rath,GRB-TRAINS
12205,New Delhi-Dehradun AC Express,SF-TRAINS
12206,Dehradun-NewDelhi AC Express,SF-TRAINS
12207,Kathgodam-Jammu Garib Rath Express,GRB-TRAINS
12208,Jammu-Kathgodam Garib Rath Express,GRB-TRAINS
12209,Kanpur-Kathgodam Garib Rath,GRB-TRAINS
12210,Kathgodam-Kanpur Garib Rath,GRB-TRAINS
12211,Muzaffarpur-Anand Vihar(T) Garib Rath Exp.,GRB-TRAINS
12212,Anand Vihar T.- Muzaffarpur Garib Rath,GRB-TRAINS
12213,Yeswantpur-Delhi Sarai Rohilla AC Duronto Express,PRM-TRAINS
12214,Delhi Sarai Rohilla-Yesvantpur AC Duronto Express,PRM-TRAINS
12215,Delhi Sarai Rohilla-Mumbai BandraT Garib Rath,GRB-TRAINS
12216,Mumbai Bandra T. - Delhi Sarai Rohilla Garib Rath,GRB-TRAINS
12217,KOCHUVELI - CHANDIGARH Kerala Sampark Kranti Exp,EXP-TRAINS
12218,CHANDIGARH - KOCHUVELI Kerala Sampark Kranti Exp,EXP-TRAINS
12219,Lokmanya Tilak (T)-Secunderabad AC Duronto Express,PRM-TRAINS
12220,Secunderabad-Mumbai LTT AC Duronto Express,PRM-TRAINS
12222,HOWRAH - PUNE AC Duronto Exp,PRM-TRAINS
12223,MUM LTT - ERNAKULAM AC Duronto,PRM-TRAINS
12224,ERNAKULAM - MUM LTT AC Duronto,PRM-TRAINS
12225,Kaifiat Express,SF-TRAINS
12226,Kaifiat Express,SF-TRAINS
12228,Indore- Mumbai Central Duronto Express,PRM-TRAINS
12229,Lucknow Mail,SF-TRAINS
12230,Lucknow Mail,SF-TRAINS
12231,Lucknow-Chandigarh Express,SF-TRAINS
12232,Chandigarh - Lucknow Sadhbhavna SF Express,SF-TRAINS
12233,Lucknow New Delhi AC Express,SF-TRAINS
12239,Mumbai Central Jaipur AC Duronto Express,PRM-TRAINS
12260,New Delhi-Sealdah AC Duronto Express,PRM-TRAINS
12271,Lucknow-New Delhi AC Duronto Express,PRM-TRAINS
12273,Howrah-New Delhi Duronto Express,PRM-TRAINS
12274,New Delhi-Howrah Duronto Express,PRM-TRAINS
40029,Chennai Beach TambaramEMU (12 car),PASS-TRAINS
56394,Kollam Kottayam Passenger,PASS-TRAINS
12234,NewDelhi-Lucknow AC Express,SF-TRAINS
12235,DIBRUGARH - NEW DELHI Rajdhani Exp,RAJ-TRAINS
12236,NEW DELHI - DIBRUGARH Rajdhani Exp,RAJ-TRAINS
12237,Varanasi-Jammu Tawi SF Express,SF-TRAINS
12238,Jammu-Varanasi SF Express,SF-TRAINS
12241,Chandigarh-Amritsar Duronto Express,PRM-TRAINS
12242,Amritsar-Chandigarh Duronto Express,PRM-TRAINS
12243,Chennai Central-Coimbatore AC Duronto Express,PRM-TRAINS
12244,Coimbatore-Chennai Central AC Duronto Express,PRM-TRAINS
12245,HOWRAH - YESVANTPUR AC Duronto Exp,PRM-TRAINS
12251,Wainganga express,SF-TRAINS
12252,Wainganga express,SF-TRAINS
12253,YESVANTPUR - BHAGALPUR Anga SF Exp,SF-TRAINS
12254,BHAGALPUR - YESVANTPUR Anga SF Exp,SF-TRAINS
12261,MUMBAI CST - HOWRAH AC Duronto Exp,PRM-TRAINS
12262,HOWRAH - MUMBAI CST AC Duronto Exp,PRM-TRAINS
12264,Hazrat Nizamuddin-Pune AC Duronto Express,PRM-TRAINS
12265,Delhi Sarai Rohilla Jammu Tawi Duronto Express,PRM-TRAINS
12266,Jammu Tawi-Delhi Sarai Rohilla Duronto Express,PRM-TRAINS
12267,Mumbai Central-Ahmedabad AC Duronto Express,PRM-TRAINS
12268,Ahmedabad-Mumbai Central AC Duronto Express,PRM-TRAINS
12269,Chennai-Hazrat Nizamuddin Duronto Express,PRM-TRAINS
12270,Hazrat Nizamuddin-Chennai Duronto,PRM-TRAINS
12272,New Delhi-Lucknow AC Duronto Express,PRM-TRAINS
12275,Allahabad-New Delhi Duronto Express,PRM-TRAINS
12276,New Delhi-Allahabad Duronto Express,PRM-TRAINS
12277,Howrah Puri Duronto Express,PRM-TRAINS
12301,Howrah-New Delhi Rajdhani Express,RAJ-TRAINS
12303,Poorva Express,SF-TRAINS
12307,Howrah-Jodhpur SF Express,SF-TRAINS
12307-Slip,Howrah-Bikaner Express,SF-TRAINS
12311,Kalka Mail,SF-TRAINS
12313,KOL SEALDAH - NEW DELHI Rajdhani Exp,RAJ-TRAINS
12314,NEW DELHI - KOL SEALDAH Rajdhani Exp,RAJ-TRAINS
12316,Ananya Express,SF-TRAINS
12318,AKAL TAKHT Express,SF-TRAINS
12320,AGRA CANTT - KOLKATA CHITPUR SF Exp,SF-TRAINS
12325,KOLKATA CHITPUR - NANGAL DAM Gurumukhi Exp,SF-TRAINS
12326,NANGAL DAM - KOLKATA CHITPUR Gurumukhi Exp,SF-TRAINS
12327,Upasana Express,SF-TRAINS
12329,West Bengal Sampark Kranti,EXP-TRAINS
12330,West Bengal Sampark Kranti Express,EXP-TRAINS
12331,Himgiri Express,SF-TRAINS
15941,JHAJHA - DIBRUGARH Exp,EXP-TRAINS
40031,Chennai Beach TambaramEMU (12 car),PASS-TRAINS
55334,Mathura-KasGanj Passenger,PASS-TRAINS
63566,Jhajha Jasidih Passenger,PASS-TRAINS
12278,Puri-Howrah AC Duronto Express,PRM-TRAINS
12279,Jhansi-H.Nizamuddin Taj Express,SF-TRAINS
12280,H.Nizamuddin-Jhansi Taj Express,SF-TRAINS
12281,Bhubaneswar-New Delhi Duronto,PRM-TRAINS
12282,New Delhi-Bhubaneswar Duronto Express,PRM-TRAINS
12284,DELHI H NIZAMUDDIN - ERNAKULAM Duronto Exp,PRM-TRAINS
12287,Kochuveli-Dehradun Weekly Express,SF-TRAINS
12289,Mumbai CSTM-Nagpur Duronto Express,PRM-TRAINS
12290,Nagpur-Mumbai CST Duronto Express,PRM-TRAINS
12291,YESVANTPUR - CHENNAI SF Exp,SF-TRAINS
12292,CHENNAI - YESVANTPUR SF Exp,SF-TRAINS
12295,BANGALORE - PATLIPUTRA Sanghamitra SF Exp,SF-TRAINS
12296,PATLIPUTRA - BANGALORE Sanghamitra SF Exp,SF-TRAINS
12302,New Delhi-Howrah Rajdhani Express,RAJ-TRAINS
12304,Poorva Express,SF-TRAINS
12305,Howrah-New Delhi Rajdhani Express,RAJ-TRAINS
12306,New Delhi-Howrah Rajdhani Express,RAJ-TRAINS
12308,Jodhpur-Howrah SF Express,SF-TRAINS
12309,Rajendra Nagar-New Delhi Rajdhani Express,RAJ-TRAINS
12310,New Delhi Rajendra Nagar Rajdhani Express,RAJ-TRAINS
12312,Kalka Mail,SF-TRAINS
12321,HOWRAH - MUMBAI CST Mail (via Allahabad),SF-TRAINS
12322,MUMBAI CST - HOWRAH Mail (via Allahabad),SF-TRAINS
12323,Howrah-NewDelhi SF Express,SF-TRAINS
12324,New Delhi-Howrah SF Express,SF-TRAINS
12328,Upasana Express,SF-TRAINS
12332,Himgiri Express,SF-TRAINS
12333,Vibhuti Express,SF-TRAINS
12339,Coalfield Express,SF-TRAINS
12340,Coalfield Express,SF-TRAINS
12343-Slip,Darjeeling Mail Slip,EXP-TRAINS
12344,Darjeeling Mail,SF-TRAINS
12355,Archana Express,SF-TRAINS
12359,KOLKATA CHITPUR - PATNA Garib Rath Exp,GRB-TRAINS
12363,KOLKATA CHITPUR - HALDIBARI SF Intercity Exp,SF-TRAINS
12367,Vikramshila Express,SF-TRAINS
12377,Padatik Express,SF-TRAINS
12378,Padatik Express,SF-TRAINS
12379,Sealdah - Amritsar Superfast Express,SF-TRAINS
12383,Howrah-Dhanbad AC DD Express,SF-TRAINS
12384,Dhanbad-Howrah AC DD Express,SF-TRAINS
12757,Tirupati-Coimbatore Intercity Express,SF-TRAINS
12758,Coimbatore-Tirupati (Triweekly) SF Intercity Expre,SF-TRAINS
17488,Tirumala Express,EXP-TRAINS
19065,MUMBAI BANDRA - BHAGAT KI KOTHI Exp,EXP-TRAINS
54552,Bhatinda Ambala Passenger,PASS-TRAINS
56041,Tirupati-Pondicherry Passenger,PASS-TRAINS
57200,Rajahmundry Vijayawada Passenger,PASS-TRAINS
12246,YESVANTPUR - HOWRAH AC Duronto Exp,PRM-TRAINS
12334,Vibhuti Express,SF-TRAINS
12337,Shantiniketan Express,SF-TRAINS
12338,Shantiniketan Express,SF-TRAINS
12341,Agniveena Express,SF-TRAINS
12342,Agniveena Express,SF-TRAINS
12345,HOWRAH - GUWAHATI Saraighat SF Exp,SF-TRAINS
12347,Howrah-Rampur Hat SF Express,SF-TRAINS
12348,Rampur Hat-Howrah SF Express,SF-TRAINS
12351,Howrah- Danapur Express,SF-TRAINS
12352,Danapur- Howrah Express,SF-TRAINS
12356,Archana Express,SF-TRAINS
12357,KOLKATA CHITPUR - AMRITSAR Durgiana SF Exp,SF-TRAINS
12358,AMRITSAR - KOLKATA CHITPUR Durgiana SF Exp,SF-TRAINS
12360,KOLKATA CHITPUR - PATNA Garib Rath Exp,GRB-TRAINS
12361,ASANSOL - MUMBAI CST SF Exp,SF-TRAINS
12362,MUMBAI CST - ASANSOL SF Exp,SF-TRAINS
12364,HALDIBARI - KOLKATA CHITPUR SF Intercity Exp,SF-TRAINS
12365,Patna-Ranchi Jan Shatabdi Express,SHT-TRAINS
12366,Ranchi Patna Jan Shatabdi Express,SHT-TRAINS
12369,Kumbh Express,SF-TRAINS
12370,Kumbh Express,SF-TRAINS
12381,Poorva Express,SF-TRAINS
12382,Poorva Express,SF-TRAINS
12389,GAYA - CHENNAI EGMORE SF Exp,SF-TRAINS
12390,CHENNAI EGMORE - GAYA SF Exp,SF-TRAINS
12391,Shramjeevi Express,SF-TRAINS
12392,Shramjeevi Express,SF-TRAINS
12396,Ajmer-RajendraNagar Ziyarat Express,SF-TRAINS
12404,Mathura Allahabad SF Express,SF-TRAINS
12408,AMRITSAR - NEW JALPAIGURI Karmabhoomi Exp,SF-TRAINS
12410,Gondwana Express,SF-TRAINS
12411,CHANDIGARH - AMRITSAR Intercity SF Exp,SF-TRAINS
12412,AMRITSAR - CHANDIGARH Intercity SF Exp,SF-TRAINS
12413,Pooja express,SF-TRAINS
12414,Pooja Express,SF-TRAINS
12419,Gomti Express,SF-TRAINS
12420,Gomti Express,SF-TRAINS
12423,DIBRUGARH TOWN - NEW DELHI Rajdhani Exp,RAJ-TRAINS
12427,REWA - DELHI ANAND VIHAR SF Exp,SF-TRAINS
12428,DELHI ANAND VIHAR - REWA SF Exp,SF-TRAINS
12431,TRIVANDRUM - DELHI H NIZAMUDDIN Rajdhani Exp,RAJ-TRAINS
12432,DELHI H NIZAMUDDIN - TRIVANDRUM Rajdhani Exp,RAJ-TRAINS
12437,Secunderabad Rajdhani Express,RAJ-TRAINS
12438,Secunderabad Rajdhani Express,RAJ-TRAINS
12439,RANCHI - NEW DELHI Rajdhani Exp,RAJ-TRAINS
12440,NEW DELHI - RANCHI Rajdhani Exp,RAJ-TRAINS
40001,Chennai Beach Tambaram EMU(12 Car),PASS-TRAINS
12397,Mahabodhi Express,SF-TRAINS
12398,Mahabodhi Express,SF-TRAINS
12401,Magadh Express,SF-TRAINS
12402,Magadh Express,SF-TRAINS
12405,Gondwana Express,SF-TRAINS
12406,H.Nizamuddin-Bhusaval Gondwana Express,SF-TRAINS
12415,Indore-Nizamuddin Express,SF-TRAINS
12416,Nizamuddin-Indore Express,SF-TRAINS
12417,Prayagraj Express,SF-TRAINS
12418,Prayagraj Express,SF-TRAINS
12424,NEW DELHI - DIBRUGARH TOWN Rajdhani Exp,RAJ-TRAINS
12425,Jammu Rajdhani Express,RAJ-TRAINS
12426,Jammu Rajdhani Express,RAJ-TRAINS
12429,Bangalore - Hazrat Nizamuddin Rajdhani Express,RAJ-TRAINS
12430,Delhi H Nizamuddin-Bangalore Rajdhani Express,RAJ-TRAINS
12433,Chennai Central-Delhi H.Nizamuddin Rajdhani Expres,RAJ-TRAINS
12435,DIBRUGARH TOWN - NEW DELHI Rajdhani Exp,RAJ-TRAINS
12436,NEW DELHI - DIBRUGARH TOWN Rajdhani Exp,RAJ-TRAINS
12441,Bilaspur-New Delhi Rajdhani Express,RAJ-TRAINS
12442,Bilaspur Rajdhani Express,RAJ-TRAINS
12445,Uttar Sampark Kranti Express,EXP-TRAINS
12446,Uttar Sampark Kranti Express,EXP-TRAINS
12447,UP Sampark Kranti Express,EXP-TRAINS
12448,UP Sampark Kranti Express,EXP-TRAINS
12497,Shan-e-Punjab Express,SF-TRAINS
12455,DelhiSaraiRohilla-ShriGanganagar AC SF Express,SF-TRAINS
12456,ShriGanganagar-DelhiSaraiRohilla AC SF Express,SF-TRAINS
12457,Delhi SaraiRohilla-Bikaner Express,SF-TRAINS
12458,Bikaner-DelhiSaraiRohiilla Express,SF-TRAINS
12468,Jaipur Bikaner InterCity Express,SF-TRAINS
12472,Jammu Tawi - Mumbai Bandra (T.) SF Swaraj Express,SF-TRAINS
12475,Hapa - Jammu Tawi Sarvodaya SF Express,SF-TRAINS
12476,Jammu Tawi - Hapa Sarvodaya SF Express,SF-TRAINS
12477,Jamnagar - Jammu Tawi SF Sindhu Express,SF-TRAINS
12479,JODHPUR - MUMBAI BANDRA Suryanagari SF Exp,SF-TRAINS
12480,MUMBAI BANDRA - JODHPUR Suryanagari SF Exp,SF-TRAINS
12485,H S NANDED - SHRI GANGANAGAR Exp,SF-TRAINS
12486,SHRI GANGANAGAR - H S NANDED Exp,SF-TRAINS
12487,Seemanchal Express,SF-TRAINS
12489,Bikaner-Dadar Express,SF-TRAINS
12490,Dadar - Bikaner Express,SF-TRAINS
12491,BARAUNI - JAMMU TAWI Maur Dhwaj Express,SF-TRAINS
12492,JAMMU TAWI - BARAUNI Maur Dhwaj Express,SF-TRAINS
12496,KOLKATA CHITPUR - BIKANER Pratap Exp,SF-TRAINS
16359,ERNAKULAM - PATNA Exp,EXP-TRAINS
22607,ERNAKULAM - BANGALORE Weekly SF Exp,SF-TRAINS
53446,Bhagalpur Mandar Hill Passenger,PASS-TRAINS
12449,MADGAON - CHANDIGARH Goa Sampark Kranti Exp,EXP-TRAINS
12450,CHANDIGARH - MADGAON Goa Sampark Kranti Exp,EXP-TRAINS
12451,Shram Shakti Express,SF-TRAINS
12452,Shram Shakti Express,SF-TRAINS
12453,Ranchi-New Delhi Rajdhani Express,RAJ-TRAINS
12454,New Delhi-Ranchi Rajdhani Express,RAJ-TRAINS
12459,NewDelhi-Amritsar SF InterCity,SF-TRAINS
12460,Amritsar-New Delhi Intercity Express,SF-TRAINS
12461,Mandore Express,SF-TRAINS
12462,Mandore Express,SF-TRAINS
12464,Rajasthan Sampark Kranti Express,EXP-TRAINS
12465,Indore-Jodhpur Ranthambhore Express,SF-TRAINS
12466,Jodhpur-Indore Ranthambhore Intercity Express,SF-TRAINS
12469,Kanpur Jammu Express,SF-TRAINS
12470,Jammu Kanpur Express,SF-TRAINS
12473,Sarvodaya SF Express,SF-TRAINS
12474,Sarvodaya SF Express,SF-TRAINS
12478,Jammu Tawi - Jamnagar (Weekly) Sindhu SF Express,SF-TRAINS
12481,Delhi Sriganganagar InterCity,SF-TRAINS
12482,Sriganganagar Delhi InterCity Express,SF-TRAINS
12484,AMRITSAR - KOCHUVELI SF Exp,SF-TRAINS
12493,Bangalore-Hazrat Nizammudin Rajdhani Express,RAJ-TRAINS
12494,Hazrat Nizamuddin-Bangalore Rajdhani Express,RAJ-TRAINS
12501,GUWAHATI - NEW DELHI Poorvottar Sampark Kranti Exp,EXP-TRAINS
12502,NEW DELHI - GUWAHATI Poorvottar Sampark Kranti Exp,EXP-TRAINS
12507,TRIVANDRUM - GUWAHATI SF Exp,SF-TRAINS
12508,GUWAHATI - TRIVANDRUM SF Exp,SF-TRAINS
12511,Rapti Sagar Express,SF-TRAINS
12512,Rapti Sagar Expres,SF-TRAINS
12514,GUWAHATI - SECUNDERABAD Exp,SF-TRAINS
12519,MUMBAI LTT - KAMAKHYA AC Exp,SF-TRAINS
12520,KAMAKHYA - MUMBAI LTT AC Exp,SF-TRAINS
12522,Raptisagar Express,SF-TRAINS
12527,Mumbai CST-Latur Superfast Express.,SF-TRAINS
12528,Latur-Mumbai CST Superfast Express,SF-TRAINS
12535,Lucknow-Raipur Garib Rath Express,GRB-TRAINS
12536,Raipur-Lucknow Garib Rath,GRB-TRAINS
12537,Bapudham Express,SF-TRAINS
12538,Bapudham Express,SF-TRAINS
12539,YESVANTPUR - LUCKNOW SF Exp,SF-TRAINS
12540,LUCKNOW - YESVANTPUR SF Exp,SF-TRAINS
12541,Gorakhpur-Mumbai LTT SF Express,SF-TRAINS
12543,Yesvantpur-Tirupati Tri Weekly Intercity,SF-TRAINS
12544,Tirupati-Yesvantpur Tri Weekly SF Intercity,SF-TRAINS
12549,DURG - JAMMU TAWI SF Exp,SF-TRAINS
12550,JAMMU TAWI - DURG SF Exp,SF-TRAINS
12553,Vaishali SF Express,SF-TRAINS
40003,Chennai Beach Tambaram EMU(12 Car),PASS-TRAINS
12498,Shan-e-Punjab Express,SF-TRAINS
12505,GUWAHATI - DELHI ANAND VIHAR North East Exp,SF-TRAINS
12506,DELHI ANAND VIHAR - GUWAHATI North East Exp,SF-TRAINS
12509,BENGALURU - GUWAHATI (Kaziranga) SF Express,SF-TRAINS
12510,GUWAHATI - BENGALURU (Kaziranga) SF Express,SF-TRAINS
12515,RIVANDRUM - GUWAHATI Exp,SF-TRAINS
12516,GUWAHATI - TRIVANDRUM CENTRAL EXP,SF-TRAINS
12517,KOLKATA - GUWAHATI Garib Rath Exp,GRB-TRAINS
12518,GUWAHATI - KOLKATA Garib Rath Exp,GRB-TRAINS
12521,Raptisagar Express,SF-TRAINS
12523,New Jalpaiguri-New Delhi Superfast Express,SF-TRAINS
12524,New Delhi New Jalpaiguri SuperFast Express,SF-TRAINS
12525,Indrayani SF Express,SF-TRAINS
12526,Indrayani SF Express,SF-TRAINS
12529,Bhopal-Jabalpur Intercity Express,SF-TRAINS
12530,Jabalpur-Bhopal Intercity,SF-TRAINS
12531,Gorakhpur Lucknow InterCity Express,SF-TRAINS
12532,Lucknow Gorakhpur Inter City Express,SF-TRAINS
12533,Pushpak Express,SF-TRAINS
12534,Pushpak Express,SF-TRAINS
12545,RAXAUL - MUMBAI LTT Karmabhoomi Exp,SF-TRAINS
12547,Agra Fort Ahmedabad Tri Weekly Express,SF-TRAINS
12548,Ahmedabad-Agra Fort Express,SF-TRAINS
12554,Vaishali SF Express,SF-TRAINS
12557,Sapt Kranti SF Express,SF-TRAINS
12558,Sapt Kranti SF Express,SF-TRAINS
12569,Jaynagar-Delhi AnandViharT Garib Rath,GRB-TRAINS
12570,Anand Vihar Terminus-Jaynagar Garib Rath Express,GRB-TRAINS
12571,Howrah Prasanti Nilayam SF Express,SF-TRAINS
12572,Prashanti Nilayam Howrah SF Express,SF-TRAINS
12573,SainagarShirdi-Howrah Express,SF-TRAINS
12577,DARBHANGA - MYSORE BAGMATI SF Exp,SF-TRAINS
12578,MYSORE - DARBHANGA BAGMATI SF Exp,SF-TRAINS
12579,Digha- Puri SamudraKanya Express,SF-TRAINS
12581,Pune Bhubaneshwar Express,SF-TRAINS
12582,Bhubaneshwar-Pune Express,SF-TRAINS
12583,LUCKNOW - DELHI ANAND VIHAR T DOUBLE DECKER,SF-TRAINS
12584,DELHI ANAND VIHAR T - LUCKNOW DOUBLE DECKER,SF-TRAINS
12592,YESVANTPUR - GORAKHPUR SF Exp,SF-TRAINS
12593,Lucknow-Bhopal Garib Rath,GRB-TRAINS
12594,Bhopal-Lucknow Garib Rath Express,GRB-TRAINS
12605,Pallavan Superfast Express,SF-TRAINS
12606,Pallavan Superfast Express,SF-TRAINS
12607,CHENNAI CENTRAL - BANGALORE Lalbagh Exp,SF-TRAINS
12608,BANGALORE - CHENNAI CENTRAL Lalbagh Exp,SF-TRAINS
12609,CHENNAI CENT - BANGALORE SF Intercity Exp,SF-TRAINS
40009,Chennai Beach Tambaram EMU(12 Car),PASS-TRAINS
12556,Gorakhdham Express,SF-TRAINS
12559,Shiv Ganga Express,SF-TRAINS
12560,Shiv Ganga Express,SF-TRAINS
12562,Swatantrata Sainani Express,SF-TRAINS
12563,Mumbai LTT - Faizabad SF Express,SF-TRAINS
12564,Faizabad-Mumbai LTT SF Express,SF-TRAINS
12565,Bihar Sampark Kranti Express,EXP-TRAINS
12566,Bihar Sampark Kranti Express,EXP-TRAINS
12575,Kharagpur Purulia Express,SF-TRAINS
12576,Purulia Khargapur Intercity Express,SF-TRAINS
12587,Amarnath Express,SF-TRAINS
12588,Amarnath Express,SF-TRAINS
12589,Gorakhpur-Secunderabad Express,SF-TRAINS
12590,Secunderabad - Gorakhpur Express,SF-TRAINS
12601,Chennai Mangalore Mail,SF-TRAINS
12602,Chennai Mail,SF-TRAINS
12603,Chennai - Hyderabad Express,SF-TRAINS
12604,Hyderabad - Chennai Express,SF-TRAINS
12611,Chennai Central-H.Nizamuddin Garib Rath Express,GRB-TRAINS
12612,H Nizamuddin-Chennai Garib Rath Express,GRB-TRAINS
12613,Tippu Express,SF-TRAINS
12614,Tippu Express,SF-TRAINS
12616,GrandTrunk Express,SF-TRAINS
12620,MANGALORE CENT - MUMBAI LTT Matsyagandha Exp,SF-TRAINS
12622,Tamil Nadu Express,SF-TRAINS
12623,Chennai Tiruvananthapuram SF Mail,SF-TRAINS
12625,Kerala Express,SF-TRAINS
12626,Kerala Express,SF-TRAINS
12628,Karnataka Express,SF-TRAINS
12629,Karnataka Sampark Kranti Express,EXP-TRAINS
12630,Karnataka Sampark Kranti Express,EXP-TRAINS
12635,CHENNAI EGMORE - MADURAI Vaigai SF Exp,SF-TRAINS
12637,CHENNAI EGMORE - MADURAI Pandiyan SF Exp,SF-TRAINS
12638,MADURAI - CHENNAI EGMORE Pandiyan SF Exp,SF-TRAINS
12640,BANGALORE - CHENNAI CENT Brindavan Exp,SF-TRAINS
12643,Swarna Jayanthi Express,SF-TRAINS
12644,Swarna Jayanti Express,SF-TRAINS
12649,Karnataka Sampark Kranti Express,EXP-TRAINS
12650,Karnataka Sampark Kranti Express,EXP-TRAINS
12651,MADURAI - DELHI H NIZAMUDDIN Tamil Nadu S Kranti,EXP-TRAINS
12654,Mangalore Tiruchirappalli Weekly Superfast Express,SF-TRAINS
12657,CHENNAI - BANGALORE Mail,SF-TRAINS
12658,BANGALORE - CHENNAI Mail,SF-TRAINS
12662,SENGOTTAI - CHENNAI EGMORE Pothigai SF Exp,SF-TRAINS
12664,Tiruchirappalli-Howrah Express,SF-TRAINS
15605,Jorhat Town InterCity Express,EXP-TRAINS
40011,Chennai Beach Tambaram EMU(12 Car),PASS-TRAINS
12617,ERNAKULAM - NEW DELHI H NIZAMUDDIN Mangala Lakshadweep Exp,SF-TRAINS
12618,NEW DELHI H NIZAMUDDIN - ERNAKULAM Mangala Lakshadweep Exp,SF-TRAINS
12621,Tamil Nadu Express,SF-TRAINS
12627,Karnataka Express,SF-TRAINS
12631,CHENNAI EGMORE - TIRUNELVELI Nellai SF Exp,SF-TRAINS
12632,TIRUNELVELI - CHENNAI EGMORE Nellai SF Exp,SF-TRAINS
12634,KANNIYAKUMARI - CHENNAI EGMORE SF Exp,SF-TRAINS
12639,CHENNAI CENT - BANGALORE Brindavan Exp,SF-TRAINS
12642,D H NIZAMUDDIN - KANYAKUMARI Thirukkural Exp,SF-TRAINS
12645,Millennium Expres,SF-TRAINS
12646,Millennium Express,SF-TRAINS
12647,Kongu Express,SF-TRAINS
12648,Kongu Express,SF-TRAINS
12655,Navjeevan Express,SF-TRAINS
12656,Navajivan Express,SF-TRAINS
12659,Gurudev Express,SF-TRAINS
12660,Shalimar-Nagercoil Gurudev Express,SF-TRAINS
12667,CHENNAI EGMORE - NAGERCOIL SF Exp,SF-TRAINS
12668,NAGERCOIL - CHENNAI EGMORE SF Exp,SF-TRAINS
12673,Cheran Express,SF-TRAINS
12674,Cheran Express,SF-TRAINS
12675,Kovai Express,SF-TRAINS
12676,Kovai Express,SF-TRAINS
12677,Bangalore City - Ernakulam Intercity SF Express,SF-TRAINS
12678,Ernakulam-BangaloreCity Intercity Express,SF-TRAINS
12679,ChennaiCentral-Coimbatore InterCity,SF-TRAINS
12680,Coimbatore-Chennai Central InterCity SF Express,SF-TRAINS
12681,Chennai-Coimbatore Express,SF-TRAINS
12682,Coimbatore-Chennai Express,SF-TRAINS
12683,ERNAKULAM - BANGALORE SF Exp,SF-TRAINS
12695,Chennai-Trivandrum SuperFast Express,SF-TRAINS
12696,Trivandrum-Chennai Superfast Express,SF-TRAINS
12697,Chennai-Thiruvananthapuram Express,SF-TRAINS
12698,Thiruvananthapuram Central Chennai Central weekly express,SF-TRAINS
12701,Hussain Sagar Express,SF-TRAINS
12702,Hussain Sagar Express,SF-TRAINS
12703,Howrah - Secunderabad Falaknuma SF Express,SF-TRAINS
12704,Falaknuma Express,SF-TRAINS
12707,Andhra Pradesh Sampark Kranti Express,EXP-TRAINS
12708,Andhra Pradesh Sampark Kranti Express,EXP-TRAINS
12710,Simhapuri SF Express,SF-TRAINS
12711,Pinakini Express,SF-TRAINS
12712,Pinakini Express,SF-TRAINS
12714,Satavahana Express,SF-TRAINS
12715,Sachkhand SF Express,SF-TRAINS
15718,Mariani-Guwahati Intercity Express,EXP-TRAINS
40015,Chennai Beach Tambaram EMU(12 Car),PASS-TRAINS
52473,PATHANKOT - JOGINDER NAGAR PASSENGER,PASS-TRAINS
12666,KANYAKUMARI - KOL HOWRAH Weekly Exp,SF-TRAINS
12669,CHENNAI CENTRAL - CHHAPRA Ganga Kaveri Exp,SF-TRAINS
12670,CHHAPRA - CHENNAI CENTRAL Ganga Kaveri Exp,SF-TRAINS
12671,Nilgiri (Blue Mountain) Express,SF-TRAINS
12672,Nilgiri (Blue Mountain) Express,SF-TRAINS
12685,Chennai - Mangalore Express,SF-TRAINS
12686,Mangalore - Chennai Express,SF-TRAINS
12687,Chennai Dehradun Express,SF-TRAINS
12688,Dehradun Chennai Express,SF-TRAINS
12690,NAGERCOIL - CHENNAI SF Exp,SF-TRAINS
12691,CHENNAI - SSP NILAYAM SF Exp,SF-TRAINS
12692,SSP NILAYAM - CHENNAI SF Exp,SF-TRAINS
12693,CHENNAI EGMORE - TUTICORIN Pearl City SF Exp,SF-TRAINS
12694,TUTICORIN - CHENNAI EGMORE Pearl City SF Exp,SF-TRAINS
12705,Guntur-Secunderabad SF Intercity,SF-TRAINS
12706,Secunderabad-Guntur SF Intercity,SF-TRAINS
12716,Sachkhand SF Express,SF-TRAINS
12719,AJMER - HYDERABAD DECCAN SF Exp,SF-TRAINS
12720,HYDERABAD DECCAN - AJMER SF Exp,SF-TRAINS
12725,Siddhaganga Intercity Express,SF-TRAINS
12726,Siddhaganga InterCity Express,SF-TRAINS
12731,Tirupati-Secunderabad Express,SF-TRAINS
12732,Secunderabad-Tirupati Express,SF-TRAINS
12733,Narayanadri Express,SF-TRAINS
12734,Narayanadri Express,SF-TRAINS
12737,Gowthami SF Express,SF-TRAINS
12738,Secunderabad - Kakinada Gowthami SF Express,SF-TRAINS
12740,Secunderabad-Visakhapatnam Garib Rath,GRB-TRAINS
12741,VASCO DA GAMA - PATNA SF Exp,SF-TRAINS
12742,PATNA - VASCO DA GAMA SF Exp,SF-TRAINS
12747,Palnadu Express,SF-TRAINS
12748,Palnadu Express,SF-TRAINS
12750,Mumbai LTT-Visakhapatnam SF Express,SF-TRAINS
12751,Manuguru-Secunderabad Tri Weekly SF Express,SF-TRAINS
12752,Secunderabad-Manuguru SF Express,SF-TRAINS
12753,Chennai-NewJalpaiguri SF Express,SF-TRAINS
12754,New Jalpaiguri-Chennai SF Express,SF-TRAINS
12763,Padmavati Express,SF-TRAINS
12764,Padmavati Express,SF-TRAINS
12777,HUBLI - TRIVANDRUM KOCHUVELI SF Exp,SF-TRAINS
40045,Chennai Beach TambaramEMU,PASS-TRAINS
52469,PATHANKOT - BAIJNATHPAPROLA PASSENGER,PASS-TRAINS
53448,Bhagalpur Banka Passenger,PASS-TRAINS
55010,Chhapra Bhatni Passenger,PASS-TRAINS
55102,Barhaj Bazar Bhatni Passenger,PASS-TRAINS
55103,Bhatani Barhaj Passenger,PASS-TRAINS
55118,Bhatni Chhapra Passenger,PASS-TRAINS
55123,Bhatani Manduadih Passenger,PASS-TRAINS
12717,Ratnachal SF Express,SF-TRAINS
12718,Ratnachal SF Express,SF-TRAINS
12721,Dakshin SF Express,SF-TRAINS
12722,Dakshin SF Express,SF-TRAINS
12723,Andhra Pradesh Express,SF-TRAINS
12724,Andhra Pradesh Express,SF-TRAINS
12727,Godavari SF Express,SF-TRAINS
12728,Godavari SF Express,SF-TRAINS
12729,Pune-Nanded Express,SF-TRAINS
12730,Nanded-Pune SuperFast Express,SF-TRAINS
12755,Sangrami SF Expres,SF-TRAINS
12756,Sangrami Expres,SF-TRAINS
12759,Charminar Express,SF-TRAINS
12760,Charminar Express,SF-TRAINS
12785,Kacheguda-Bangalore SF Express,SF-TRAINS
12789,Rameswaram Kanyakumari SF Express,SF-TRAINS
12790,Kanyakumari Rameswaram SF Express,SF-TRAINS
12791,SECUNDERABAD - DANAPUR SF EXP,SF-TRAINS
12792,DANAPUR - SECUNDERABAD SF EXP,SF-TRAINS
12793,Chennai Egmore Madurai BI-Weekly Superfast Express,SF-TRAINS
12794,Madurai Chennai Egmore BI-Weekly Superfast Express,SF-TRAINS
12802,Purushottam SF Express,SF-TRAINS
12805,Janmabhoomi Express,SF-TRAINS
12806,Janmabhoomi Express,SF-TRAINS
12811,MUMBAI - HATIA LTT SF Exp,SF-TRAINS
12812,HATIA - MUMBAI LTT SF Exp,SF-TRAINS
12813,Steel Express,SF-TRAINS
12814,Steel Express,SF-TRAINS
12816,New Delhi-Puri Superfast Express,SF-TRAINS
12817,Jharkhand Swarna Jayanti SF Express,SF-TRAINS
12818,Jharkhand Swarna Jayanti Express,SF-TRAINS
12819,Orissa Sampark Kranti Express,EXP-TRAINS
12820,Orissa Sampark Kranti Express,EXP-TRAINS
12821,Dhauli Express,SF-TRAINS
12822,Dhauli Express,SF-TRAINS
12827,Howrah Purulia Express,SF-TRAINS
12828,Howrah Express,SF-TRAINS
12829,Chennai Bhubaneswar SF Express,SF-TRAINS
12830,Bhubaneswar Chennai Superfast Express,SF-TRAINS
12831,DHANBAD - BHUBANESWAR Garib Rath Exp,GRB-TRAINS
12832,BHUBANESWAR - DHANBAD Garib Rath Exp,GRB-TRAINS
12833,AHMEDABAD - HOWRAH SF EXP,SF-TRAINS
12834,HOWRAH - AHMEDABAD SF EXP,SF-TRAINS
40017,Chennai Beach Tambaram EMU(12 Car),PASS-TRAINS
55104,Barhaj Bazar Bhatni Passenger,PASS-TRAINS
55117,Siwan Bhatni Passenger,PASS-TRAINS
55121,Bhatni Varanasi Passenger,PASS-TRAINS
55122,Manduadih Bhatni Passenger,PASS-TRAINS
55124,Varanasi City- Bhatni Passenger,PASS-TRAINS
12779,VASCO DA GAMA - DELHI H NIZAMUDDIN Goa Exp,SF-TRAINS
12780-Slip,H.Nizamuddin Hubli Goa Express Slip,SF-TRAINS
12781,Mysore-Nizamuddin Swarna Jayanti Express,SF-TRAINS
12787,Bilaspur Tirunelveli SF Express,SF-TRAINS
12788,Tirunelveli Bilaspur SF Express,SF-TRAINS
12801,Purushottam SF Express,SF-TRAINS
12804,Swarna Jayanti Express,SF-TRAINS
12807,Samata Express,SF-TRAINS
12808,Samata Express,SF-TRAINS
12815,Puri New Delhi Superfast Express,SF-TRAINS
12823,Chhattisgarh Sampark Kranti Express,EXP-TRAINS
12824,Chhattisgarh Sampark Kranti Express,EXP-TRAINS
12825,Jharkhand Sampark Kranti Express,EXP-TRAINS
12837,Howrah-Puri Express,SF-TRAINS
12838,Puri Howrah Express,SF-TRAINS
12839,Howrah Chennai Superfast Mail,SF-TRAINS
12841,Coromandel Express,SF-TRAINS
12842,Coromandel Express,SF-TRAINS
12845,BHUBANESWAR - BENGALURU CANTT SF Exp,SF-TRAINS
40019,Chennai Beach Tambaram EMU,PASS-TRAINS
12887,Howrah-Puri Express,SF-TRAINS
12886,Aranyak Express,SF-TRAINS
12885,Aranyak Express,SF-TRAINS
12883,Rupashi Bangla Express,SF-TRAINS
12882,Puri Howrah Garib Rath,GRB-TRAINS
12881,Howrah Puri Garib Rath,GRB-TRAINS
12872,TITLAGARH - HOWRAH Ispat Exp,SF-TRAINS
12873,Jharkhand Swarna Jayanti Express,SF-TRAINS
12874,Jharkhand Swarna Jayanti Express,SF-TRAINS
12875,PURI - NEW DELHI Neelanchal SF Exp,SF-TRAINS
12876,NEW DELHI - PURI Neelanchal SF Exp,SF-TRAINS
12877,Ranchi-New Delhi Garib Rath,GRB-TRAINS
12780,DELHI H NIZAMUDDIN - VASCO DA GAMA Goa Exp,SF-TRAINS
12843,Puri Ahmedabad Superfast Express,SF-TRAINS
12844,Ahmedabad Puri Superfast Express,SF-TRAINS
12879,MUMBAI LTT - BHUBANESWAR SF Exp,SF-TRAINS
12884,Rupashi Bangla Express,SF-TRAINS
12880,BHUBANESWAR - MUMBAI LTT SF Exp,SF-TRAINS
12891,Baripada- Bhubaneswar Express,SF-TRAINS
12888,Howrah Express,SF-TRAINS
12893,BHUBANESWAR - BALANGIR SF Exp,SF-TRAINS
12892,Bhubaneswar Baripada SF Express,SF-TRAINS
12895,Kolkata-Puri Express,SF-TRAINS
12894,BALANGIR - BHUBANESWAR SF Exp,SF-TRAINS
12897,Puducherry-Bhubaneswar Express,SF-TRAINS
12896,Puri-Howrah Express,SF-TRAINS
12903,Golden Temple Mail,SF-TRAINS
12898,Bhubaneswar-Puducherry Superfast Express,SF-TRAINS
12908,Maharashtra Sampark Kranti Express,EXP-TRAINS
12906-Slip,Howrah-Porbandar SF Express Slip,SF-TRAINS
12911,Valsad-Haridwar Exp,SF-TRAINS
12910,H.Nizamuddin-Bandra Terminus Garib Rath Express,GRB-TRAINS
12913,Indore-Nagpur Weekly Express,SF-TRAINS
12912,Haridwar Valsad Superfast Express,SF-TRAINS
12919,Malwa Express,SF-TRAINS
12914,Nagpur-Indore Weekly Express,SF-TRAINS
12921,Flying Rani Express,SF-TRAINS
12920,Malwa Express,SF-TRAINS
12923,Indore Nagpur Express,SF-TRAINS
12922,Flying Rani Express,SF-TRAINS
12925,Paschim Express,SF-TRAINS
12924,Indore Express,SF-TRAINS
12925-Slip,Paschim Express Slip,SF-TRAINS
12926,Paschim Express,SF-TRAINS
12927,Mumbai Central -Vadodara Express,SF-TRAINS
12928,Vadodara - Mumbai Central Express,SF-TRAINS
12929,Valsad Dahod InterCity Express,SF-TRAINS
12930,Dahod Valsad InterCity Express,SF-TRAINS
12935,Bandra Surat InterCity Express,SF-TRAINS
12936,Surat Bandra InterCity Express,SF-TRAINS
12937,GANDHIDHAM - HOWRAH Garbha Exp,SF-TRAINS
12938,HOWRAH - GANDHIDHAM Garbha Exp,SF-TRAINS
12939,Pune-Jaipur SF Express,SF-TRAINS
12940,Jaipur-Pune SF Express,SF-TRAINS
40025,Chennai Beach TambaramEMU (12 car),PASS-TRAINS
58115,CKP ROU SARANDA PASSENGER,PASS-TRAINS
12901,Gujarat Mail,SF-TRAINS
12902,Gujarat Mail,SF-TRAINS
12907,Maharashtra Sampark Kranti Express,EXP-TRAINS
12909,Bandra Terminus- Hazrat Nizamuddin Garib Rath,GRB-TRAINS
12915,Ashram SF Express,SF-TRAINS
12916,Ashram SF Express,SF-TRAINS
12917,Gujarat Sampark Kranti Express,EXP-TRAINS
12933,Karnavati Express,SF-TRAINS
12934,Karnavati Express,SF-TRAINS
12943,Valsad-Kanpur Udyogkarmi Express,SF-TRAINS
12944,Kanpur-Valsad Udyogkarmi Express,SF-TRAINS
12945,SURAT - MAHUVA SF Exp,SF-TRAINS
12947,Azimabad Express,SF-TRAINS
12948,Azimabad Express,SF-TRAINS
12949,PORBANDAR - K SANTRAGANCHI Kavi Guru SF Exp,SF-TRAINS
12951,Mumbai Central-New Delhi Rajdhani Express,RAJ-TRAINS
12955,Mumbai-Jaipur SF Express,SF-TRAINS
12956,Jaipur-Mumbai SF Express,SF-TRAINS
12959,MUMBAI DADAR - BHUJ SF Exp,SF-TRAINS
12960,BHUJ - MUMBAI DADAR SF Exp,SF-TRAINS
12961,Avantika Express,SF-TRAINS
12962,Avantika Express,SF-TRAINS
12965,Gwalior Udaipur Express,SF-TRAINS
12966,Udaipur Gwalior Express,SF-TRAINS
12967,Chennai-Jaipur SF Express,SF-TRAINS
12968,Jaipur-Chennai SF Express,SF-TRAINS
12969,Coimbatore-Jaipur Express,SF-TRAINS
12970,Jaipur-Coimbatore Express,SF-TRAINS
12971,Bhavnagar Express,SF-TRAINS
12973,Indore-Jaipur SF Express,SF-TRAINS
12974,Jaipur Indore SF Express,SF-TRAINS
12975,Mysore-Jaipur SF Express,SF-TRAINS
12976,Jaipur-Mysore SF Express,SF-TRAINS
12977,ERNAKULAM - AJMER Marusagar Exp,SF-TRAINS
12978,AJMER - ERNAKULAM Marusagar Exp,SF-TRAINS
12979,Mumbai Bandra (T.) - Jaipur (Tri-weekly) SF Exp,SF-TRAINS
12981,Chetak Express,SF-TRAINS
12982,Chetak Express,SF-TRAINS
12983,Ajmer-Chandigarh GaribRath Express,GRB-TRAINS
12984,Chandigarh-Ajmer GaribRath,GRB-TRAINS
12988,Ajmer Sealdah Express,SF-TRAINS
12989,Dadar Ajmer Superfast Express,SF-TRAINS
12990,Ajmer-Dadar SF Express,SF-TRAINS
12991,Udaipur-Ajmer Express,SF-TRAINS
12992,Ajmer Udaipur Express,SF-TRAINS
40027,Chennai Beach TambaramEMU (12 car),PASS-TRAINS
40033,Chennai Beach TambaramEMU (12 car),PASS-TRAINS
40055,Chennai Beach TambaramEMU,PASS-TRAINS
58610,Chakradharpur Tatanagar Passenger,PASS-TRAINS
12941,Ahmedabad-Asansol (Weekly) SF Parasnath Express,SF-TRAINS
12942,Asansol Ahmedabad (Weekly) SF Express,SF-TRAINS
12954,August Kranti Rajdhani Express,RAJ-TRAINS
12957,Ahmadabad-New Delhi Swarna Jayanti Rajdhani Expres,RAJ-TRAINS
12958,New Delhi-Ahmedabad Swarna Jayanti Rajdhani Expres,RAJ-TRAINS
12963,Mewar Express,SF-TRAINS
12964,Mewar Express,SF-TRAINS
12995,Bandra-Udaipur SF Express,SF-TRAINS
12996,Udaipur Bandra SF Express Slip,SF-TRAINS
12997,Tirunelveli - Hapa (Biweekly) SF Express,SF-TRAINS
12998,Hapa-Tirunelveli Express,SF-TRAINS
13005,Howrah-Amritsar Mail,EXP-TRAINS
13007,Udyan Abha Toofan Express,EXP-TRAINS
13008-Slip,Udyan Abha Toofan Express Slip,EXP-TRAINS
13009,Doon Express,EXP-TRAINS
13009-Slip,Doon Express Slip,EXP-TRAINS
13010,Doon Express,EXP-TRAINS
13011,InterCity Express,EXP-TRAINS
13012,InterCity Express,EXP-TRAINS
13015,Howrah Bolpur KaviGuru Express,EXP-TRAINS
13017,Ganadevta Express,EXP-TRAINS
13018,Ganadevta Express,EXP-TRAINS
13019,Bagh Express,EXP-TRAINS
13020,Bagh Express,EXP-TRAINS
13021,Mithila Express,EXP-TRAINS
13022,Mithila Express,EXP-TRAINS
13023,Howrah-Gaya Express,EXP-TRAINS
13025,Howrah-Bhopal Express,EXP-TRAINS
13026,Bhopal-Howrah Express,EXP-TRAINS
13027,Kaviguru Express,EXP-TRAINS
13028,Kaviguru Express,EXP-TRAINS
13039,Howrah-Rajgir Express Slip,EXP-TRAINS
13040,Janata Express,EXP-TRAINS
13049,Howrah-Amritsar Express,EXP-TRAINS
13050,Amritsar Howrah Express,EXP-TRAINS
13051,Hool Express,EXP-TRAINS
13052,Hool Express,EXP-TRAINS
13054,Siuri-Howrah Intercity Express,EXP-TRAINS
13072,Howrah Express,EXP-TRAINS
13104,Bhagirathi Express,EXP-TRAINS
13105,Sealdah-Ballia Express,EXP-TRAINS
13106,Ballia-Sealdah Express,EXP-TRAINS
13107,Maitree Express BR,EXP-TRAINS
13108,Maitree Express BR,EXP-TRAINS
13109,Maitree Express IR,EXP-TRAINS
13110,Maitree Express,EXP-TRAINS
13111,Lal Quila Express,EXP-TRAINS
13111-Slip,Lal Quila Express Slip,EXP-TRAINS
40035,Chennai Beach TambaramEMU (12 car),PASS-TRAINS
40059,Chennai Beach TambaramEMU,PASS-TRAINS
13008,Udyan Abha Toofan Express,EXP-TRAINS
13013,Barddhaman Rampurhat Tri-Weekly Express,EXP-TRAINS
13014,Rampurhat-Barddhaman Tri-Weekly Express,EXP-TRAINS
13016,Bolpur-Howrah Kavi Guru Express,EXP-TRAINS
13024,Gaya-Howrah Express,EXP-TRAINS
13112,Lal Quila Express,EXP-TRAINS
13113,Hazarduari Express,EXP-TRAINS
13114,Hazarduari Express,EXP-TRAINS
13117,Kolkata Berhampore Court Express,EXP-TRAINS
13118,Berhampore Court Kolkata Express,EXP-TRAINS
13133,Sealdah-Varanasi Express,EXP-TRAINS
13134,Varanasi- Sealdah Express,EXP-TRAINS
13141,Testa Torsa Express,EXP-TRAINS
13141-Slip,Testa Torsa Express Slip,EXP-TRAINS
13142,Teesta Torsa Express,EXP-TRAINS
13145,Radhikapur Express,EXP-TRAINS
13146,Radhikapur Express,EXP-TRAINS
13147,Uttar Banga Express,EXP-TRAINS
13148,Uttar Banga Express,EXP-TRAINS
13149,Kanchan Kanya Express,EXP-TRAINS
13150,Kanchan Kanya Express,EXP-TRAINS
13152,JammuTawi-Kolkata Chitpur Express,EXP-TRAINS
13153-Slip,Gour Express Slip,EXP-TRAINS
13154,Malda Town-Sealdah Gour Express,EXP-TRAINS
13156,SITAMARHI - KOLKATA CHITPUR Mithilanchal Exp,EXP-TRAINS
13159,KOLKATA CHITPUR - JOGBANI Exp,EXP-TRAINS
13160,JOGBANI - KOLKATA CHITPUR Exp,EXP-TRAINS
13161,KOLKATA CHITPUR - BALURGHAT Tebhaga Exp,EXP-TRAINS
13162,BALURGHAT - KOLKATA CHITPUR Tebhaga Exp,EXP-TRAINS
13163,Hatey Bazare Express,EXP-TRAINS
13164,Hatey Bazare Express,EXP-TRAINS
13185,Ganga Sagar Express,EXP-TRAINS
13186,Ganga Sagar Express,EXP-TRAINS
13188,Rampurhat- Sealdah Express,EXP-TRAINS
13202,MUMBAI LTT - RAJENDRA NAGAR PATNA Janta Exp,EXP-TRAINS
13225,Jaynagar-Danapur Intercity,EXP-TRAINS
13226,Danapur-Jaynagar Intercity,EXP-TRAINS
13233,Rajgriha Express,EXP-TRAINS
13234,Rajgriha Express,EXP-TRAINS
13237,Patna Mathura Express,EXP-TRAINS
13238,Mathura Patna Express,EXP-TRAINS
13239,Patna Mathura Express,EXP-TRAINS
13240,Mathura Patna Express,EXP-TRAINS
13241,Banka Patna Express,EXP-TRAINS
13242,Patna Banka Express,EXP-TRAINS
13243,Patna Dehri On Sone InterCity Express,EXP-TRAINS
13248,RAJENDRA NAGAR - GUWAHATI Capital Exp,EXP-TRAINS
19321,Indore-Rajendranagar Express,EXP-TRAINS
40037,Chennai Beach TambaramEMU (12 car),PASS-TRAINS
13235,Sahibganj-Danapur InterCity,EXP-TRAINS
13236,Danapur-Sahibganj InterCity,EXP-TRAINS
13244,Dehri On Sone Patna InterCity Express,EXP-TRAINS
13246,Capital Express,EXP-TRAINS
13247,GUWAHATI - RAJENDRA NAGAR Capital Exp,EXP-TRAINS
13251,Islampur Rajendra Nagar Express,EXP-TRAINS
13252,Rajendra Nagar Islampur Express,EXP-TRAINS
13287,DURG - RAJENDRA NAGAR South Bihar Exp,EXP-TRAINS
13288,RAJENDRA NAGAR BIHAR - DURG South Bihar Exp,EXP-TRAINS
13301,Suvarna Rekha Express,EXP-TRAINS
13302,Suvarna Rekha Express,EXP-TRAINS
13304,Dhanbad InterCity Express,EXP-TRAINS
13305,Dhanbad-Gaya InterCity,EXP-TRAINS
13306,Gaya-Dhanbad InterCity,EXP-TRAINS
13307,Ganga Sutlej Express,EXP-TRAINS
13308,Ganga Sutlej Express,EXP-TRAINS
13317,Black Diamond Express,EXP-TRAINS
13319,Baidyanthdham-Ranchi Express,EXP-TRAINS
13320,Ranchi-Baidyanathdham Express,EXP-TRAINS
13329,Ganga Damodar Express,EXP-TRAINS
13330,Ganga Damodar Express,EXP-TRAINS
13331,Dhanbad Patna Express,EXP-TRAINS
13332,Patna Dhanbad Express,EXP-TRAINS
13345,Varanasi-Singrauli Intercity,EXP-TRAINS
13347,Palamau Express,EXP-TRAINS
13348,Palamau Express,EXP-TRAINS
13352,ALAPPUZHA - DHANBAD (Bokaro) Express,EXP-TRAINS
13404,Vananchal Express,EXP-TRAINS
13413,Farakka Express,EXP-TRAINS
13414,Farakka Express,EXP-TRAINS
13415,Malda Patna Express,EXP-TRAINS
13416,Patna-Malda Express,EXP-TRAINS
13419,Jan Sewa Express,EXP-TRAINS
13421,Nabadwipdham Malda Express,EXP-TRAINS
13422,Malda Nabadwipdham Express,EXP-TRAINS
13465,InterCity Express,EXP-TRAINS
13466,InterCity Express,EXP-TRAINS
13483,Farakka Express,EXP-TRAINS
13484,Farakka Express,EXP-TRAINS
13501,Haldia-Asansol Express,EXP-TRAINS
40039,Chennai Beach TambaramEMU (12 car),PASS-TRAINS
40041,Chennai Beach TambaramEMU (12 car),PASS-TRAINS
40043,Chennai Beach TambaramEMU,PASS-TRAINS
40047,Chennai Beach TambaramEMU (12 car),PASS-TRAINS
40049,Chennai Beach TambaramEMU (12 car),PASS-TRAINS
40051,Chennai Beach TambaramEMU (12 car),PASS-TRAINS
40053,Chennai Beach TambaramEMU (12 car),PASS-TRAINS
56842,Erode Tiruchchirapalli Passenger,PASS-TRAINS
56860,Villupuram Tambaram Passenger,PASS-TRAINS
12259,Sealdah-New Delhi AC Duronto Express,PRM-TRAINS
13346,Singrauli-Varanasi Intercity,EXP-TRAINS
13502,Asansol Haldia Express,EXP-TRAINS
13504,Asansol-Sealdah InterCity Express,EXP-TRAINS
13506,Asansol Digha Express,EXP-TRAINS
13507,Asansol-Gorakhpur Express,EXP-TRAINS
13509,Asansol-Gonda Express,EXP-TRAINS
13510,Gonda-Asansol Express,EXP-TRAINS
14001,OLD DELHI - ATARI SHYAM SINGH Samjhauta Exp,EXP-TRAINS
14002,ATARI SHYAM SINGH - OLD DELHI Samjhauta Exp,EXP-TRAINS
14004,New Delhi-New Farakka Express,EXP-TRAINS
14005,Lichhavi Express,EXP-TRAINS
14006,Lichhavi Express,EXP-TRAINS
14007,Muzaffarpur-Old Delhi Sadbhavna Express,EXP-TRAINS
14008,Old Delhi-Muzaffarpur Sadbhavana Express,EXP-TRAINS
14009,Patalkot Express,EXP-TRAINS
14010,Patalkot Express,EXP-TRAINS
14011,Kathgodam-Anand Vihar AC Express,EXP-TRAINS
14012,Anand Vihar-Kathgodam AC Express,EXP-TRAINS
14013,Sadbhavna Express,EXP-TRAINS
14014,Sadbhavna Express,EXP-TRAINS
14015,Sadbhavna Express,EXP-TRAINS
14016,Sadbhavana Express,EXP-TRAINS
14017,Sadbhavna Express,EXP-TRAINS
14018,Sadbhavana Expres,EXP-TRAINS
14020,Delhi SR Chhindwara Kanhan Valley Express,EXP-TRAINS
14033,Jammu Mail,EXP-TRAINS
14034,Jammu Mail,EXP-TRAINS
14035,Dhauladhar Express,EXP-TRAINS
14036,Dhauladhar Express,EXP-TRAINS
14037,Delhi-Pathankot Express,EXP-TRAINS
14038,Pathankot Delhi Express,EXP-TRAINS
14041-Slip,Mussoorie Express Slip,EXP-TRAINS
14042,DEHRADUN - DELHI SARAI ROHILLA Mussoorie Exp,EXP-TRAINS
14043,KOTDWAR - OLD DELHI Garhwal Exp,EXP-TRAINS
14044,OLD DELHI - KOTDWAR Garhwal Exp,EXP-TRAINS
14056,OLD DELHI - DIBRUGARH Brahmaputra Exp,EXP-TRAINS
14083,Sikkim Mahananda Express,EXP-TRAINS
14084,Sikkim Mahananda Express,EXP-TRAINS
14085,Haryana Express,EXP-TRAINS
14086,Haryana Express,EXP-TRAINS
14095,Himalayan Queen,EXP-TRAINS
14096,Himalayan Queen,EXP-TRAINS
14096-Slip,Himalayan Queen Slip,EXP-TRAINS
14109,Chitrakoot Kanpur Express,EXP-TRAINS
14110,Kanpur Chitrakoot Express,EXP-TRAINS
14114,Link Express,EXP-TRAINS
40057,Chennai Beach TambaramEMU (12 car),PASS-TRAINS
51672,KATNI - ITARSI Fast Passenger,PASS-TRAINS
12343,Darjeeling Mail,SF-TRAINS
12483,KOCHUVELI - AMRITSAR SF Exp,SF-TRAINS
14119,Kathgodam Dehradun Express,EXP-TRAINS
14120,Dehradun Kathgodam Express,EXP-TRAINS
14123,Pratapgarh Kanpur InterCity Express,EXP-TRAINS
14124,Kanpur Pratapgarh InterCity Express,EXP-TRAINS
14126,Saryu Express,EXP-TRAINS
14163,Sangam Express,EXP-TRAINS
14163-Slip,Sangam Express Slip,EXP-TRAINS
14164,Sangam Express,EXP-TRAINS
14201,Jaunpur-Rae Bareliy Express,EXP-TRAINS
14203,Varanasi Lucknow InterCity Express,EXP-TRAINS
14204,Lucknow Varanasi InterCity Express,EXP-TRAINS
14205,Faizabad Delhi Express,EXP-TRAINS
14206,Delhi-Faizabad Express,EXP-TRAINS
14207,Padmavat Express,EXP-TRAINS
14208,Padmavat Express,EXP-TRAINS
14210,Lucknow-Vindhyachal InterCity,EXP-TRAINS
14211,Agra-New Delhi Intercity Express,EXP-TRAINS
14212,NewDelhi-Agra InterCity Express,EXP-TRAINS
14213,Varanasi-Gonda Intercity Express,EXP-TRAINS
14214,Gonda-Varanasi Intercity Express,EXP-TRAINS
14215,Ganga Gomti Express,EXP-TRAINS
14216,Ganga Gomti Express,EXP-TRAINS
14217,Unchahar Express,EXP-TRAINS
14227,Varuna Express,EXP-TRAINS
14228,Varuna Express,EXP-TRAINS
14235,Varanasi Bareilly Express,EXP-TRAINS
14236,Bareilly Varanasi Express,EXP-TRAINS
14257,Kashi Vishwanath Express,EXP-TRAINS
14258,Kashi Vishwanath Express,EXP-TRAINS
14259,MUGHAL SARAI - LUCKNOW Ekatmata Exp,EXP-TRAINS
14265,Varanasi Dehradun Janata Express,EXP-TRAINS
14265-Slip,Varanasi-Ramnagar Express Slip,EXP-TRAINS
14266,Dehradun Varanasi Janata Express,EXP-TRAINS
14307,Bareilly Express,EXP-TRAINS
14308,Bareilly-Prayag Passenger,PASS-TRAINS
14309,Ujjaini Express,EXP-TRAINS
14310,Ujjaini Express,EXP-TRAINS
14311,BAREILLY - BHUJ Ala Hazrat Exp,EXP-TRAINS
14314,BAREILLY - MUMBAI LTT Weekly Exp,EXP-TRAINS
14315,Bareilly-NewDelhi InterCity,EXP-TRAINS
14316,NewDelhi-Bareilly InterCity,EXP-TRAINS
14317,INDORE - DEHRADUN Exp,EXP-TRAINS
14318,DEHRADUN - INDORE Exp,EXP-TRAINS
14321,BAREILLY - BHUJ Ala Hazrat Exp,EXP-TRAINS
19131,MUMBAI BANDRA - BHUJ Kutch Exp,EXP-TRAINS
40107,Chennai Beach Tambaram EMU,PASS-TRAINS
40555,Chennai Beach Chengalpet Semi Fast EMU,PASS-TRAINS
14322,BHUJ - BAREILLY Ala Hazrat Exp,EXP-TRAINS
14323,New Delhi-Rohtak Express,EXP-TRAINS
14324,New Delhi Express,EXP-TRAINS
14369,Tribeni Express,EXP-TRAINS
14370,Triveni Express,EXP-TRAINS
14370-Slip,Triveni Express Slip,EXP-TRAINS
14511-Slip,Allahabad-Saharanpur Nauchandi Express Slip,EXP-TRAINS
14512,Saharanpur-Allahabad Nauchandi Express,EXP-TRAINS
14519,Kissan Express,EXP-TRAINS
14520,Kisan Express,EXP-TRAINS
14524,Harihar Express,EXP-TRAINS
14525,Ambala Cantt-Shri GangaNagar InterCity Express,EXP-TRAINS
14526,Shri Ganganagar-Ambala Cantt InterCity Express,EXP-TRAINS
14545,Farukhnagar Saharanpur Express,EXP-TRAINS
14546,Saharanpur Farukhnagar Express,EXP-TRAINS
14553,Himachal Express,EXP-TRAINS
14554,Himachal Express,EXP-TRAINS
14555,Bareilly-Delhi Express,EXP-TRAINS
14556,Delhi-Bareilly Express,EXP-TRAINS
14603,SAHARSA - AMRITSAR Jan Sadharan Exp,EXP-TRAINS
14607,Amritsar Atari Samjhauta Express,EXP-TRAINS
14608,Atari Amritsar Samjhauta Express,EXP-TRAINS
14609,Hemkunt Express,EXP-TRAINS
14610,Hemkunt Express,EXP-TRAINS
14629,Ludhiana Firozpur Sutlej Express,EXP-TRAINS
14630,Firozpur Ludhiana Sutlej Express,EXP-TRAINS
14631,Dehradun Amritsar Express,EXP-TRAINS
14632,Amritsar Dehradun Express,EXP-TRAINS
14633,Ravi Express,EXP-TRAINS
14634,Ravi Express,EXP-TRAINS
14645,Shalimar Express,EXP-TRAINS
14646,Shalimar Express,EXP-TRAINS
14650,Saryu Yamuna Express,EXP-TRAINS
14659-Slip,Delhi-Jaisalmer Express Slip,EXP-TRAINS
14660,Jaisalmer Delhi Express,EXP-TRAINS
14661,Delhi Barmer Link Express,EXP-TRAINS
14662,Barmer-Delhi MALANI Express,EXP-TRAINS
14673,Shaheed Express,EXP-TRAINS
14674,Shaheed Express,EXP-TRAINS
14681,New Delhi-Jalandhar Express,EXP-TRAINS
14682,Jalandhar NDLS Express,EXP-TRAINS
14701,Jaisalmer-Bikaner Express,EXP-TRAINS
14702,Bikaner-Jaisalmer Express,EXP-TRAINS
14703,Bikaner Express,EXP-TRAINS
14704,Jaisalmer Express,EXP-TRAINS
14705,Delhi Sarai Rohilla Sadulpur Express,EXP-TRAINS
14706,Sadulpur Delhi Sarai Rohilla Express,EXP-TRAINS
15011,LUCKNOW - CHANDIGARH Exp,EXP-TRAINS
15012,CHANDIGARH - LUCKNOW Exp,EXP-TRAINS
13103,Bhagirathi Express,EXP-TRAINS
13245,Capital Express,EXP-TRAINS
14708,MUMBAI BANDRA - BIKANER Ranakpur Exp,EXP-TRAINS
14711,Haridwar Shri Ganganagar InterCity Express,EXP-TRAINS
14712,Shriganganagar Haridwar Express,EXP-TRAINS
14723,Kalindi Express,EXP-TRAINS
14724,Kalindi Express,EXP-TRAINS
14731,Delhi Bhatinda Intercity Express,EXP-TRAINS
14732,Bhatinda Delhi Express,EXP-TRAINS
14795,Ekta Express,EXP-TRAINS
14796,Ekta Express,EXP-TRAINS
14801,Jodhpur Gandhidham Express,EXP-TRAINS
14802,Gandhidham Jodhpur Express,EXP-TRAINS
14809,Jaisalmer Jodhpur Express,EXP-TRAINS
14810,Jaisalmer Express,EXP-TRAINS
14853,Marudhar Express,EXP-TRAINS
14854,Marudhar Express,EXP-TRAINS
14863,Marudhar Express,EXP-TRAINS
14864,Marudhar Express,EXP-TRAINS
14865,Marudhar Express,EXP-TRAINS
14866,Marudhar Express,EXP-TRAINS
14887-Slip,Kalka - Sriganganar Express (Slip),EXP-TRAINS
14887S,KALKA BARMER Express Slip,EXP-TRAINS
14888,Barmer-Kalka Express,EXP-TRAINS
14889,Thar Link Express,EXP-TRAINS
14890,Thar Link Express,EXP-TRAINS
15001,Rapti Ganga Express,EXP-TRAINS
15002,Rapti Ganga Express,EXP-TRAINS
15004,Chauri Chaura Express,EXP-TRAINS
15005,Rapti Ganga Express,EXP-TRAINS
15006,Rapti Ganga Express,EXP-TRAINS
15007,Krishak Express,EXP-TRAINS
15009,Chitrakoot Express,EXP-TRAINS
15010,Chitrakoot Express,EXP-TRAINS
15013,Ranikhet Express,EXP-TRAINS
15013-Slip,Ranikhet Express Slip,EXP-TRAINS
15014,Ranikhet Express,EXP-TRAINS
15016,YESVANTPUR - GORAKHPUR Exp,EXP-TRAINS
15018,GORAKHPUR - MUMBAI LTT Kashi Exp,EXP-TRAINS
15018-Slip,Gorakhpur -Kolhapur Slip,EXP-TRAINS
15019,Gorakhpur Nautanwa Express,EXP-TRAINS
15020,Gorakhpur Nautanwa Express,EXP-TRAINS
15021,Kolkata Shalimar-Gorakhpur Bhojpuri Express,EXP-TRAINS
15022,Bhojpuri Express,EXP-TRAINS
15023,GORAKHPUR - YESVANTPUR Exp,EXP-TRAINS
15035,Uttarakhand Sampark Kranti Express,EXP-TRAINS
15035-Slip,Uttarakhand Sampark Kranti Express Slip,EXP-TRAINS
15236,Darbhanga-Howrah Express,EXP-TRAINS
41057,Chennai Beach Velachery EMU,PASS-TRAINS
41501,Chennai Beach Velachery EMU,PASS-TRAINS
14649,Saryu Yamuna Express,EXP-TRAINS
15003,Chauri Chaura Express,EXP-TRAINS
15008,Krishak Express,EXP-TRAINS
15027,Maurya Express,EXP-TRAINS
15028,Maurya Express,EXP-TRAINS
15037,Kanpur Kasganj Express,EXP-TRAINS
15038,Kasganj Kanpur Express,EXP-TRAINS
15039,Farrukhabad Kasganj Express,EXP-TRAINS
15040,Farrukhabad Express,EXP-TRAINS
15041,Farrukhabad Kasganj Express,EXP-TRAINS
15042,Farrukhabad Express,EXP-TRAINS
15045,Gorakhpur-Okha Express,EXP-TRAINS
15046,Okha-Gorakhpur Express,EXP-TRAINS
15047,Purvanchal Express,EXP-TRAINS
15048,Purvanchal Express,EXP-TRAINS
15049,Poorvanchal Express,EXP-TRAINS
15050,Poorvanchal Express,EXP-TRAINS
15051,Poorvanchal Express,EXP-TRAINS
15052,Gorakhpur Kolkata Express,EXP-TRAINS
15097,Barauni-Jammu Amarnath Express,EXP-TRAINS
15098,Jammu-Barauni Amarnath Express,EXP-TRAINS
15101,Chhapra-Mumbai Jansadharan Express,EXP-TRAINS
15102,Mumbai CST Chhapra Jansadharan Express,EXP-TRAINS
15103,Gorakhpur Manduadih Intercity Express,EXP-TRAINS
15104,Manduadih Gorakhpur InterCity,EXP-TRAINS
15105,Chhapra Gorakhpur InterCity Express,EXP-TRAINS
15106,Gorakhpur Chhapra InterCity Express,EXP-TRAINS
15107,Chhapra Mathura Express,EXP-TRAINS
15108,Mathura Chhapra Express,EXP-TRAINS
15109,Budhpurnima Express,EXP-TRAINS
15110,Budhpurnima Express,EXP-TRAINS
15159,Sarnath Express,EXP-TRAINS
15160,Sarnath Express,EXP-TRAINS
15201,Hajipur Raxaul InterCity,EXP-TRAINS
15203,Barauni-Lucknow Express,EXP-TRAINS
15209,SAHARSA - AMRITSAR Jan Seva Exp,EXP-TRAINS
15210,AMRITSAR - SAHARSA Jan Seva Exp,EXP-TRAINS
15211,DARBHANGA - AMRITSAR Jan Nayak Exp,EXP-TRAINS
15215,Muzaffarpur-Narkatiaganj Express,EXP-TRAINS
15216,Narkatiaganj-Muzaffarpur Express,EXP-TRAINS
15228,MUZAFFARPUR - YESVANTPUR Weekly Exp,EXP-TRAINS
15267,RAXAUL - MUMBAI LTT Jan Sadharan Exp,EXP-TRAINS
15273,Satyagraha Express,EXP-TRAINS
15274,Satyagraha Express,EXP-TRAINS
15283,Janaki Express,EXP-TRAINS
15284,Janaki Express,EXP-TRAINS
15320,AISHBAGH - PALIA KALAN EXP,EXP-TRAINS
15322,Kapilavastu Express,EXP-TRAINS
15902,DIBRUGARH - BENGALURU CITY Weekly Exp,EXP-TRAINS
15204,Lucknow-Barauni Express,EXP-TRAINS
15269,MUZAFFARPUR - AHMEDABAD Jan Sadharan Exp,EXP-TRAINS
15272,Muzzafarpur-Howrah JanSadharan Express,EXP-TRAINS
15275,Saharsa-Barauni Express,EXP-TRAINS
15276,Barauni-Saharsa Express,EXP-TRAINS
15279,Poorbiya Express,EXP-TRAINS
15280,Poorabiya Express,EXP-TRAINS
15281,Kosi Express,EXP-TRAINS
15282,Kosi Express,EXP-TRAINS
15307,Nainital Express,EXP-TRAINS
15308,Nainital Express,EXP-TRAINS
15308-Slip,Nainital Express Slip,EXP-TRAINS
15309,Rohilkhand Express,EXP-TRAINS
15310,Rohilkhand Express,EXP-TRAINS
15311,KUMAON EXPRESS,EXP-TRAINS
15312,Kumaun Express,EXP-TRAINS
15313,Aishbagh Bareilly Express,EXP-TRAINS
15314,Aishbagh Express,EXP-TRAINS
15315,Gonda-Kasganj Gokul Express,EXP-TRAINS
15316,Kasganj-Gonda Gokul Express,EXP-TRAINS
15319,PALIA KALAN - AISHBAGH  Exp,EXP-TRAINS
15321,Kapilavastu Express,EXP-TRAINS
15603,Guwahati Ledo Intercity Express,EXP-TRAINS
15604,Ledo Guwahati Intercity Express,EXP-TRAINS
15606,Guwahati InterCity Express,EXP-TRAINS
15609,Awadh Assam Express,EXP-TRAINS
15609-Slip,Jivachh Link Express,EXP-TRAINS
15610,Awadh Assam Express,EXP-TRAINS
15611,Lokmanya Tilak (T)-Kamakhya Karmabhoomi Express,EXP-TRAINS
15612,Kamakhya-Mumbai LTT Karmabhoomi Express,EXP-TRAINS
15620,KAMAKHYA - GAYA Weekly Exp,EXP-TRAINS
15629,CHENNAI EGMORE - GUWAHATI Exp,EXP-TRAINS
15630,GUWAHATI - CHENNAI EGMORE Exp,EXP-TRAINS
15631,BARMER - GUWAHATI Exp,EXP-TRAINS
15632,GUWAHATI - BARMER Exp,EXP-TRAINS
15635,OKHA - GUWAHATI EXP,EXP-TRAINS
15636,GUWAHATI - OKHA DWARKA EXP,EXP-TRAINS
15639,PURI - GUWAHATI Exp,EXP-TRAINS
15643,PURI - KAMAKHYA Weekly Express,EXP-TRAINS
15644,KAMAKHYA - PURI Weekly Spl,EXP-TRAINS
15669,Nagaland Express,EXP-TRAINS
15670,Nagaland Express,EXP-TRAINS
15691,Cachar Express,EXP-TRAINS
15714,InterCity Express,EXP-TRAINS
15743,InterCity Express,EXP-TRAINS
15771,AlipurDuar-Kamakhya Intercity Express,EXP-TRAINS
15772,Kamakhya-AlipurDuar Intercity Express,EXP-TRAINS
22602,SAINAGAR SHIRDI - CHENNAI CENT SF Exp,SF-TRAINS
51631,Bhopal Bina Passenger,PASS-TRAINS
13508,Gorakhpur-Asansol Express,EXP-TRAINS
15645,MUMBAI LTT - GUWAHATI Exp,EXP-TRAINS
15646,GUWAHATI - MUMBAI LTT Exp,EXP-TRAINS
15647,MUMBAI LTT - GUWAHATI Exp,EXP-TRAINS
15648,GUWAHATI - MUMBAI LTT Exp,EXP-TRAINS
15652,JAMMU TAWI - GUWAHATI Lohit Exp,EXP-TRAINS
15654,JAMMU TAWI - GUWAHATI Amarnath Exp,EXP-TRAINS
15658,GUWAHATI - KOLKATA SEALDAH KanchanJungha Exp,EXP-TRAINS
15661,RANCHI - KAMAKHYA Exp,EXP-TRAINS
15662,KAMAKHYA - RANCHI Exp,EXP-TRAINS
15665,Guwahati-Dimapur Express,EXP-TRAINS
15666,Dimapur-Guwahati Express,EXP-TRAINS
15667,GANDHIDHAM - KAMAKHYA Exp,EXP-TRAINS
15668,KAMAKHYA - GANDHIDHAM Exp,EXP-TRAINS
15692,Cachar Express,EXP-TRAINS
15693,Barak Valley Express,EXP-TRAINS
15694,Barak Valley Express,EXP-TRAINS
15695,Lumding Agartala Express,EXP-TRAINS
15696,Agartala Lumding Express,EXP-TRAINS
15713,InterCity Express,EXP-TRAINS
15715,Garib Nawaz Express,EXP-TRAINS
15716,Garib Nawaz Express Slip,EXP-TRAINS
15716-Slip,Garib Nawaz Express,EXP-TRAINS
15717,Guwahati Mariani Intercity Express,EXP-TRAINS
15719,Katihar sguj InterCity Express,EXP-TRAINS
15720,Siliguri Katihar InterCity Express,EXP-TRAINS
15721,Paharia Express,EXP-TRAINS
15722,Paharia Express,EXP-TRAINS
15723,NewJalpaiguri-Darbhanga Weekly Express,EXP-TRAINS
15724,Darbhanga-NewJalpaiguri Weekly Express,EXP-TRAINS
15764,NewJalpaiguri-Balurghat Intercity Express,EXP-TRAINS
15765,New Jalpaiguri Alipur Duar Intercity Express,EXP-TRAINS
15766,Alipur Duar-New Jalpaiguri Intercity Express,EXP-TRAINS
15767,New Jalpaiguri-Alipur Duar Intercity Express,EXP-TRAINS
15768,Alipurduar Jn-New Jalpaiguri InterCity Express,EXP-TRAINS
15769,Alipurduar Lumding Express,EXP-TRAINS
15770,Lumding Alipurduar Express,EXP-TRAINS
15903,Dibrugarh-Chandigarh Weekly Express,EXP-TRAINS
15904,Chandigarh-Dibrugarh Weekly Express,EXP-TRAINS
16053,Tirupati Express,EXP-TRAINS
16054,Chennai Express,EXP-TRAINS
16057,Saptagiri Express,EXP-TRAINS
16058,Saptagiri Express,EXP-TRAINS
16093,Chennai Lucknow Express,EXP-TRAINS
16094,Lucknow Chennai Express,EXP-TRAINS
16203,Garudadri Express,EXP-TRAINS
16204,Garudadri Express,EXP-TRAINS
55201,Narkatiaganj Gorakhpur Passenger,PASS-TRAINS
15640,GUWAHATI - PURI Exp,EXP-TRAINS
15905,KANNIYAKUMARI - DIBRUGARH Vivek Exp,EXP-TRAINS
15906,DIBRUGARH - KANNIYAKUMARI Vivek Exp,EXP-TRAINS
15927,Kamakhya Dibrugarh Express,EXP-TRAINS
15928,Dibrugarh Kamakhya Express,EXP-TRAINS
15929,CHENNAI EGMORE - DIBRUGARH Weekly Exp,EXP-TRAINS
15930,DIBRUGARH - CHENNAI EGMORE Weekly Exp,EXP-TRAINS
15933,Dibrugarh-Amritsar Weekly Express,EXP-TRAINS
15934,Amritsar-DibrugarhTown Weekly Express,EXP-TRAINS
15942,DIBRUGARH - JHAJHA Exp,EXP-TRAINS
15960,DIBRUGARH - HOWRAH Kamrup Exp,EXP-TRAINS
16031,Andaman Express,EXP-TRAINS
16032,Andaman Express,EXP-TRAINS
16041,Chennai- Alapuzha Alleppey Express,EXP-TRAINS
16085,Arakkonam-Jolarpettai Express,EXP-TRAINS
16086,Arakkonam Express,EXP-TRAINS
16089,Yelagiri Express,EXP-TRAINS
16090,Yelagiri Express,EXP-TRAINS
16108,Mangalore Chennai Egmore Express,EXP-TRAINS
16115,Chennai Egmore Puducherry Express,EXP-TRAINS
16116,Puducherry Chennai Express,EXP-TRAINS
16125,CHENNAI EGMORE - JODHPUR Exp,EXP-TRAINS
16127,CHENNAI EGMORE - GURUVAYUR Exp,EXP-TRAINS
16128,GURUVAYUR - CHENNAI EGMORE Exp,EXP-TRAINS
16175,Kamban Express,EXP-TRAINS
16176,Kamban Express,EXP-TRAINS
16177,Rock Fort Express,EXP-TRAINS
16178,Rock Fort (Malai Kottai) Express,EXP-TRAINS
16179,Mannai Express,EXP-TRAINS
16180,Mannai Express,EXP-TRAINS
16201,Bangalore City-Shimoga InterCity,EXP-TRAINS
16202,Shimoga-Bangalore City InterCity,EXP-TRAINS
16205,Talaguppa Mysore Intercity Express,EXP-TRAINS
16206,Mysore - Talguppa Intercity Express,EXP-TRAINS
16209,Ajmer-Mysore Express,EXP-TRAINS
16210,Mysore-Ajmer Express,EXP-TRAINS
16215,Chamundi Express,EXP-TRAINS
16216,Chamundi Express,EXP-TRAINS
16227,Bangalore-Shimoga Express,EXP-TRAINS
16228,Shimoga-Bangalore Express,EXP-TRAINS
16231,Mayiladuturai Mysore Express,EXP-TRAINS
16232,Mysore Mayiladuturai Express,EXP-TRAINS
16302,Venad Express,EXP-TRAINS
16305,Ernakulam Kannur InterCity Express,EXP-TRAINS
16309,Ernakulam-Patna Express,EXP-TRAINS
16310,Patna - Ernakulam Express,EXP-TRAINS
16322,Tiruvananthapuram Bangalore Weekly Express,EXP-TRAINS
16323,Trivandrum Shalimar Biweekly Express,EXP-TRAINS
16326,Ahilyanagari Express,EXP-TRAINS
11271,ITARSI - BHOPAL Vindhyachal Exp,EXP-TRAINS
12809,MUMBAI CST - HOWRAH SF Mail (via NAGPUR),SF-TRAINS
14003,New Farakka-New Delhi Express,EXP-TRAINS
16221,Kaveri Express,EXP-TRAINS
16233,Mayiladuturai Tiruchirappalli Express,EXP-TRAINS
16234,Tiruchchirapalli Mayiladuturai Express,EXP-TRAINS
16301,Venad Express,EXP-TRAINS
16303,Vanchinad Express,EXP-TRAINS
16304,Vanchinad Express,EXP-TRAINS
16306,Kannur Ernakulam InterCity Express,EXP-TRAINS
16308,Executive Express,EXP-TRAINS
16313,Executive Express,EXP-TRAINS
16314,Executive Express,EXP-TRAINS
16315,BANGALORE - KOCHUVELI Exp,EXP-TRAINS
16316,KOCHUVELI - BANGALORE Exp,EXP-TRAINS
16317,Himsagar Express,EXP-TRAINS
16318,Himsagar Express,EXP-TRAINS
16318-Slip,Himsagar Express Slip,EXP-TRAINS
16324,Shalimar Tiruvananthapuram Express,EXP-TRAINS
16325,Ahilyanagari Express,EXP-TRAINS
16327,Korba Tiruvananthapuram Express,EXP-TRAINS
16328,Trivandrum-Korba Express,EXP-TRAINS
16331,MUMBAI CST - TRIVANDRUM Exp,EXP-TRAINS
16332,TRIVANDRUM - MUMBAI CST Exp,EXP-TRAINS
16333,VERAVAL - TRIVANDRUM Exp,EXP-TRAINS
16334,TRIVANDRUM - VERAVAL Exp,EXP-TRAINS
16335,GANDHIDHAM - NAGERCOIL Weekly Exp,EXP-TRAINS
16336,NAGERCOIL - GANDHIDHAM Weekly Exp,EXP-TRAINS
16337,OKHA - ERNAKULAM Exp,EXP-TRAINS
16338,ERNAKULAM - OKHA Exp,EXP-TRAINS
16339,MUMBAI CST - NAGERCOIL Exp,EXP-TRAINS
16340,NAGERCOIL - MUMBAI CST Exp,EXP-TRAINS
16341,Guruvayur-Ernakulam-Trivandrum Intercity Express,EXP-TRAINS
16342,Trivandrum-Ernakulam-Guruvayur Intercity Express,EXP-TRAINS
16343,Amrita Express,EXP-TRAINS
16344,Amrita Express,EXP-TRAINS
16347,Trivandrum Mangalore Express,EXP-TRAINS
16348,Trivandrum Express,EXP-TRAINS
16349,Trivandrum Nilambur Road Rajya Rani Express,EXP-TRAINS
16350,Nilambur Road Trivandrum Rajya Rani Express,EXP-TRAINS
16381,Mumbai CST - Kanyakumari Express,EXP-TRAINS
16382,Kanniyakumari-Mumbai CST Express,EXP-TRAINS
16517,Yeshvantapur-Kannur Express,EXP-TRAINS
16527,Yesvantpur - Kannur Express,EXP-TRAINS
16529,Udyan Express,EXP-TRAINS
16530,Udyan Express,EXP-TRAINS
16532,Garib Nawaz Express,EXP-TRAINS
16560,Yeshvantapur-Mysore Express,EXP-TRAINS
58402,Paradip Cuttack Passenger,PASS-TRAINS
14511,Allahabad-Saharanpur Nauchandi Express,EXP-TRAINS
16345,MUMBAI LTT - TRIVANDRUM Netravati Exp,EXP-TRAINS
16346,TRIVANDRUM - MUMBAI LTT Netravati Exp,EXP-TRAINS
16351,MUMBAI CST - NAGERCOIL Balaji Exp,EXP-TRAINS
16360,PATNA - ERNAKULAM Express,EXP-TRAINS
16501,Ahmedabad Bangalore Express,EXP-TRAINS
16502,Bangalore - Ahmedabad (Weekly) Express,EXP-TRAINS
16505,GANDHIDHAM - BANGALORE Exp,EXP-TRAINS
16506,BANGALORE - GANDHIDHAM Exp,EXP-TRAINS
16508,BANGALORE - BHAGAT KI KOTHI Exp,EXP-TRAINS
16516,Karwar-Yeshvantpur Express,EXP-TRAINS
16518,Kannur-Yesvantpur Express,EXP-TRAINS
16520,BANGALORE - JOLARPETTAI Exp,EXP-TRAINS
16521,Bangarpet-Bangalore Express,EXP-TRAINS
16522,Bangalore Bangarpet Express,EXP-TRAINS
16525,KANNIYAKUMARI - BANGALORE Island Exp,EXP-TRAINS
16528,Kannur - Yeshvantpur Express,EXP-TRAINS
16531,Garib Nawaz Express,EXP-TRAINS
16533,BHAGAT KI KOTHI - BANGALORE CITY Exp,EXP-TRAINS
16534,BANGALORE CITY - JODHPUR Exp,EXP-TRAINS
16535,Gol Gumbaz Express,EXP-TRAINS
16536,Gol Gumbaz Express,EXP-TRAINS
16537,Bangalore-Nagercoil Weekly Express,EXP-TRAINS
16538,Nagercoil-Bangalore Express,EXP-TRAINS
16557,Rajya Rani Express,EXP-TRAINS
16559,Mysore-Yeshvantapur Express,EXP-TRAINS
16589,Rani Chennamma Express,EXP-TRAINS
16590,Rani Chennamma Express,EXP-TRAINS
16591,Hampi Express,EXP-TRAINS
16592,Hampi Express,EXP-TRAINS
16593,Nanded-Bangalore Express,EXP-TRAINS
16594,Bangalore-Nanded Express,EXP-TRAINS
16605,Eranad Express,EXP-TRAINS
16606,Eranad Express,EXP-TRAINS
16609,Nagercoil-Coimbatore Express,EXP-TRAINS
16610,Coimbatore-Nagercoil Express,EXP-TRAINS
16612,Coimbatore Tuticorin Link Express,EXP-TRAINS
16687,Navyug Express,EXP-TRAINS
16688,Navyug Express,EXP-TRAINS
16688-Slip,Navyug Express Slip,EXP-TRAINS
16702,Rameswaram-Chennai Egmore Express,EXP-TRAINS
16713,Setu Express,EXP-TRAINS
16714,Setu Express,EXP-TRAINS
16731,Tuticorin Mysore Express,EXP-TRAINS
16735,Chendhur Express,EXP-TRAINS
16853,Cholan Express (Day Express),EXP-TRAINS
17001,Sainagar Shirdi Secunderabad Express,EXP-TRAINS
17015,Visakha Express,EXP-TRAINS
63151,Jasidih Baidyanathdham Passenger,PASS-TRAINS
15653,GUWAHATI - JAMMU TAWI Amarnath Exp,EXP-TRAINS
16603,Maveli Express,EXP-TRAINS
16604,Maveli Express,EXP-TRAINS
16611,Tuticorin Coimbatore Link Express,EXP-TRAINS
16613,RAJKOT - COIMBATORE Exp,EXP-TRAINS
16614,COIMBATORE - RAJKOT Exp,EXP-TRAINS
16628,West Coast Express,EXP-TRAINS
16629,Malabar Express,EXP-TRAINS
16630,Malabar Express,EXP-TRAINS
16649,Parasuram Express,EXP-TRAINS
16650,Parasuram Express,EXP-TRAINS
16669,Yercaud Express,EXP-TRAINS
16670,Yercaud Express,EXP-TRAINS
16724,TRIVANDRUM - CHENNAI EGMORE Anantapuri Exp,EXP-TRAINS
16732,Mysore-Tuticorin Express,EXP-TRAINS
16733,Rameswaram-Okha Express,EXP-TRAINS
16734,Okha-Rameswaram Express,EXP-TRAINS
16736,Chendhur Express,EXP-TRAINS
16779,TIRUPATI - RAMESWARAM Exp,EXP-TRAINS
16780,RAMESWARAM - TIRUPATI Exp,EXP-TRAINS
16787,TIRUNELVELI - KATRA Exp,EXP-TRAINS
16788,JAMMU ERODE - TIRUNELVELI Link Exp,EXP-TRAINS
16854,Cholan Express( Day Express),EXP-TRAINS
16861,Tiruturaipudi Karaikkudi Express,EXP-TRAINS
16862,Karaikkudi Tiruturaipudi Express,EXP-TRAINS
16865,Tea Garden Express,EXP-TRAINS
16866,Tea Garden Express,EXP-TRAINS
17003,Hyderabad-Kolhapur BiWeekly Express,EXP-TRAINS
17004,Kolhapur-Hyderabad BiWeekly Express,EXP-TRAINS
17005,HYDERABAD DECCAN - RAXAUL  Exp,EXP-TRAINS
17006,RAXAUL - HYDERABAD Deccan Exp,EXP-TRAINS
17013,Pune-Hyderabad Express,EXP-TRAINS
17014,Hyderabad-Pune Express,EXP-TRAINS
17032,Hyderabad-Mumbai Express,EXP-TRAINS
17037,SECUNDERABAD - BIKANER Express,EXP-TRAINS
17057-Slip,Mumbai -Daund Devagiri Express Slip,EXP-TRAINS
17203,Bhavnagar(T)-Kakinada Town Express,EXP-TRAINS
17204,Kakinada Town- Bhavnagar Express,EXP-TRAINS
17205,Sainagar Shirdi-Kakinada Express,EXP-TRAINS
17206,Kakinada-Sainagar Shirdi Express,EXP-TRAINS
17209,BANGALORE - KAKINADA TOWN Seshadri Exp,EXP-TRAINS
17210,KAKINADA TOWN -BANGALORE Seshadri Exp,EXP-TRAINS
17212,Machilipatnam Express,EXP-TRAINS
17213,Narasapur-Nagarsol Express,EXP-TRAINS
17229,Sabari Express,EXP-TRAINS
17230,Sabari Express,EXP-TRAINS
17304,Malgudi Express,EXP-TRAINS
17307,Basava Express,EXP-TRAINS
17309,YESVANTPUR - VASCO DA GAMA Exp,EXP-TRAINS
12073,Howrah-Bhubaneswar Jan Shatabdi Express,SHT-TRAINS
14209,Vindhyachal-Lucknow InterCity,EXP-TRAINS
15227,YESVANTPUR - MUZAFFARPUR Weekly Exp,EXP-TRAINS
16042,Alappuzha-Chennai Express,EXP-TRAINS
16307,Executive Express,EXP-TRAINS
17017,Rajkot Secunderabad Express,EXP-TRAINS
17035,Telangana Express,EXP-TRAINS
17036,Telangana Express,EXP-TRAINS
17049,Machilipatnam Secunderabad Express,EXP-TRAINS
17050,Secunderabad Machilipatnam Express,EXP-TRAINS
17057,Mumbai-Secunderabad Devagiri Expres,EXP-TRAINS
17058,Devagiri Express,EXP-TRAINS
17063,Ajanta Express,EXP-TRAINS
17064,Ajanta Express,EXP-TRAINS
17201,Golconda Express,EXP-TRAINS
17202,Golconda Express,EXP-TRAINS
17207,Sainagar Shiridi Vijayawada Express,EXP-TRAINS
17208,Vijayawada Sainagar Shirdi Express,EXP-TRAINS
17211,Machilipatnam Yeshvantapur Express,EXP-TRAINS
17214,Nagarsol Narsapur Express,EXP-TRAINS
17225,Amaravati Express,EXP-TRAINS
17226,Amaravati Express,EXP-TRAINS
17226-Slip,Amaravathi Express Slip,EXP-TRAINS
17233,Bhagyanagar Express,EXP-TRAINS
17234,Bhagyanagar Express,EXP-TRAINS
17239,Simhadri Express,EXP-TRAINS
17240,Simhadri Express,EXP-TRAINS
17241,Simhadri Link Express,EXP-TRAINS
17255,Narasapur Hyderabad Express,EXP-TRAINS
17256,Hyderabad-Narsapur Express,EXP-TRAINS
17301,Mysore Dharwad Express,EXP-TRAINS
17302,Dharwad Mysore Express,EXP-TRAINS
17303,Malgudi Express,EXP-TRAINS
17305,Hubli-H.Nizamuddin Goa Express,EXP-TRAINS
17308,Basava Express,EXP-TRAINS
17312,VASCO DA GAMA - CHENNAI CENT Exp,EXP-TRAINS
17313,CHENNAI CENT - HUBLI Weekly Exp,EXP-TRAINS
17314,HUBLI - CHENNAI CENT Weekly Exp,EXP-TRAINS
17315,VASCO DA GAMA - VELANKANNI Weekly Exp,EXP-TRAINS
17316,VELANKANNI - VASCO DA GAMA Weekly Exp,EXP-TRAINS
17403,Tirupati Narasapur Express,EXP-TRAINS
17479-Slip,Puri-Shirdi Express Slip,EXP-TRAINS
17480,Tirupati-Puri Express,EXP-TRAINS
17610,PURNA - PATNA Exp,EXP-TRAINS
17643,Circar Express,EXP-TRAINS
17644,Circar Express,EXP-TRAINS
18002,Kandari Express,EXP-TRAINS
18207,Durg Jaipur Express,EXP-TRAINS
56261,ARAKKONAM - BANGALORE Passenger,PASS-TRAINS
12175,Chambal Express,SF-TRAINS
12574,Howrah-SainagarShirdi Express,SF-TRAINS
12713,Satavahana Express,SF-TRAINS
17401,Tirupati-Machilipatnam Express,EXP-TRAINS
17402,Machilipatanam-Tirupati Express,EXP-TRAINS
17404,Narasapur Tirupati Link Express,EXP-TRAINS
17405,Krishna Express,EXP-TRAINS
17406,Krishna Express,EXP-TRAINS
17415,Haripriya Express,EXP-TRAINS
17416,Haripriya Express,EXP-TRAINS
17429,Rayalaseema Express,EXP-TRAINS
17430,Rayalaseema Express,EXP-TRAINS
17479,Puri-Tirupati Express,EXP-TRAINS
17481,Bilaspur-Tirupati Express,EXP-TRAINS
17482,Tirupati-Bilaspur Express,EXP-TRAINS
17487,Tirumala Express,EXP-TRAINS
17603,Prasanti Nilayam Express,EXP-TRAINS
17607,Tungabhadra Express,EXP-TRAINS
17608,Tungabhadra Express,EXP-TRAINS
17613,Pune Nanded Exp,EXP-TRAINS
17614,Nanded Pune Express,EXP-TRAINS
17617,Tapovan Express,EXP-TRAINS
17618,Tapovan Express,EXP-TRAINS
17687,Manmad-Dharmabad Composite Express,EXP-TRAINS
17688,Dharmabad-Manmad Composit Express,EXP-TRAINS
18003,Jhargram Purulia Express,EXP-TRAINS
18004,Purulia Jhargram Express,EXP-TRAINS
18007,Shalimar-Baripada Express,EXP-TRAINS
18008,Baripada-Shalimar Express,EXP-TRAINS
18048,VASCO-DA-GAMA - HOWRAH Amaravati Exp,EXP-TRAINS
18102,Jammu-Rourkela Express,EXP-TRAINS
18105,Rourkela-Bhubaneswar InterCity,EXP-TRAINS
18106,Bhubaneswar-Rourkela InterCity,EXP-TRAINS
18108,KORAPUT - ROURKELA Exp,EXP-TRAINS
18190,Allapuzha Dhanbad Slip Express,EXP-TRAINS
18191,Utsarg Express,EXP-TRAINS
18192,Utsarg Express,EXP-TRAINS
18201,Durg-Nautanwa (via Varanasi)Express,EXP-TRAINS
18205,Durg -Nautanwa Express,EXP-TRAINS
18208,Jaipur Durg Express,EXP-TRAINS
18209,Dalli Rajhara Raipur Express,EXP-TRAINS
18236,Bilaspur Express Cum Passenger,PASS-TRAINS
18239,Gerva Road-Nagpur Express,EXP-TRAINS
18240,Nagpur Bilaspur Express,EXP-TRAINS
18241,Durg Ambikapur Express,EXP-TRAINS
18241-Slip,Durg Ambikapur Express Slip,EXP-TRAINS
18301,Rayagada Express,EXP-TRAINS
52179,Dhaulpur Sirmuttra Passenger,PASS-TRAINS
56014,Vellore Cantt-Arakkonam Passenger,PASS-TRAINS
12380,Amritsar - Sealdah Superfast Express,SF-TRAINS
12663,Howrah-Tiruchirappalli Express,SF-TRAINS
14260,LUCKNOW CHARBAGH - MUGHAL SARAI Ekatmata Exp,EXP-TRAINS
15901,BENGALURU - NEW TINSUKIA Weekly Exp,EXP-TRAINS
16312,KOCHUVELI - BIKANER Express,EXP-TRAINS
16515,Yesvantpur - Karwar Express,EXP-TRAINS
17038,BIKANER - SECUNDERABAD Express,EXP-TRAINS
17310,VASCO DA GAMA - YESVANTPUR Exp,EXP-TRAINS
17609,PATNA - PURNA Exp,EXP-TRAINS
18029,MUMBAI LTT [Kurla] - KOLKATA SALIMAR Exp,EXP-TRAINS
18048-Slip,Amaravati Express,EXP-TRAINS
18101,Tatanagar Jammu Tawi Express,EXP-TRAINS
18102-Slip,Jammu-Tata Muri Express Slip,EXP-TRAINS
18103,Jallianwalabagh Express,EXP-TRAINS
18181,Tata-Chapra Express,EXP-TRAINS
18181-Slip,Tata-Chapra Express Slip,EXP-TRAINS
18182,Chhapra-Tata Express,EXP-TRAINS
18183,Tata-Danapur Express,EXP-TRAINS
18184,Danapur-Tatanagar Express,EXP-TRAINS
18189,Tatanagar- Alappuzha (Alleppey) Express,EXP-TRAINS
18202,Nautanwa-Durg Nautanwa Express,EXP-TRAINS
18203,Betwa Express,EXP-TRAINS
18204,Betwa Express,EXP-TRAINS
18206,Nautanwa-Durg Express,EXP-TRAINS
18233,INDORE - BILASPUR Narmada Exp,EXP-TRAINS
18234,BILASPUR - INDORE Narmada Exp,EXP-TRAINS
18237,Chhattisgarh Express,EXP-TRAINS
18238,Chhattisgarh Express,EXP-TRAINS
18238-Slip,Chhattisgarh Express Slip,EXP-TRAINS
18242,Ambikapur Durg Express Cum Passenger,PASS-TRAINS
18302-Slip,Sambalpur Express Slip,EXP-TRAINS
18401,Puri - Okha (Weekly) Express,EXP-TRAINS
18410,Sri Jagannath Express,EXP-TRAINS
18417,Jharsuguda-Bhubaneswar Rajya Rani Express,EXP-TRAINS
18418,Bhubaneswar-Jharsuguda Rajya Rani Express,EXP-TRAINS
18447,Hirakhand Express,EXP-TRAINS
18447-Slip,Hirakhand Express Slip,EXP-TRAINS
18448,Hirakhand Express,EXP-TRAINS
18449,Baidyanathdham Express,EXP-TRAINS
18450,Baidyanathdham Express,EXP-TRAINS
18452,PURI - HATIA Tapaswini Exp,EXP-TRAINS
18463,Prasanti Express,EXP-TRAINS
18464,Prasanti Express,EXP-TRAINS
18495,Rameswaram-Bhubaneswar Express,EXP-TRAINS
18496,Bhubaneswar-Rameswaram Weekly Express,EXP-TRAINS
18602,Jammu Tawi-Rourkela Express,EXP-TRAINS
18604,Bhagalpur Ranchi Express,EXP-TRAINS
18605,Ranchi-Jaynagar Express,EXP-TRAINS
12610,BANGALORE - CHENNAI CENT SF Intercity Exp,SF-TRAINS
13303,Dhanbad Ranchi InterCity Express,EXP-TRAINS
16526,BANGALORE - KANNIYAKUMARI Island Exp,EXP-TRAINS
18210,Raipur Dalli Rajhara Express,EXP-TRAINS
18309,Nagavali Express,EXP-TRAINS
18402,Okha Puri Weekly Express,EXP-TRAINS
18405,PURI - AHMEDABAD Exp,EXP-TRAINS
18406,AHMEDABAD - PURI Exp,EXP-TRAINS
18413,Paradip Puri InterCity Express,EXP-TRAINS
18414,Puri Paradip InterCity Express,EXP-TRAINS
18415,Banspani-Puri InterCity,EXP-TRAINS
18416,Puri-Banspani InterCity,EXP-TRAINS
18419,Puri-Darbhanga Weekly Express,EXP-TRAINS
18420,Darbhanga-Puri Weekly Express,EXP-TRAINS
18425,PURI - DURG Exp,EXP-TRAINS
18426,DURG - PURI Exp,EXP-TRAINS
18452-Slip,Tapaswini Express Slip,EXP-TRAINS
18473,PURI - JODHPUR Express,EXP-TRAINS
18477,Utkal Express,EXP-TRAINS
18478,Utkal Express,EXP-TRAINS
18507,VISAKHAPATNAM - AMRITSAR Hirakud Exp,EXP-TRAINS
18509,Visakhapatnam-Nanded Express,EXP-TRAINS
18510,Nanded-Visakhapatnam Express,EXP-TRAINS
18517,Korba Visakhapatnam Express,EXP-TRAINS
18518,Visakhapatnam-Korba Express,EXP-TRAINS
18601,Rourkela-JammuTawi Express,EXP-TRAINS
18603,Ranchi-Bhagalpur Tri-Weekly Express,EXP-TRAINS
18606,Jaynagar-Ranchi Express,EXP-TRAINS
18617,Howrah-Ranchi Intercity,EXP-TRAINS
18621,Patliputra Express,EXP-TRAINS
18624,Hatia-Rajendranagar Express,EXP-TRAINS
18625,Patna-Hatia Super Express,EXP-TRAINS
18626,Hatia-Patna Super Express,EXP-TRAINS
18627,Howrah-Ranchi InterCity Express,EXP-TRAINS
18628,Ranchi-Howrah InterCity Express,EXP-TRAINS
18646,East Coast Express,EXP-TRAINS
19005,Saurashtra Mail,EXP-TRAINS
19005-Slip,Saurashtra Mail,EXP-TRAINS
19006,Saurashtra Mail,EXP-TRAINS
19017,Saurashtra Janata Express,EXP-TRAINS
19039,Awadh Express,EXP-TRAINS
19040,Awadh Express,EXP-TRAINS
19049,MUMBAI BANDRA T - PATNA Exp,EXP-TRAINS
19050,PATNA - MUMBAI BANDRA T Exp,EXP-TRAINS
19051,VALSAD - MUZAFFARPUR Shramik Exp,EXP-TRAINS
19052,MUZAFFARPUR - VALSAD Shramik Exp,EXP-TRAINS
19053,SURAT - MUZAFFARPUR Exp,EXP-TRAINS
19054,MUZAFFARPUR - SURAT Exp,EXP-TRAINS
56523,KSR BENGALURU CITY - HINDUPUR Passenger,PASS-TRAINS
12904,Golden Temple Mail,SF-TRAINS
13006,Amritsar Howrah Mail,EXP-TRAINS
18609,RANCHI - MUMBAI LTT Exp,EXP-TRAINS
18610,MUMBAI LTT - RANCHI Exp,EXP-TRAINS
18611,Ranchi-Varanasi Express,EXP-TRAINS
18613,Ranchi Chopan Express,EXP-TRAINS
18614,Chopan Ranchi Express,EXP-TRAINS
18615,HOWRAH - HATIA Kriya Yoga Express,EXP-TRAINS
18622,Patliputra Express,EXP-TRAINS
18623,Patna Rajendra Nagar-Hatia Express,EXP-TRAINS
18623-Slip,Hatia Express Slip,EXP-TRAINS
18631,Ranchi Garib Nawaz Express,EXP-TRAINS
18632,Garib Nawaz Express,EXP-TRAINS
19011,Gujarat Express,EXP-TRAINS
19012,Gujarat Express,EXP-TRAINS
19018,Saurashtra Janata Express,EXP-TRAINS
19019,Bandra T - Dehradun Express,EXP-TRAINS
19020,Dehradun - Bandra Terminus Express,EXP-TRAINS
19023,Mumbai Firozpur Janata Express,EXP-TRAINS
19024,Firozpur Mumbai Janata Express,EXP-TRAINS
19025-Slip,Surat Bhavnagar Express Slip Slip,EXP-TRAINS
19026,Bhavnagar Surat (Slip) Express,EXP-TRAINS
19037,Awadh Express,EXP-TRAINS
19038,Awadh Express,EXP-TRAINS
19048,BHAGALPUR - SURAT Tapti Ganga Exp,EXP-TRAINS
19059,Surat-Jamnagar InterCity Express,EXP-TRAINS
19060,Jamnagar-Surat InterCity Express,EXP-TRAINS
19113,Bhilad Vadodara Express,EXP-TRAINS
19114,Vadodara Bhilad Express,EXP-TRAINS
19116,BHUJ - MUMBAI BANDRA Sayaji Nagari Exp,EXP-TRAINS
19132,BHUJ - MUMBAI BANDRA Kutch Exp,EXP-TRAINS
19151,PALANPUR - GANDHIDHAM Exp,EXP-TRAINS
19152,GANDHIDHAM - PALANPUR Exp,EXP-TRAINS
19215,Saurashtra Express,EXP-TRAINS
19216,Saurashtra Express,EXP-TRAINS
19223,AHMEDABAD - JAMMU TAWI Exp,EXP-TRAINS
19224,JAMMU TAWI - AHMEDABAD Exp,EXP-TRAINS
19225,Bhatinda Jammu Tawi Express,EXP-TRAINS
19226,Jammu Tawi Bhatinda Express,EXP-TRAINS
19259,KOCHUVELI - BHAVNAGAR Exp,EXP-TRAINS
19260,BHAVNAGAR - KOCHUVELI Exp,EXP-TRAINS
19263,Porbandar-Delhi Sarai Rohilla (Biweekly) Express,EXP-TRAINS
19264,Delhi SaraiRohilla-Porbandar Express,EXP-TRAINS
19269,Porbandar Muzaffarpur Express,EXP-TRAINS
19270,Muzaffarpur-Porbandar Express,EXP-TRAINS
19305,Shipra Express,EXP-TRAINS
19309,Shanti Express,EXP-TRAINS
19310,Shanti Express,EXP-TRAINS
19313,Indore-Patna Express,EXP-TRAINS
14604,AMRITSAR - SAHARSA Jan Sadharan Exp,EXP-TRAINS
15708,Amrapali Express,EXP-TRAINS
18451,HATIA - PURI Tapaswini Exp,EXP-TRAINS
19105,Ahmedabad-Haridwar Mail,EXP-TRAINS
19107,Ahmedabad-Udhampur Janmabhoomi Express,EXP-TRAINS
19108,Udhampur-Ahmedabad Janmabhoomi Express,EXP-TRAINS
19109,Gujarat Queen Express,EXP-TRAINS
19110,Gujarat Queen Express,EXP-TRAINS
19119,Ahmedabad Somnath Intercity Express,EXP-TRAINS
19120,Somnath Ahmedabad Intercity Express,EXP-TRAINS
19129,Baroda Ahmedabad Express,EXP-TRAINS
19130,Ahmedabad Baroda Express,EXP-TRAINS
19143,Lokshakti Express,EXP-TRAINS
19144,Lokshakti Express,EXP-TRAINS
19165,Sabarmati Express,EXP-TRAINS
19166,Sabarmati Express,EXP-TRAINS
19167,Sabarmati Express,EXP-TRAINS
19168,Sabarmati Express,EXP-TRAINS
19221,Ahmedabad-Veraval Somnath Express,EXP-TRAINS
19222,Veraval-Ahmedabad Somnath Express,EXP-TRAINS
19311,Pune Indore Express,EXP-TRAINS
19312,Indore Pune Express,EXP-TRAINS
19314,Patna Indore Express,EXP-TRAINS
19322,Patna-Indore Express,EXP-TRAINS
19323,Indore Habibganj InterCity Express,EXP-TRAINS
19565,Uttaranchal Express,EXP-TRAINS
19566,Uttranchal Express,EXP-TRAINS
19571,Rajkot-Porbandar Express,EXP-TRAINS
19572,Porbandar-Rajkot Express,EXP-TRAINS
19601,Ajmer New Jalpaiguri Weekly Express,EXP-TRAINS
19602,New Jalpaiguri Ajmer Weekly Express,EXP-TRAINS
19603,Ajmer-Sultanpur Weekly Express,EXP-TRAINS
19604,Sultanpur Ajmer Express,EXP-TRAINS
19657,Indore Jn - Udaipur Express,EXP-TRAINS
19658,Udaipur Indore Express,EXP-TRAINS
19707,Aravalli Express,EXP-TRAINS
19708,Aravalli Express,EXP-TRAINS
19709,JAIPUR - KAMAKHYA Kavi Guru Exp,EXP-TRAINS
19710,KAMAKHYA - JAIPUR Kavi Guru Exp,EXP-TRAINS
19711,Jaipur-Bhopal Express,EXP-TRAINS
19712,Bhopal Jaipur Express,EXP-TRAINS
19735,Intercity Express,EXP-TRAINS
19771,Jaipur - Amritsar Express,EXP-TRAINS
19781,Jaipur-Amritsar Express,EXP-TRAINS
19801,Kota-Indore Intercity Express,EXP-TRAINS
19802,Indore-Kota InterCity Express,EXP-TRAINS
19943,UDAIPUR - AHMEDABAD Exp,EXP-TRAINS
19944,AHMEDABAD - UDAIPUR Exp,EXP-TRAINS
22112,Nagpur-Bhusaval SF Express,SF-TRAINS
12946,MAHUVA - SURAT SF Exp,SF-TRAINS
18104,Jallianwalabagh Express,EXP-TRAINS
18302,Sambalpur Express,EXP-TRAINS
18303,SAMBALPUR - PURI Intercity Exp,EXP-TRAINS
19324,Habibganj Indore InterCity Express,EXP-TRAINS
19325,Indore Amritsar (Weekly) Express,EXP-TRAINS
19326,Amritsar Indore Express,EXP-TRAINS
19327,Ratlam Chittaurgarh Express,EXP-TRAINS
19328,Chittaurgarh Ratlam Express,EXP-TRAINS
19567,TUTICORIN - OKHA Exp,EXP-TRAINS
19568,OKHA - TUTICORIN Exp,EXP-TRAINS
19569,Okha Varanasi Express,EXP-TRAINS
19570,Varanasi Okha Weekly Express,EXP-TRAINS
19653,Ratlam-Ajmer Express,EXP-TRAINS
19654,Ajmer-Ratlam Express,EXP-TRAINS
19736,Loharu-Jaipur Intercity Express,EXP-TRAINS
19772,Amritsar - Jaipur Express,EXP-TRAINS
19782,Amritsar-Jaipur Express,EXP-TRAINS
19911,Mahesana Ahmedabad InterCity Express,EXP-TRAINS
19915,Mahesana Ahmedabad InterCity,EXP-TRAINS
21028,Solapur-Gondia Slip Exp.,EXP-TRAINS
21107,Khajuraho-Varanasi Bundelkhand Link Express,EXP-TRAINS
21108,Bundelkhand Link Express,EXP-TRAINS
21125,Indore Bhind Express,EXP-TRAINS
21126,Bhind Indore Express,EXP-TRAINS
22131,PUNE - MANDUADIH Gyan Ganga Exp,SF-TRAINS
22132,MANDUADIH - PUNE Gyan Ganga Exp,SF-TRAINS
22162,Damoh Bhopal Rajya Rani Express,EXP-TRAINS
22410,Anand ViharT Delhi-Sasaram GaribRath Express,GRB-TRAINS
22424,New Delhi-Guwahati Rajdhani Express,RAJ-TRAINS
22463,Rajasthan Sampark Kranti Express,SF-TRAINS
22471,Bikaner - Delhi Sarai Rohilla SF Intercity Express,SF-TRAINS
22472,Delhi Sarai Rohilla - Bikaner SF Intercity Express,SF-TRAINS
22601,CHENNAI CENT - SAINAGAR SHIRDI SF Exp,SF-TRAINS
22608,BANGALORE - ERNAKULAM Weekly SF Exp,SF-TRAINS
22681,MYSORE - CHENNAI Weekly SF Exp,SF-TRAINS
22682,CHENNAI - MYSORE Weekly SF Exp,SF-TRAINS
22811,Bhubaneshwar-New Delhi Rajdhani Express,RAJ-TRAINS
22812,New Delhi-Bhubaneswar Rajdhani Express,RAJ-TRAINS
22835,Shalimar-Puri Express,SF-TRAINS
22836,Puri-Shalimar weekly superfast express,SF-TRAINS
22845,PUNE - HATIA SF Exp,SF-TRAINS
22846,HATIA - PUNE SF Exp,SF-TRAINS
22855,Santragachi-Tirupati Superfast Express,SF-TRAINS
22856,TirupatiSantragachi Superfast Express,SF-TRAINS
22905,Okha Howrah Triweekly SF Express,SF-TRAINS
58126,Sambalpur Jharsuguda Passenger,PASS-TRAINS
18310,Nagavali Express,EXP-TRAINS
22403,Puducherry-New Delhi SF Express,SF-TRAINS
22405,Bhagalpur - Delhi AnandVihar T. Garib Rath Express,GRB-TRAINS
22407,Varanasi-Delhi Anand Vihar Terminus Garib Rath,GRB-TRAINS
22408,Delhi Anand Vihar Terminus-Varanasi Garib Rath,GRB-TRAINS
22409,Sasaram-Anand ViharT Delhi GariRath Express,EXP-TRAINS
22423,Guwahati-New Delhi Rajdhani Express,RAJ-TRAINS
22447,Khajuraho Nizamuddin Express,SF-TRAINS
22481,Jodhpur-Delhi Sarai Rohilla Express,SF-TRAINS
22482,Delhi Sarai Rohilla-Jodhpur Express,SF-TRAINS
22609,Mangalore - Palghat Intercity Express,SF-TRAINS
22610,Palghat Mangalore Intercity,EXP-TRAINS
22688,Chandigarh Chennai Express,SF-TRAINS
22815,Bilaspur-Ernakulam Express,SF-TRAINS
22816,Ernakulam-Bilaspur Express,SF-TRAINS
22853,Kolkata Shalimar-Visakhapatnam Superfast express,SF-TRAINS
22854,Visakhapatnam-Shalimar Express,SF-TRAINS
22861,Rajya Rani Express,SF-TRAINS
22862,Rajya Rani Express,SF-TRAINS
22926,Paschim Express,SF-TRAINS
22996,Ajmer Bandra SF Express,SF-TRAINS
23112,Giridih Kolkata Express,EXP-TRAINS
23142,Teesta Torsa Express,EXP-TRAINS
23154,Gour Express,EXP-TRAINS
24033,Jammu Mail,EXP-TRAINS
24034,Jammu Mail,EXP-TRAINS
24042,KOTDWAR - NAJIBABAD Mussoorie Exp,EXP-TRAINS
24887,Haridwar-Barmer Link Express,EXP-TRAINS
24888,Barmer-Haridwar Link Express,EXP-TRAINS
25014,Corbett Park Link Express,EXP-TRAINS
25036,Ramnagar Delhi Link Express,EXP-TRAINS
25202,Narkatiaganj Sugauli InterCity Link Express,EXP-TRAINS
25610,Jivachh Link Express,EXP-TRAINS
25715,Radhikapur Delhi Link Express,EXP-TRAINS
28242,Chirmiri Durg Express Cum Pass,PASS-TRAINS
28624,Barkakana Rajendranagar Slip Express,EXP-TRAINS
29019,Nimach Kota Link Exp,EXP-TRAINS
29020,Dehradun Express Slip,EXP-TRAINS
30145,BBD Bag-Krishnanagar Local,EXP-TRAINS
31393,Sealdah-Kalyani Local,EXP-TRAINS
31511,Sealdah-Shantipur Local,EXP-TRAINS
31581,Sealdah-Shantipur-Krishnanagar City Local,EXP-TRAINS
31801,Sealdah KNJ Ladies Special,EXP-TRAINS
31921,SDAH GEDE LOCAL,EXP-TRAINS
31923,SDAH GEDE LOCAL,EXP-TRAINS
31925,SDAH GEDE LOCAL,EXP-TRAINS
31927,Sealdah Gede EMU,PASS-TRAINS
31929,Sealdah-Gede Local,EXP-TRAINS
15657,KOLKATA SEALDAH - GUWAHATI KanchanJungha Exp,EXP-TRAINS
23010,Doon Express,EXP-TRAINS
23111,Danapur Express,EXP-TRAINS
23225,InterCity Link Express,EXP-TRAINS
23226,InterCity Link Express,EXP-TRAINS
23347,Palamu Express,EXP-TRAINS
23348,Palamau Express (Slip),EXP-TRAINS
24227,Varuna Express,EXP-TRAINS
24228,Varuna Express,EXP-TRAINS
24369,Triveni Express,EXP-TRAINS
24370,Triveni Express,EXP-TRAINS
24370-Slip,Triveni Express Slip,EXP-TRAINS
25716,Garib Nawaz Express,EXP-TRAINS
28181,Barauni-Katihar Slip Express,EXP-TRAINS
28182,Katihar-Tatanagar Link Express,EXP-TRAINS
29059,Hapa InterCity Express,EXP-TRAINS
29060,Surat InterCity Express,EXP-TRAINS
31922,GEDE SDAH LOCAL,EXP-TRAINS
31924,GEDE SDAH LOCAL,EXP-TRAINS
31926,GEDE SDAH LOCAL,EXP-TRAINS
31930,GEDE SDAH LOCAL,EXP-TRAINS
32249,Sealdah-Dankuni Local,EXP-TRAINS
33512,Hasanabad Sealdah EMU,PASS-TRAINS
33533,Sealdah-Hasnabad Local,EXP-TRAINS
34166,Sealdah-Budge Budge Local,EXP-TRAINS
34431,Sonarpur Sealdah Local,EXP-TRAINS
34434,Sealdah-Sonarpur Local,EXP-TRAINS
34502,Sealdah Canning ladies special EMU,PASS-TRAINS
34554,Sealdah-Canning Local,EXP-TRAINS
34557,Canning Sealdah Local,EXP-TRAINS
34793,Namkhana Sealdah Local,EXP-TRAINS
34794,Sealdah-Namkhana Local,EXP-TRAINS
34857,Diamond Harbour Sealdah Local,EXP-TRAINS
34858,Sealdah-Diamond Harbour Local,EXP-TRAINS
37397,Howrah-Singur Local,EXP-TRAINS
37657,Howrah-Memari Local,EXP-TRAINS
37658,Memari Howrah Local,EXP-TRAINS
37857,Howrah-Barddhaman Non-Stop Local,EXP-TRAINS
38401,Howrah Panskura EMU,PASS-TRAINS
38403,Howrah Panskura EMU,PASS-TRAINS
38405,Howrah Panskura EMU,PASS-TRAINS
38411,Howrah Panskura EMU,PASS-TRAINS
38413,Howrah Panskura EMU,PASS-TRAINS
38417,Howrah Panskura EMU,PASS-TRAINS
38419,Howrah Panskura EMU,PASS-TRAINS
38423,Howrah Panskura EMU,PASS-TRAINS
38429,Howrah Panskura EMU,PASS-TRAINS
38433,Howrah Panskura EMU,PASS-TRAINS
38443,Howrah Panskura EMU,PASS-TRAINS
58124,Jharsuguda Sambalpur Passenger,PASS-TRAINS
18304,PURI - SAMBALPUR Intercity Exp,EXP-TRAINS
18312,VARANASI - SAMBALPUR Exp,EXP-TRAINS
37356,Tarakeswar Howrah Local,EXP-TRAINS
37398,Singur Howrah Local,EXP-TRAINS
38416,Panskura Howrah EMU,PASS-TRAINS
38418,Panskura Howrah EMU,PASS-TRAINS
38420,Panskura Howrah EMU,PASS-TRAINS
38424,Panskura Howrah EMU,PASS-TRAINS
38428,Panskura Howrah EMU,PASS-TRAINS
38434,Panskura Howrah EMU,PASS-TRAINS
38435,Howrah Panskura EMU,PASS-TRAINS
38439,Howrah Panskura EMU,PASS-TRAINS
38441,Howrah Panskura EMU,PASS-TRAINS
38444,Panskura Howrah EMU,PASS-TRAINS
38445,Howrah Panskura EMU,PASS-TRAINS
38448,Panskura Howrah EMU,PASS-TRAINS
38449,Howrah Panskura EMU,PASS-TRAINS
38450,Panskura Howrah EMU,PASS-TRAINS
38453,Howrah Panskura EMU,PASS-TRAINS
38455,Howrah Panskura EMU,PASS-TRAINS
38457,Howrah Panskura EMU,PASS-TRAINS
38463,Howrah Panskura EMU,PASS-TRAINS
38464,Panskura Howrah EMU,PASS-TRAINS
38467,Howrah Panskura EMU,PASS-TRAINS
38469,Howrah Panskura EMU,PASS-TRAINS
38633,Howrah Kharagpur Ladies Special,EXP-TRAINS
38821,Howrah-Kolaghat EMU,PASS-TRAINS
38846,Kolaghat-Howrah EMU,PASS-TRAINS
40021,Chennai Beach PallavaramEMU,PASS-TRAINS
40023,Chennai Beach St. Thomas Mount Fast EMU,PASS-TRAINS
40501,Chennai Beach Chengulpet EMU,PASS-TRAINS
40503,Chennai Beach Chengulpet EMU,PASS-TRAINS
40505,Chennai Beach Chengulpet EMU(12 car),PASS-TRAINS
40507,Chennai Beach Chengulpet EMU,PASS-TRAINS
40509,Chennai Beach Chengulpet EMU,PASS-TRAINS
40511,Chennai Beach Chengulpet EMU,PASS-TRAINS
40513,Chennai Beach Chengulpet EMU(12 car),PASS-TRAINS
54056,Delhi Moradabad Passenger,PASS-TRAINS
54305,Moradabad Hapur Passenger,PASS-TRAINS
54307,Moradabad Delhi Passenger,PASS-TRAINS
54314,Moradabad Chandausi Passenger,PASS-TRAINS
54315,Moradabad Sahranpur Passenger,PASS-TRAINS
54395,MORADABAD -  NAJIBABAD  PASSENGER,PASS-TRAINS
54398,Moradabad Sambahal Hatim Sarai Pass,PASS-TRAINS
55311,MORADABAD - KASHIPUR PASSENGER,PASS-TRAINS
55323,MORADABAD - RAMNAGAR PASSENGER,PASS-TRAINS
58127,Jharsuguda Sambalpur Passenger,PASS-TRAINS
58135,Jharsuguda Sambalpur Passenger,PASS-TRAINS
58137,Jharsuguda Sambalpur Passenger,PASS-TRAINS
12288,DEHRADUN - KOCHUVELI SF Express,SF-TRAINS
12665,HOWRAH - KANNIYAKUMARI SF Exp,SF-TRAINS
12778,TRIVANDRUM KOCHUVELI - HUBLI SF Exp,SF-TRAINS
14707,BIKANER - MUMBAI BANDRA Ranakpur Exp,EXP-TRAINS
16352,NAGERCOIL - MUMBAI CST Balaji Exp,EXP-TRAINS
16723,CHENNAI EGMORE - TRIVANDRUM Anantapuri Exp,EXP-TRAINS
38468,Panskura Howrah EMU,PASS-TRAINS
38470,Panskura Howrah EMU,PASS-TRAINS
40515,Chennai Beach Chengulpet EMU,PASS-TRAINS
40517,Chennai Beach Chengulpet EMU(12 car),PASS-TRAINS
40519,Chennai Beach Chengulpet EMU,PASS-TRAINS
40701,Chennai Beach Tirumalpur EMU,PASS-TRAINS
40705,Chennai Beach Tirumalpur local,EXP-TRAINS
40707,Chennai Beach Tirumalpur Fast EMU,PASS-TRAINS
40711,Chennai Beach Tirumalpur Semi Fast EMU,PASS-TRAINS
41001,Chennai Beach Velachery EMU,PASS-TRAINS
41003,Chennai Beach Velachery EMU,PASS-TRAINS
41005,Chennai Beach Velachery EMU,PASS-TRAINS
41007,Chennai Beach Velachery EMU,PASS-TRAINS
41009,Chennai Beach Velachery EMU,PASS-TRAINS
41011,Chennai Beach Velachery EMU,PASS-TRAINS
41013,Chennai Beach Velachery EMU,PASS-TRAINS
41015,Chennai Beach Velachery EMU,PASS-TRAINS
41017,Chennai Beach Velachery EMU,PASS-TRAINS
41019,Chennai Beach Velachery EMU,PASS-TRAINS
41023,Chennai Beach Velachery EMU,PASS-TRAINS
41025,Chennai Beach Velachery EMU,PASS-TRAINS
41027,Chennai Beach Velachery EMU,PASS-TRAINS
41029,Chennai Beach Velachery EMU,PASS-TRAINS
41031,Chennai Beach Velachery EMU,PASS-TRAINS
41033,Chennai Beach Velachery EMU,PASS-TRAINS
41035,Chennai Beach Velachery EMU,PASS-TRAINS
41037,Chennai Beach Velachery EMU,PASS-TRAINS
41039,Chennai Beach Velachery EMU,PASS-TRAINS
41041,Chennai Beach Velachery EMU,PASS-TRAINS
41043,Chennai Beach Velachery EMU,PASS-TRAINS
41045,Chennai Beach Velachery EMU,PASS-TRAINS
41047,Chennai Beach Velachery EMU,PASS-TRAINS
41049,Chennai Beach Velachery EMU,PASS-TRAINS
41051,Chennai Beach Velachery EMU,PASS-TRAINS
41053,Chennai Beach Velachery EMU,PASS-TRAINS
41055,Chennai Beach Velachery EMU,PASS-TRAINS
55303,MORADABAD - KATHGODAM Pass,PASS-TRAINS
55305,MORADABAD - RAMNAGAR Fast Passenger,PASS-TRAINS
55307,MORADABAD - RAMNAGAR PASSENGER,PASS-TRAINS
55309,MORADABAD  - RAMNAGAR PASSENGER,PASS-TRAINS
55321,MORADABAD  - RAMNAGAR PASSENGER,PASS-TRAINS
40516,Chengulpet Chennai Beach Semi Fast EMU (12 Car),PASS-TRAINS
40518,Chengulpet Chennai Beach Semi Fast EMU (12 Car),PASS-TRAINS
40520,Chengulpet Chennai Beach Semi Fast EMU (12 Car),PASS-TRAINS
40521,Chennai Beach Chengulpet EMU,PASS-TRAINS
40522,Chengulpet Chennai Beach Semi Fast EMU (12 Car),PASS-TRAINS
40523,Chennai Beach Chengulpet EMU,PASS-TRAINS
40524,Chengulpet Chennai Beach EMU,PASS-TRAINS
40526,Chengulpet Chennai Beach Fast EMU,PASS-TRAINS
40601,Chennai Beach Chengulpet EMU,PASS-TRAINS
40704,Tirumalpur Chennai Beach Fast EMU,PASS-TRAINS
40706,Tirumalpur Chennai Beach Fast EMU,PASS-TRAINS
41059,Chennai Beach Velachery EMU,PASS-TRAINS
41063,Chennai Beach Velachery EMU,PASS-TRAINS
41067,Chennai Beach Velachery EMU,PASS-TRAINS
41069,Chennai Beach Velachery EMU,PASS-TRAINS
41071,Chennai Beach Velachery EMU,PASS-TRAINS
41073,Chennai Beach Velachery EMU,PASS-TRAINS
41075,Chennai Beach Velachery EMU,PASS-TRAINS
41077,Chennai Beach Velachery EMU,PASS-TRAINS
41079,Chennai Beach Velachery EMU,PASS-TRAINS
41081,Chennai Beach Velachery EMU,PASS-TRAINS
41083,Chennai Beach Velachery EMU,PASS-TRAINS
41085,Chennai Beach Velachery EMU,PASS-TRAINS
41087,Chennai Beach Velachery EMU,PASS-TRAINS
41089,Chennai Beach Velachery EMU,PASS-TRAINS
41091,Chennai Beach Velachery EMU,PASS-TRAINS
41093,Chennai Beach Velachery EMU,PASS-TRAINS
41095,Chennai Beach Velachery EMU,PASS-TRAINS
41097,Chennai Beach Velachery EMU,PASS-TRAINS
41099,Chennai Beach Velachery EMU,PASS-TRAINS
41101,Chennai Beach Velachery EMU,PASS-TRAINS
41103,Chennai Beach Velachery EMU,PASS-TRAINS
41105,Chennai Beach Velachery EMU,PASS-TRAINS
41107,Chennai Beach Velachery EMU,PASS-TRAINS
41109,Chennai Beach Velachery EMU,PASS-TRAINS
41111,Chennai Beach Velachery EMU,PASS-TRAINS
41113,Chennai Beach Velachery EMU,PASS-TRAINS
41115,Chennai Beach Velachery EMU,PASS-TRAINS
41117,Chennai Beach Velachery EMU,PASS-TRAINS
41119,Chennai Beach Velachery EMU,PASS-TRAINS
41121,Chennai Beach Velachery EMU,PASS-TRAINS
41123,Chennai Beach Velachery EMU,PASS-TRAINS
42404,Spe-Mas Emu Local,PASS-TRAINS
42406,Spe-Mas Emu Local,PASS-TRAINS
42408,Sullurpetta Chennai Central EMU,PASS-TRAINS
52941,GANDHIGRAM - SBI-BTD PASSENGER,PASS-TRAINS
54308,Delhi Moradabad Passenger,PASS-TRAINS
41064,VLCY MSB LOCAL,EXP-TRAINS
41066,Velachery Chennai Local,EXP-TRAINS
41112,Velachery Chennai Beach Passenger,PASS-TRAINS
41125,Chennai Beach Velachery EMU,PASS-TRAINS
41127,Chennai Beach Velachery EMU,PASS-TRAINS
41129,Chennai Beach Velachery EMU,PASS-TRAINS
41131,Chennai Beach Velachery EMU,PASS-TRAINS
41133,Chennai Beach Velachery EMU,PASS-TRAINS
41505,Chennai Beach Velachery Sunday EMU,PASS-TRAINS
41507,Chennai Beach Velachery Sunday EMU,PASS-TRAINS
42412,Spe-Mas Emu Local,PASS-TRAINS
42414,Spe-Mas Emu Local,PASS-TRAINS
42416,Spe-Mas Emu Local,PASS-TRAINS
42420,Sullurpeta Chennai EMU,PASS-TRAINS
42422,Spe-Mas Emu Local,PASS-TRAINS
42452,Sullupetta Gummidipoondi EMU,PASS-TRAINS
42802,Spe-Msb Emu local,PASS-TRAINS
43205,Chennai Central Tiruvallur EMU,PASS-TRAINS
43216,Tiruvallur Chennai Central Fast,EXP-TRAINS
43222,Tiruvallur Chennai Central Fast,EXP-TRAINS
43401,Chennai Central Arakkonam Fast,EXP-TRAINS
43408,Arakkonam chennai Central Fast,EXP-TRAINS
43501,Chennai tiruttani EMU,PASS-TRAINS
43506,Tiruttani Chennai Central Local,EXP-TRAINS
43551,Arakkonam Tiruttani EMU,PASS-TRAINS
43552,Tiruttani Arakkonam EMU,PASS-TRAINS
43553,Arakkonam Tiruttani EMU,PASS-TRAINS
43554,Tiruttani Arakkonam EMU,PASS-TRAINS
43801,Chennai Beach Arakkonam EMU,PASS-TRAINS
43803,Chennai Beach Arakkonam EMU,PASS-TRAINS
43806,Arakkonam chennai Beach Fast,EXP-TRAINS
43823,Chennai Beach Tiruttani Fast,EXP-TRAINS
43851,Ponneri Tiruvallur EMU,PASS-TRAINS
43892,Pattabiram East Avadi EMU,PASS-TRAINS
43921,Tiruvallur Kadambattur EMU,PASS-TRAINS
47101,Hyderabad Lingampalli MMTS,EXP-TRAINS
47102,Hyderabad Lingampalli MMTS,EXP-TRAINS
47103,Hyderabad Lingampalli MMTS,EXP-TRAINS
47104,Hyderabad Lingampalli MMTS,EXP-TRAINS
47105,Hyderabad Lingampalli MMTS,EXP-TRAINS
47106,Hyderabad Lingampalli MMTS,EXP-TRAINS
47107,Hyderabad Lingampalli MMTS,EXP-TRAINS
47108,Hyderabad Lingampalli MMTS,EXP-TRAINS
47109,Hyderabad Lingampalli MMTS,EXP-TRAINS
47110,Hyderabad Lingampalli MMTS,EXP-TRAINS
47111,Hyderabad Lingampalli MMTS,EXP-TRAINS
47112,Hyderabad Lingampalli MMTS,EXP-TRAINS
54313,Chandausi Moradabad Passenger,PASS-TRAINS
12952,Mumbai Rajdhani Express,RAJ-TRAINS
22404,New Delhi-Puducherry SF Exp,SF-TRAINS
47113,Hyderabad Lingampalli MMTS,EXP-TRAINS
47114,Hyderabad Lingampalli MMTS,EXP-TRAINS
47116,Hyderabad Lingampalli MMTS,EXP-TRAINS
47117,Hyderabad Lingampalli MMTS,EXP-TRAINS
47118,Hyderabad Lingampalli MMTS,EXP-TRAINS
47119,Hyderabad Lingampalli MMTS,EXP-TRAINS
47120,Hyderabad Lingampalli MMTS,EXP-TRAINS
47121,Hyderabad Lingampalli MMTS,EXP-TRAINS
47122,Hyderabad Lingampalli MMTS,EXP-TRAINS
47127,Lingampalli Hyderabad MMTS,EXP-TRAINS
47128,Lingampalli Hyderabad MMTS,EXP-TRAINS
47129,Lingampalli Hyderabad MMTS,EXP-TRAINS
47130,Lingampalli Hyderabad MMTS,EXP-TRAINS
47132,Lingampalli Hyderabad MMTS,EXP-TRAINS
47133,Lingampalli Hyderabad MMTS,EXP-TRAINS
47134,Lingampalli Hyderabad MMTS,EXP-TRAINS
47135,Lingampalli Hyderabad MMTS,EXP-TRAINS
47136,Lingampalli Hyderabad MMTS,EXP-TRAINS
47137,Lingampalli Hyderabad MMTS,EXP-TRAINS
47138,Lingampalli Hyderabad MMTS,EXP-TRAINS
47139,Lingampalli Hyderabad MMTS,EXP-TRAINS
47140,Lingampalli Hyderabad MMTS,EXP-TRAINS
47141,Lingampalli Hyderabad MMTS,EXP-TRAINS
47142,Lingampalli Hyderabad MMTS,EXP-TRAINS
47149,Falaknuma Lingampalli MMTS,EXP-TRAINS
47150,Falaknuma Lingampalli MMTS,EXP-TRAINS
47151,Falaknuma Lingampalli MMTS,EXP-TRAINS
47152,MATRABHOOMI LADIES SPL MMTS,EXP-TRAINS
47153,Falaknuma Lingampalli MMTS,EXP-TRAINS
47154,Falaknuma Lingampalli MMTS,EXP-TRAINS
47155,Falaknuma Lingampalli MMTS,EXP-TRAINS
47156,Falaknuma Lingampalli MMTS*,EXP-TRAINS
47157,Falaknuma Lingampalli MMTS,EXP-TRAINS
47158,Falaknuma Lingampalli MMTS,EXP-TRAINS
47159,Lingampalli Falaknuma MMTS,EXP-TRAINS
47160,Falaknuma Lingampalli MMTS,EXP-TRAINS
47161,Falaknuma Lingampalli MMTS,EXP-TRAINS
47162,Falaknuma Lingampalli MMTS,EXP-TRAINS
47163,Falaknuma Lingampalli MMTS,EXP-TRAINS
47164,Falaknuma Lingampalli MMTS,EXP-TRAINS
47165,Falaknuma Lingampalli MMTS,EXP-TRAINS
47166,Falaknuma Lingampalli MMTS,EXP-TRAINS
47168,Secunderabad Lingampalli MMTS,EXP-TRAINS
47170,Falaknuma Lingampalli MMTS,EXP-TRAINS
47171,Lingampalli Falaknuma MMTS,EXP-TRAINS
47124,Hyderabad Lingampalli MMTS,EXP-TRAINS
47125,Hyderabad Lingampalli MMTS,EXP-TRAINS
47143,Lingampalli Hyderabad MMTS,EXP-TRAINS
47144,Lingampalli Hyderabad MMTS,EXP-TRAINS
47145,Lingampalli Hyderabad MMTS,EXP-TRAINS
47146,Lingampalli Hyderabad MMTS,EXP-TRAINS
47147,Lingampalli Hyderabad MMTS,EXP-TRAINS
47148,Lingampalli Hyderabad MMTS,EXP-TRAINS
47174,Lingampalli Falaknuma MMTS,EXP-TRAINS
47175,Lingampalli Falaknuma MMTS,EXP-TRAINS
47176,Lingampalli Falaknuma MMTS,EXP-TRAINS
47177,Lingampalli Falaknuma MMTS,EXP-TRAINS
47178,Lingampalli Falaknuma MMTS,EXP-TRAINS
47179,Lingampalli Falaknuma MMTS,EXP-TRAINS
47180,Lingampalli Falaknuma MMTS,EXP-TRAINS
47181,Lingampalli Falaknuma MMTS,EXP-TRAINS
47182,Lingampalli Falaknuma MMTS,EXP-TRAINS
47183,Lingampalli Falaknuma MMTS,EXP-TRAINS
47184,Lingampalli Falaknuma MMTS,EXP-TRAINS
47185,Lingampalli Falaknuma MMTS,EXP-TRAINS
47187,Lingampalli Falaknuma MMTS,EXP-TRAINS
47188,Lingampalli Falaknuma Matrabhoomi Ladies MMTS,EXP-TRAINS
47189,Lingampalli Falaknuma MMTS,EXP-TRAINS
47190,Lingampalli-Falaknuma Matrubhoomi Ladies Spl MMTS,EXP-TRAINS
47191,Lingampalli Falaknuma MMTS,EXP-TRAINS
47192,Lingampalli Falaknuma MMTS,EXP-TRAINS
47195,Lingampalli Secunderabad MMTS,EXP-TRAINS
47196,Secunderabad Hyderabad MMTS,EXP-TRAINS
47197,Falaknuma Hyderabad MMTS,EXP-TRAINS
47198,Falaknuma Secunderabad MMTS,EXP-TRAINS
47199,Falaknuma Hyderabad MMTS,EXP-TRAINS
47200,Falaknuma Hyderabad MMTS,EXP-TRAINS
47201,Falaknuma Hyderabad MMTS,EXP-TRAINS
47202,Falaknuma Hyderabad MMTS,EXP-TRAINS
47203,Falaknuma Lingampalli MMTS,EXP-TRAINS
47204,Falaknuma Secunderabad MMTS,EXP-TRAINS
47206,HYB Falaknuma Local,EXP-TRAINS
47208,Hyderabad Falaknuma MMTS,EXP-TRAINS
47209,Hyderabad Falaknuma MMTS,EXP-TRAINS
47211,Falaknuma - Lingampalli Mathrubhoomi (LAdies Spl),EXP-TRAINS
47214,Falaknuma - Lingampalli MMTS,EXP-TRAINS
47216,Falaknuma - Lingampalli MMTS,EXP-TRAINS
47218,Falaknuma - Lingampalli MMTS,EXP-TRAINS
47220,Falaknuma - Lingampalli MMTS,EXP-TRAINS
50104,Ratnagiri Dadar Passenger,PASS-TRAINS
54306,Hapur Moradabad Passenger,PASS-TRAINS
56214,TIRUPATI - CHAMARAJANAGAR Fast Passenger,PASS-TRAINS
12393,Sampoorna Kranti Express,SF-TRAINS
15235,Howrah-Darbhanga Express,EXP-TRAINS
18612,Varanasi-Ranchi Express,EXP-TRAINS
19303,InterCity Express,EXP-TRAINS
47193,Lingampalli Falaknuma MMTS,EXP-TRAINS
47194,Lingampalli Falaknuma MMTS,EXP-TRAINS
47210,Lingampalli Falaknuma MMTS,EXP-TRAINS
47212,Lingampalli Falaknuma MMTS,EXP-TRAINS
47213,Lingampalli Falaknuma MMTS,EXP-TRAINS
47215,Lingampalli Falaknuma MMTS,EXP-TRAINS
47217,Lingampalli Falaknuma MMTS,EXP-TRAINS
47219,Lingampalli Falaknuma MMTS,EXP-TRAINS
50107,Sawantwadi Madgaon Passenger,PASS-TRAINS
50108,Madgaon Sawantwadi Passenger,PASS-TRAINS
51027,MumbaiCST-Pandharpur Fast Passenger,PASS-TRAINS
51028,Pandharpur-Mumbai Fast Passenger,PASS-TRAINS
51029,Bijapur Fast Passenger,PASS-TRAINS
51030,Bijapur Mumbai Fast Passenger,PASS-TRAINS
51033,Mumbai Sainagar Shirdi Fast Pass(Via Daund),PASS-TRAINS
51034,Sainagar Shirdi-Mumbai Fast Passenger(Via Daund),PASS-TRAINS
51116,Dhule Dadar Passenger Composite,PASS-TRAINS
51117,Katni Chopan Mix Passenger,PASS-TRAINS
51118,Chopan Katni Passenger,PASS-TRAINS
51135,Badnera Amravati Passenger,PASS-TRAINS
51136,Amravati Badnera Passenger,PASS-TRAINS
51137,Badnera Amravati Passenger,PASS-TRAINS
51138,Amravati Badnera Passenger,PASS-TRAINS
51139,Badnera Amravati Passenger,PASS-TRAINS
51140,Amravati Badnera Passenger,PASS-TRAINS
51141,Badnera Amravati Passenger,PASS-TRAINS
51142,Amravati Badnera Passenger,PASS-TRAINS
51145,Badnera Amravati Mix Passenger,PASS-TRAINS
51146,Amravati Badnera Passenger,PASS-TRAINS
51147,Badnera Amravati Passenger,PASS-TRAINS
51148,Amravati Badnera Passenger,PASS-TRAINS
51149,Badnera Amravati Passenger,PASS-TRAINS
51150,Amravati Badnera Passenger,PASS-TRAINS
51181,Devlali Bhusaval Passenger,PASS-TRAINS
51182,Bhusaval Devlali Passenger,PASS-TRAINS
51187,BHUSAVAL - KATNI Passenger,PASS-TRAINS
51188,KATNI - BHUSAVAL Passenger,PASS-TRAINS
51190,ALLAHABAD - ITARSI Passenger,PASS-TRAINS
51197,Bhusaval Wardha Passenger,PASS-TRAINS
51198,Wardha Bhusaval Passenger,PASS-TRAINS
54316,Saharanpur Moradabad Passenger,PASS-TRAINS
54391,ALIGARH -  MORADABAD PASSENGER,PASS-TRAINS
54396,NAJIBABAD - MORADABAD PASSENGER,PASS-TRAINS
12434,Delhi H.Nizamuddin-Chennai Central Rajdhani Expres,RAJ-TRAINS
50105,Diva Sawantwadi Passenger,PASS-TRAINS
51153,Mumbai Bhusaval Passenger,PASS-TRAINS
51154,Bhusaval Mumbai Passenger,PASS-TRAINS
51157,Bhusaval Itarsi Passenger,PASS-TRAINS
51183,Bhusaval Amravati Passenger,PASS-TRAINS
51195,Wardha Balharshah Passenger,PASS-TRAINS
51254,Chhindwara Amla Passenger,PASS-TRAINS
51255,Junnor Deo Chhindwara Passenger,PASS-TRAINS
51256,Chhindwara Junnor Deo Passenger,PASS-TRAINS
51259,Wardha Nagpur Passenger,PASS-TRAINS
51260,Nagpur Wardha Passenger,PASS-TRAINS
51262,Wardha Amravati Passenger,PASS-TRAINS
51286,Nagpur Bhusaval Passenger,PASS-TRAINS
51293,Nagpur Amla Passenger,PASS-TRAINS
51294,Amla Nagpur Passenger,PASS-TRAINS
51323,Daund Baramati Shuttle,EXP-TRAINS
51325,Pune-Daund Shuttle,EXP-TRAINS
51327,Daund -Baramati Shuttle.,EXP-TRAINS
51348,Baramati Daund Passenger,PASS-TRAINS
51350,Daund-Pune Fast Shuttle,EXP-TRAINS
51353,Pune -Daund Shuttle.,EXP-TRAINS
51401,Pune Manmad Passenger(Via Daund),PASS-TRAINS
51402,Manmad-Pune Passenger(Via Daund),PASS-TRAINS
51405,Miraj- Castle Rock Passenger,PASS-TRAINS
51406,Castle Rock Miraj Passenge,PASS-TRAINS
51407,Miraj-Kolhapur Passenger,PASS-TRAINS
51408,Kolhapur Miraj Passenger,PASS-TRAINS
51411,Bellary-Dharwar Passenger,PASS-TRAINS
51412,Hubli Bellary Passenger,PASS-TRAINS
51417,Karjat Pune Passenger,PASS-TRAINS
51418,Pune Karjat Passenger,PASS-TRAINS
51419,Miraj Hubli Passenger,PASS-TRAINS
51420,Hubli Miraj Passenger,PASS-TRAINS
51423,Igatpuri Manmad Shuttle,EXP-TRAINS
51424,Manmad Igatpuri Shuttle,EXP-TRAINS
51425,ParliVaijnath-Miraj Passenger,PASS-TRAINS
51426,Miraj-Parli Vaijnath Passenger,PASS-TRAINS
51427,Miraj C Shahu Maharaj Passenger,PASS-TRAINS
51428,C Shahu Maharaj Miraj Passenger,PASS-TRAINS
51429,Sangli-Kolhapur Passenger,PASS-TRAINS
51430,C Shahu Maharaj Sangli Passenger,PASS-TRAINS
51431,Miraj -Londa Passenger,PASS-TRAINS
51432,Londa-Miraj Passenger,PASS-TRAINS
54394,Gajraula Moradabad Passenger,PASS-TRAINS
54397,Moradabad Sambahal Hatim Sarai Pass,PASS-TRAINS
55302,KGM-MB PASS.,PASS-TRAINS
55304,KATHGODAM - MORADABAD Pass,PASS-TRAINS
12368,Vikramshila Express,SF-TRAINS
51284,Amravati Bhusaval Passenger,PASS-TRAINS
51324,Baramati-Daund- Pune Passenger,PASS-TRAINS
51326,Baramati-Daund- Pune Shutte,EXP-TRAINS
51409,Pune -Shree Chatrapati Shahu M(T) Kolhapur Pass,PASS-TRAINS
51410,Shree Chatrapati Shahu M(T) Kolhapur- Pune Passenger,PASS-TRAINS
51421,Pune-Nizamabad Pass,PASS-TRAINS
51422,Nizamabad Pune Passenger,PASS-TRAINS
51433,Nizamabad Pandharpur Passenger,PASS-TRAINS
51434,Pandharpur Nizamabad Passenger,PASS-TRAINS
51441,Satara C Shahu Maharaj Passenger,PASS-TRAINS
51442,C Shahu Maharaj Pune Passenger,PASS-TRAINS
51445,Pandharpur Miraj Passenger,PASS-TRAINS
51446,Miraj Pandharpur Passenger,PASS-TRAINS
51449,Pune Solapur Passenger,PASS-TRAINS
51450,Solapur Pune Passenger,PASS-TRAINS
51455,Pune Solapur Passenger,PASS-TRAINS
51456,Sholapur Pune Passenger,PASS-TRAINS
51458,Dharwad hubli Passenger,PASS-TRAINS
51461,Miraj Belgaum Passenger,PASS-TRAINS
51462,Belgaum Miraj Passenger,PASS-TRAINS
51463,Miraj Belgaum Passenger,PASS-TRAINS
51464,Belgaum Miraj Passenger,PASS-TRAINS
51601,Bina Katni Passenger,PASS-TRAINS
51602,Katni Bina Passenger,PASS-TRAINS
51605,Katni Chirmiri Passenger,PASS-TRAINS
51607,Bina Guna Passenger,PASS-TRAINS
51608,Guna Bina Passenger,PASS-TRAINS
51609,Bina Guna Passenger,PASS-TRAINS
51610,Guna Bina Passenger,PASS-TRAINS
51611,KOTA - BINA Passenger,PASS-TRAINS
51612,BINA - KOTA Passenger,PASS-TRAINS
51614,KATNI - KOTA Passenger,PASS-TRAINS
51632,Bina Bhopal Passenger,PASS-TRAINS
51674,SATNA - ITARSI Passenger,PASS-TRAINS
51675,Katni Chopan Fast Passenger,PASS-TRAINS
51676,Chopan Katni Passenger,PASS-TRAINS
51677,Chopan Shaktinagar Passenger,PASS-TRAINS
51678,Shaktinagar Chopan Passenger,PASS-TRAINS
51683,Khandwa Bir Shuttle,EXP-TRAINS
51684,Bir Khandwa Shuttle,EXP-TRAINS
51685,Khandwa Bir Shuttle,EXP-TRAINS
51686,Bir Khandwa Shuttle,EXP-TRAINS
51687,Khandwa Bir Shuttle,EXP-TRAINS
51688,Bir Khandwa Shuttle,EXP-TRAINS
51689,Khandwa Bir Shuttle,EXP-TRAINS
51701,JABALPUR - REWA Passenger,PASS-TRAINS
53450,Bhagalpur Banka Passenger,PASS-TRAINS
51435,Pune Satara Passenger,PASS-TRAINS
51436,Satara Pune Passenger,PASS-TRAINS
51451,Pune-Daund- Baramati Passenger,PASS-TRAINS
51452,Baramati-Daund-Pune Passenger,PASS-TRAINS
51603,Sagar Katni Passenger,PASS-TRAINS
51690,Bir Khandwa Shuttle,EXP-TRAINS
51751,Rewa Bilaspur Fast Passenger,PASS-TRAINS
51752,Bilaspur Rewa Fast Passenger,PASS-TRAINS
51753,Rewa Chirmiri Fast Passenger,PASS-TRAINS
51754,Chirmiri Rewa Fast Passenger,PASS-TRAINS
51755,Chirmiri Manendragarh Passenger,PASS-TRAINS
51756,Manendragarh Chirmiri Passenger,PASS-TRAINS
51763,Satna Manikpur Passenger,PASS-TRAINS
51764,Manikpur Satna Passenger,PASS-TRAINS
51765,Satna Manikpur Passenger,PASS-TRAINS
51766,Manikpur Satna Passenger,PASS-TRAINS
51767,Katni Satna Passenger,PASS-TRAINS
51768,Satna Katni Passenger,PASS-TRAINS
51777,Gwalior Bhind Passenger,PASS-TRAINS
51778,Bhind Gwalior Passenger,PASS-TRAINS
51779,Gwalior Bhind Passenger,PASS-TRAINS
51780,Bhind Gwalior Passenger,PASS-TRAINS
51801,Mahoba Kanpur Pass,PASS-TRAINS
51802,Kanpur Mahoba Passenger,PASS-TRAINS
51803,Mahoba Banda Passenger,PASS-TRAINS
51804,Banda Mahoba Passenger,PASS-TRAINS
51805,Jhansi Banda Passenger,PASS-TRAINS
51806,Banda Jhansi Passenger,PASS-TRAINS
51807,Banda Manikpur Passenger,PASS-TRAINS
51808,Manikpur Banda Passenger,PASS-TRAINS
51809,Kanpur Tundla Passenger,PASS-TRAINS
51810,Tundla Kanpur Passenger,PASS-TRAINS
51811,Bina Jhansi Passenger,PASS-TRAINS
51812,Jhansi Bina Passenger,PASS-TRAINS
51813,Jhansi Lucknow Passenger,PASS-TRAINS
51814,Lucknow-Jhansi Passenger,PASS-TRAINS
51815,Jhansi Agra Passenger,PASS-TRAINS
51818,BANDIKUI AGRA PASS,PASS-TRAINS
51819,Jhansi Allahabad Passenger,PASS-TRAINS
51821,JHANSI - KHUJURAHO Passenger,PASS-TRAINS
51822,KHUJURAHO - JHANSI Passenger,PASS-TRAINS
51828,Jhansi Itarsi Passenger,PASS-TRAINS
51829,Nagpur Itarsi Passenger,PASS-TRAINS
51830,Itarsi Nagpur Passenger,PASS-TRAINS
51831,Jhansi Agra Passenger,PASS-TRAINS
51832,Agra Jhansi Passenger,PASS-TRAINS
51861,Ait Konch Passenger,PASS-TRAINS
55306,RAMNAGAR - MORADABAD Fast Passenger,PASS-TRAINS
51823,Farukhabad Allahabad kanpur Passenger,PASS-TRAINS
51824,Farrukhabad Allahabad Passenger,PASS-TRAINS
51825,Kanpur Farrukhabaad Passenger,PASS-TRAINS
51826,Farrukhabad Kanpur Passenger,PASS-TRAINS
51863,Ait Konch Passenger,PASS-TRAINS
51864,Konch Ait Passenger,PASS-TRAINS
51865,Ait Konch Passenger,PASS-TRAINS
51866,Konch Ait Passenger,PASS-TRAINS
51867,Ait Konch Passenger,PASS-TRAINS
51868,Konch Ait Passenger,PASS-TRAINS
51869,Ait Konch Passenger,PASS-TRAINS
51870,Konch Ait Passenger,PASS-TRAINS
51901,Agra Delhi Passenger,PASS-TRAINS
51902,Delhi Agra Passenger,PASS-TRAINS
51903,Delhi Rohtak Passenger,PASS-TRAINS
51904,Rohtak Delhi Passenger,PASS-TRAINS
51905,Delhi Shamli Passenger,PASS-TRAINS
51906,Shamli Delhi Passenger,PASS-TRAINS
51907,Shamli Saharanpur Passenger,PASS-TRAINS
51908,Saharanpur Shamli Passenger,PASS-TRAINS
51910,Saharanpur Delhi Passenger,PASS-TRAINS
51911,Delhi Shamli Saharanpur Passenger,PASS-TRAINS
51912,Saharanpur Delhi Passenger,PASS-TRAINS
51913,DELHI - SAHARANPUR Passenger,PASS-TRAINS
51914,SAHARANPUR - DELHI Passenger,PASS-TRAINS
51915,Delhi - Farukh Nagar Passenger,PASS-TRAINS
51916,Farukh Nagar - Delhi Passenger,PASS-TRAINS
51971,Mathura Alwar Passenger,PASS-TRAINS
51972,Alwar Mathura Passenger,PASS-TRAINS
51973,Mathura Alwar Bandikui Passenger,PASS-TRAINS
51974,Bandikui Mathura Passenger,PASS-TRAINS
51975,Kasganj-Mathura Passenger,PASS-TRAINS
51976,Mathura-KasGanj Passenger,PASS-TRAINS
52002,Waghai Bilimora Mix Passenger,PASS-TRAINS
52003,Bilimora Waghai Mix Passenger,PASS-TRAINS
52004,Waghai Bilimora Mix Passenger,PASS-TRAINS
52011,Bilimora Waghai Pass,PASS-TRAINS
52012,Waghai Bilimora Pass,PASS-TRAINS
52013,Bilimora Waghai Pass,PASS-TRAINS
52014,Waghai Bilimora Pass,PASS-TRAINS
52015,Bharuch Kavi Passenger,PASS-TRAINS
52020,Dabhoi Miyagam Passenger,PASS-TRAINS
52021,Moti Koral Miyagam Mix Passenger,PASS-TRAINS
52022,Miyagam Moti Koral Mix Passenger,PASS-TRAINS
52023,Malsar Dabhoi Mix Passenger,PASS-TRAINS
52024,Dabhoi Malsar Mix Passenger,PASS-TRAINS
55308,RAMNAGAR - MORADABAD PASSENGER,PASS-TRAINS
55310,RAMNAGAR - MORADABAD PASSENGER,PASS-TRAINS
51881,Gwalior Agra Fast Passenger,PASS-TRAINS
51883,Bina Gwalior Passenger,PASS-TRAINS
51884,Gwalior Bina Passenger,PASS-TRAINS
52025,Dabhoi Chandod Mix Passenger,PASS-TRAINS
52026,Chandod Dabhoi Mix Passenger,PASS-TRAINS
52027,Choranda Dabhoi Mix Passenger,PASS-TRAINS
52028,Dabhoi Choranda Mix Passenger,PASS-TRAINS
52033,Jambusar Pratapnagar Mix Passenger,PASS-TRAINS
52034,Pratapnagar Jambusar Mix Passenger,PASS-TRAINS
52035,Jambusar Pratapnagar Passenger,PASS-TRAINS
52036,Pratapnagar Jambusar Passenger,PASS-TRAINS
52037,Nadiad Bhadran Mix Passenger,PASS-TRAINS
52038,Bhadran Nadiad Mix Passenger,PASS-TRAINS
52041,Miyagam Dabhoi Mix Passenger,PASS-TRAINS
52042,Dabhoi Jn Miyagam Jn NG Passenger,PASS-TRAINS
52045,Miyagam Dabhoi Mix Passenger,PASS-TRAINS
52046,Dabhoi Miyagam Mix Passenger,PASS-TRAINS
52048,Umarpada Kosamba Passenger,PASS-TRAINS
52072,MAVLI - BARI SADRI PASSENGER,PASS-TRAINS
52073,Marwar Mavli Passenger,PASS-TRAINS
52074,Mavli Marwar Passenger,PASS-TRAINS
52075,Marwar Mavli Passenger,PASS-TRAINS
52076,Mavli Marwar Passenger,PASS-TRAINS
52082,Loharu Jaipur Passenger,PASS-TRAINS
52083,Jaipur Loharu Passenger,PASS-TRAINS
52084,Loharu Jaipur Passenger,PASS-TRAINS
52085,Jaipur Churu Passenger,PASS-TRAINS
52086,Churu Jaipur Passenger,PASS-TRAINS
52087,Sikar Churu Passenger,PASS-TRAINS
52088,Churu Sikar Passenger,PASS-TRAINS
52101,Neral Matheran Passenger,PASS-TRAINS
52102,Matheran Neral Passenger,PASS-TRAINS
52103,Neral Matheran Passenger,PASS-TRAINS
52104,Matheran Neral Passenger,PASS-TRAINS
52105,Neral Matheran Passenger,PASS-TRAINS
52106,Matheran Neral Passenger,PASS-TRAINS
52108,Matheran Neral Passenger,PASS-TRAINS
52109,Neral Matheran Passenger,PASS-TRAINS
52110,Matheran Neral Passenger,PASS-TRAINS
52121,Pachora Jamner Passenger,PASS-TRAINS
52123,Pachora Jamner Passenger,PASS-TRAINS
52131,Murtajapur Yavatmal Passenger,PASS-TRAINS
52132,Yavatmal Murtajapur Passenger,PASS-TRAINS
52137,Murtajapur Achalpur Passenger,PASS-TRAINS
52138,Achalpur Murtajapur Passenger,PASS-TRAINS
52143,Pulgaon Arvi Passenger,PASS-TRAINS
52144,Arvi Pulgaon Passenger,PASS-TRAINS
55312,KASHIPUR - MORADABAD PASSENGER,PASS-TRAINS
14055,DIBRUGARH - OLD DELHI Brahmaputra Exp,EXP-TRAINS
15959,HOWRAH - DIBRUGARH Kamrup Exp,EXP-TRAINS
52122,Jamner Pachora Passenger,PASS-TRAINS
52124,Jamner Pachora Passenger,PASS-TRAINS
52171,Gwalior Sheopur Passenger,PASS-TRAINS
52172,Sheopur Gwalior Passenger,PASS-TRAINS
52174,Sabalgarh Gwalior Passenger,PASS-TRAINS
52175,Gwalior Sabalgarh Fast Passenger,PASS-TRAINS
52177,Sabalgarh Sheopur Passenger,PASS-TRAINS
52178,Sheopur Sabalgarh Passenger,PASS-TRAINS
52181,Dhaulpur Tantpur Passenger,PASS-TRAINS
52182,Tantpur Mohari Bari Passenger,PASS-TRAINS
52183,Bari Mohari Sirmuttra Passenger,PASS-TRAINS
52201,Kasganj Lalkuan Passenger,PASS-TRAINS
52202,Lalkuan Kasganj Passenger,PASS-TRAINS
52203,Kasganj Tanakpur Passenger,PASS-TRAINS
52204,Tanakpur-Bareilly Passenger,PASS-TRAINS
52205,Kasganj Pilibhit Passenger,PASS-TRAINS
52206,Pilibhit Kasganj Passenger,PASS-TRAINS
52207,Kasganj Pilibhit Passenger,PASS-TRAINS
52208,Pilibhit Kasganj Passenger,PASS-TRAINS
52209,Bareilly Lalkuan Passenger,PASS-TRAINS
52210,Lalkuan Bareilly Passenger,PASS-TRAINS
52211,Bareilly Lal Kuan Passenger,PASS-TRAINS
52212,Lal Kuan Bareilly Passenger,PASS-TRAINS
52214,Mailani Bareilly Passenger,PASS-TRAINS
52215,Bareilly Pilibhit Passenger,PASS-TRAINS
52216,Pilibhit Bareilly Passenger,PASS-TRAINS
52217,Kasganj Bareilly Passenger,PASS-TRAINS
52218,Bareilly Kasganj Passenger,PASS-TRAINS
52219,Pilibhit Tanakpur Passenger,PASS-TRAINS
52220,Tanakpur Pilibhit Passenger,PASS-TRAINS
52221,Pilibhit Mailani Passenger,PASS-TRAINS
52222,Mailani Pilibhit Passenger,PASS-TRAINS
52223,Pilibhit Mailani Passenger,PASS-TRAINS
52224,Lakhimpur Pilibhit Passenger,PASS-TRAINS
52225,Pilibhit Lakhimpur Passenger,PASS-TRAINS
52226,Mailani Pilibhit Passenger,PASS-TRAINS
52227,Pilibhit Tanakpur Passenger,PASS-TRAINS
52229,Shahjahanpur Tanakpur Passenger,PASS-TRAINS
52230,Tanakpur Shahjahanpur Passenger,PASS-TRAINS
52231,Pilibhit Shahjahanpur Passenger,PASS-TRAINS
52232,Shahjahanpur Pilibhit Passenger,PASS-TRAINS
52233,Pilibhit Shahjahanpur Passenger,PASS-TRAINS
52234,Shahjahanpur Pilibhit Passenger,PASS-TRAINS
52235,Pilibhit Shahjahanpur Passenger,PASS-TRAINS
55324,RAMNAGAR - MORADABAD PASSENGER,PASS-TRAINS
52176,Sabalgarh Gwalior Fast Passenger,PASS-TRAINS
52180,Sirmuttra Dhaulpur Passenger,PASS-TRAINS
52184,Sirmuttra Dhaulpur Passenger,PASS-TRAINS
52236,Shahjahanpur Pilibhit Passenger,PASS-TRAINS
52237,PILIBHIT - AISHBAGH PASS,PASS-TRAINS
52239,TIKUNIA - AISHBAGH PASSENGER,PASS-TRAINS
52240,AISHBAGH - TIKUNIA PASSENGER,PASS-TRAINS
52241,Mailani Aishbagh Passenger,PASS-TRAINS
52242,Aishbagh Mailani Passenger,PASS-TRAINS
52243,PILIBHIT - AISHBAGH PASSENGER,PASS-TRAINS
52245,MAILANI  - AISHBAGH PASSENGER,PASS-TRAINS
52246,AISHBAGH - MAILANI PASSENGER,PASS-TRAINS
52247,Mailani Sitapur Passenger,PASS-TRAINS
52248,Sitapur Mailani Passenger,PASS-TRAINS
52249,Sitapur Aishbagh Passenger,PASS-TRAINS
52250,AISHBAGH - SITAPUR  PASSENGER,PASS-TRAINS
52251,SITAPUR - AISHBAGH PASSENGER,PASS-TRAINS
52252,Aishbagh Sitapur Passenger,PASS-TRAINS
52254,Mailani Gonda Passenger,PASS-TRAINS
52255,Gonda Bareilly Passenger,PASS-TRAINS
52257,Gonda Mailani Passenger,PASS-TRAINS
52258,Mailani Gonda Passenger,PASS-TRAINS
52259,Gonda Mailani Passenger,PASS-TRAINS
52260,Mailani Gonda Passenger,PASS-TRAINS
52261,Gonda Nepalganj Passenger,PASS-TRAINS
52262,Nepalganj Gonda Passenger,PASS-TRAINS
52263,Gonda Nepalganj Passenger,PASS-TRAINS
52264,Nepalganj Gonda Passenger,PASS-TRAINS
52265,Gonda Nepalganj Passenger,PASS-TRAINS
52266,Nepalganj Gonda Passenger,PASS-TRAINS
52267,Gonda Nepalganj Passenger,PASS-TRAINS
52268,Nepalganj Gonda Passenger,PASS-TRAINS
52269,Anand Nagar Gonda Fast Passenger,PASS-TRAINS
52270,Gonda Anandnagar Passenger,PASS-TRAINS
52271,Anand Nagar Gonda Passenger,PASS-TRAINS
52272,Gonda Anandnagar Passenger,PASS-TRAINS
52274,Gonda Anandnagar Passenger,PASS-TRAINS
52276,Gonda Anandnagar Passenger,PASS-TRAINS
52277,Palia Kalan Mailani Passenger,PASS-TRAINS
52278,Mailani Palia Kalan Passenger,PASS-TRAINS
52280,Chhapra-Thawe Passenger,PASS-TRAINS
52282,Chhapra Thawe Passenger,PASS-TRAINS
52283,Thawe Chhapra Passenger,PASS-TRAINS
52285,Thawe Chhapra Passenger,PASS-TRAINS
52286,Chhapra Thawe Passenger,PASS-TRAINS
52287,Thawe Chhapra Passenger,PASS-TRAINS
52288,Chhapra Thawe Passenger,PASS-TRAINS
54311,Bareilly Moradabad Passenger,PASS-TRAINS
52273,Anand Nagar Gonda Passenger,PASS-TRAINS
52275,Anand Nagar Gonda Passenger,PASS-TRAINS
52295,Bareilly Lal Kuan Passenger,PASS-TRAINS
52297,Pilibhit Shahjahanpur Passenger,PASS-TRAINS
52298,Shahjahanpur Pilibhit Passenger,PASS-TRAINS
52301,Balgona-Katwa Fast Local,EXP-TRAINS
52302,Katwa Balgona Local,EXP-TRAINS
52322,Saharsa-Forbesganj Passenger,PASS-TRAINS
52323,Forbesganj-Saharsa Passenger,PASS-TRAINS
52324,Saharsa-forbesganj Passenger,PASS-TRAINS
52325,Forbesganj-Saharsa Passenger,PASS-TRAINS
52326,Saharsa-Forbesganj Passenger,PASS-TRAINS
52327,Forbesganj-Saharsa Passenger,PASS-TRAINS
52328,Saharsa-Forbesganj Passenger,PASS-TRAINS
52329,Forbesganj-Saharsa Passenger,PASS-TRAINS
52330,Saharsa-Forbesganj Passenger,PASS-TRAINS
52468,BAIJNATHPAPROLA  - PATHANKOT PASSENGER,PASS-TRAINS
52471,Kangra Valley Rail Passenger,PASS-TRAINS
52467,Kangra Valley Rail Passenger,PASS-TRAINS
52470,Kangra Valley Rail Passenger,PASS-TRAINS
16311,BIKANER - KOCHUVELI Express,EXP-TRAINS
52472,JOGINDER NAGAR - PATHANKOT PASSENGER,PASS-TRAINS
52474,Kangra Valley Rail Passenger,PASS-TRAINS
52501,BhikhnaThori Narkatiaganj Passenger,PASS-TRAINS
52502,Narkatiaganj Bhikhna Thori Passenger,PASS-TRAINS
52503,BhikhnaThori Narkatiaganj Passenger,PASS-TRAINS
52504,Narkatiaganj Bhikhna Thori Passenger,PASS-TRAINS
52505,BhikhnaThori Narkatiaganj Passenger,PASS-TRAINS
52506,Narkatiaganj Bhikhna Thori Passenger,PASS-TRAINS
52507,Raxaul-Narkatiaganj Passenger,PASS-TRAINS
52508,Narkatiganj Raxaul Passenger,PASS-TRAINS
52509,Raxaul Narkatiaganj Passenger,PASS-TRAINS
52510,Narkatiaganj Raxaul Passenger,PASS-TRAINS
52511,Raxaul Narkatiaganj Passenger,PASS-TRAINS
52512,Narkatiaganj Raxaul Passenger,PASS-TRAINS
52515,Jhanjharpur Laukaha Bazar Passenger,PASS-TRAINS
52516,Laukaha Bazar Jhanjharpur Passenger,PASS-TRAINS
52518,Laukaha Bazar Sakri Passenger,PASS-TRAINS
52519,Sakri Laukaha Bazar Passenger,PASS-TRAINS
52520,Laukaha Bazar Sakri Passenger,PASS-TRAINS
52521,Sakri Laukaha Bazar Passenger,PASS-TRAINS
52522,Laukaha Bazar Sakri Passenger,PASS-TRAINS
52523,Sakri Nirmali Passenger,PASS-TRAINS
52524,Nirmali Sakri Pass,PASS-TRAINS
52525,Sakri Nirmali Pass,PASS-TRAINS
52526,Nirmali Sakri Passenger,PASS-TRAINS
52527,Sakri Nirmali Pass,PASS-TRAINS
52528,Nirmali Sakri Pass,PASS-TRAINS
52529,Sakri Nirmali Pass,PASS-TRAINS
52530,Nirmali Sakri Pass,PASS-TRAINS
52531,Sakri Nirmali Pass,PASS-TRAINS
52532,Nirmali Sakri Pass,PASS-TRAINS
52534,Bihariganj Banmankhi Passenger,PASS-TRAINS
52535,Banmankhi Bihariganj Passenger,PASS-TRAINS
52536,Bihariganj Purnia Passenger,PASS-TRAINS
52537,Purnia Bihariganj Passenger,PASS-TRAINS
52538,Bihariganj Purnia Passenger,PASS-TRAINS
52540,Darjeeling Kurseong Toy Train,EXP-TRAINS
52541,Kurseong Darjeeling Toy Train,EXP-TRAINS
52544,Darjeeling Kurseong Toy Train,EXP-TRAINS
52545,Kurseong Darjeeling Toy Train,EXP-TRAINS
52547,Darjeeling Joyride,EXP-TRAINS
52548,Darjeeling Himalayan Toy Train,EXP-TRAINS
52549,Darjeeling Himalayan Toy Train,EXP-TRAINS
52550,Darjeeling Joyride,EXP-TRAINS
52552,Murliganj-Purnia Passenger,PASS-TRAINS
52553,Purnia Murliganj Passenger,PASS-TRAINS
52566,JIRIBAM - SILCHAR MG Passenger,PASS-TRAINS
18005,HOWRAH - JAGDALPUR Samaleshwari Exp,EXP-TRAINS
52554,Muraliganj Purnia Passenger,PASS-TRAINS
52556,Budhma Banmankhi Passenger,PASS-TRAINS
52557,Banmankhi Budhma Passenger,PASS-TRAINS
52558,Budhma Banmankhi Passenger,PASS-TRAINS
52563,Agartala Silchar Passenger,PASS-TRAINS
52564,Silchar Agartala Passenger,PASS-TRAINS
52565,SILCHAR - JIRIBAM MG Passenger,PASS-TRAINS
52567,Badarpur Bhairabhi Passenger,PASS-TRAINS
52568,Bhairabhi Badarpur Passenger,PASS-TRAINS
52569,Karimganj Dullabcherra Passenger,PASS-TRAINS
52570,Dullabcherra Karimganj Passenger,PASS-TRAINS
52571,Karimganj Dullabcherra Passenger,PASS-TRAINS
52572,Dullabcherra Karimganj Passenger,PASS-TRAINS
52575,Agartala Dharmanagar Passenger,PASS-TRAINS
52576,Dharmanagar Agartala Passenger,PASS-TRAINS
52577,Dharmanagar Silchar Passenger,PASS-TRAINS
52578,Silchar Dharmanagar Passenger,PASS-TRAINS
52579,Agartala Dharmanagar Passenger,PASS-TRAINS
52580,Dharmanagar Agartala Passenger,PASS-TRAINS
52901,Mahesana Ahmedabad Passenger,PASS-TRAINS
52903,Mahesana Ahmedabad Passenger,PASS-TRAINS
52904,Ahmedabad Mahesana Passenger,PASS-TRAINS
52906,Ahmedabad Mahesana Passenger,PASS-TRAINS
52907,Mahesana Ahmedabad Passenger,PASS-TRAINS
52908,Ahmedabad Mahesana Passenger,PASS-TRAINS
52909,Mahesana Ahmedabad Passenger,PASS-TRAINS
52910,Ahmedabad Mahesana Fast Passenger,PASS-TRAINS
52911,Ranuj Ahmedabad Fast Passenger,PASS-TRAINS
52912,Ahmedabad Ranuj Fast Passenger,PASS-TRAINS
52913,Patan Ahmedabad Passenger,PASS-TRAINS
52914,Ahmedabad Ranuj Passenger,PASS-TRAINS
52915,Nandol Dehegam Ahmedabad Passenger,PASS-TRAINS
52916,Ahmedabad Nandol Dehegam Passenger,PASS-TRAINS
52917,Nandol Dehegam Ahmedabad Passenger,PASS-TRAINS
52918,Ahmedabad Nandol Dehegam Passenger,PASS-TRAINS
52919,Himmatnagar Ahmedabad Passenger,PASS-TRAINS
52920,Ahmedabad Himmatnagar Passenger,PASS-TRAINS
52921,Himmatnagar Ahmedabad Passenger,PASS-TRAINS
52922,Ahmedabad Himmatnagar Pass,PASS-TRAINS
52923,Khed Brahma Ahmedabad Passenger,PASS-TRAINS
52924,Ahmedabad Khed Brahma Passenger,PASS-TRAINS
52926,Ahmedabad Khed Brahma Passenger,PASS-TRAINS
52927,Udaipur Ahmedabad Fast Passenger,PASS-TRAINS
52928,Mewar Fast Passenger,PASS-TRAINS
52929,Veraval Dhasa Passenger,PASS-TRAINS
52930,Dhasa Veraval Passenger,PASS-TRAINS
22464,Rajasthan Sampark Kranti Express,EXP-TRAINS
52931,Jetalsar Dhasa Passenger,PASS-TRAINS
52932,Dhasa Jetalsar Passenger,PASS-TRAINS
52933,Veraval Dhasa Passenger,PASS-TRAINS
52935,Ahmedabad Botad Passenger,PASS-TRAINS
52937,Fatehabad Chowk Ujjain Passenger,PASS-TRAINS
52938,Botad Ahmedabad Passenger,PASS-TRAINS
52939,Gandhigram Botad Passenger,PASS-TRAINS
52942,SBI-BTD - GANDHIGRAM PASSENGER,PASS-TRAINS
52943,Ahmedabad Botad Passenger,PASS-TRAINS
52945,Ahmedabad Botad Passenger,PASS-TRAINS
52946,Dhasa Veraval Passenger,PASS-TRAINS
52947,Wansjaliya Dhassa Passenger,PASS-TRAINS
52948,Dhasa Wansjaliya Passenger,PASS-TRAINS
52949,Veraval Delvada Passenger,PASS-TRAINS
52950,Delvada Veraval Passenger,PASS-TRAINS
52951,Delvada Junagadh Passenger,PASS-TRAINS
52952,Junagadh Delvada Passenger,PASS-TRAINS
52953,Kodinar Veraval Passenger,PASS-TRAINS
52954,Veraval Kodinar Passenger,PASS-TRAINS
52955,Khijadiya Junagarh Pass,PASS-TRAINS
52956,JUNAGADH KHIJADIYA PASS,PASS-TRAINS
52957,Ratlam Mhow Fast Passenger,PASS-TRAINS
52958,Mhow Ratlam Fast Passenger,PASS-TRAINS
52959,Ratlam Mhow Fast Passenger,PASS-TRAINS
52960,Mhow Ratlam Fast Passenger,PASS-TRAINS
52961,Ratlam Mhow Fast Passenger,PASS-TRAINS
52962,Mhow Ratlam Fast Passenger,PASS-TRAINS
52963,Ratlam Mhow Fast Passenger,PASS-TRAINS
52964,Mhow Ratlam Fast Passenger,PASS-TRAINS
52965,Ratlam Mhow Fast Passenger,PASS-TRAINS
52966,Mhow Ratlam Passenger,PASS-TRAINS
52967,Indore Mhow Fast Passenger,PASS-TRAINS
52968,Mhow Indore Fast Passenger,PASS-TRAINS
52969,Ujjain Fatehabad Passenger,PASS-TRAINS
52970,Fatehabad Chowk Ujjain Passenger,PASS-TRAINS
52971,Ujjain Mhow Passenger,PASS-TRAINS
52972,Mhow Ujjain Passenger,PASS-TRAINS
52973,Ratlam Akola Passenger,PASS-TRAINS
52975,Ratlam Akola Passenger,PASS-TRAINS
52976,Akola Ratlam Fast Pass,PASS-TRAINS
52977,Indore Mhow Fast Passenger,PASS-TRAINS
52978,Mhow-Indore Passenger,PASS-TRAINS
52979,Indore Mhow Passenger,PASS-TRAINS
52980,MHOW - INDM Passenger,PASS-TRAINS
52981,Indore Mhow Fast Passenger,PASS-TRAINS
52982,Mhow Indore MG Fast Passenger,PASS-TRAINS
52983,Fatehabad Mhow Passenger,PASS-TRAINS
14202,Rai Bareli Jaunpur Express,EXP-TRAINS
15632-Slip,Guwahati Barmer Express Slip,EXP-TRAINS
18508,AMRITSAR - VISAKHAPATNAM Hirakud Exp,EXP-TRAINS
25631,Bikaner Guwahati Express,EXP-TRAINS
52984,Mhow Fatehabad Fast Passenger,PASS-TRAINS
52985,Indore Mg Mhow Passenger,PASS-TRAINS
52986,Mhow Indore MG Pass,PASS-TRAINS
52987,Mhow Akola Fast Passenger,PASS-TRAINS
52988,Akola Mhow Fast Passenger,PASS-TRAINS
52989,Ujjain Mhow Passenger,PASS-TRAINS
52990,Mhow Ujjain Passenger,PASS-TRAINS
52991,Ujjain Khandwa Passenger,PASS-TRAINS
52992,Khandwa Ujjain Passenger Express,PASS-TRAINS
52993,Mhow Akola Passenger,PASS-TRAINS
52994,Akola Mhow Passenger,PASS-TRAINS
53001,Howrah Azimganj Passenger,PASS-TRAINS
53002,Azimganj Howrah Passenger,PASS-TRAINS
53003,Howrah Malda Town Fast Passenger,PASS-TRAINS
53004,Malda Howrah Fast Passenger,PASS-TRAINS
53006,Azimganj Katwa Passenger,PASS-TRAINS
53007,Katwa Rampurhat Passenger,PASS-TRAINS
53008,Rampurhat Katwa Passenger,PASS-TRAINS
53010,Azimganj Katwa Passenger,PASS-TRAINS
53012,Azimganj Katwa Passenger,PASS-TRAINS
53014,Azimganj Katwa Passenger,PASS-TRAINS
53016,Azimganj Katwa Passenger,PASS-TRAINS
53017,Katwa Azimganj Passenger,PASS-TRAINS
53018,Azimganj Katwa Passenger,PASS-TRAINS
53022,Bhagalpur Azimganj Passenger,PASS-TRAINS
53035,Azimganj Barharwa Passenger,PASS-TRAINS
53043,Howrah-Rajgir Fast Passenger,PASS-TRAINS
53044,Rajgir-Howrah Fast Passenger,PASS-TRAINS
53045,Mayurakshi Fast Passenger,PASS-TRAINS
53046,Mayurakshi Fast Passenger,PASS-TRAINS
53047,Viswabharati Fast Passenger,PASS-TRAINS
53048,Viswabharati Fast Passenger,PASS-TRAINS
53050,Mokameh Howrah Passenger,PASS-TRAINS
53061,Barddhaman-Hatia Passenger,PASS-TRAINS
53062,Hatia Barddhaman Passenger,PASS-TRAINS
53064,Barharwa Barddhaman Passenger,PASS-TRAINS
53065,Barddhaman Rampurhat Passenger,PASS-TRAINS
53066,Rampurhat Barddhaman Passenger,PASS-TRAINS
53067,Barddhaman Rampurhat Passenger,PASS-TRAINS
53208,Buxar Islampur Passenger,PASS-TRAINS
53213,Buxar Mughal Sarai Passenger,PASS-TRAINS
53215,Buxar Mughal Sarai Passenger,PASS-TRAINS
53217,Buxar Mughal Sarai Passenger,PASS-TRAINS
18047,HOWRAH - VASCO DA GAMA Amravati Exp,EXP-TRAINS
51196,Ballarshah Wardha Mumbai Passenger,PASS-TRAINS
53068,Rampurhat Barddhaman Passenger,PASS-TRAINS
53070,Rampurhat Barddhaman Passenger,PASS-TRAINS
53073,Rampurhat Sahibganj Passenger,PASS-TRAINS
53074,Sahibganj Rampurhat Passenger,PASS-TRAINS
53132,Muzaffarpur Sealdah Passenger,PASS-TRAINS
53135,Sealdah Rampurhat Passenger,PASS-TRAINS
53136,Rampurhat Sealdah Passenger,PASS-TRAINS
53137,Rampurhat- Barharwa Passenger,PASS-TRAINS
53139,KolkataChitpur-Chittaranjan Passenger,PASS-TRAINS
53140,Chittranjan-KolkataChitpur Passenger,PASS-TRAINS
53152,Lalgola Ranaghat Passenger,PASS-TRAINS
53153,Ranaghat Lalgola Passenger,PASS-TRAINS
53154,Lalgola Ranaghat Passenger,PASS-TRAINS
53155,Ranaghat Lalgola Passenger,PASS-TRAINS
53156,LGL Ranaghat Passenger,PASS-TRAINS
53172,Lalgola Sealdah Passenger,PASS-TRAINS
53173,Sealdah Lalgola Passenger,PASS-TRAINS
53174,Lalgola Sealdah Passenger,PASS-TRAINS
53175,Sealdah Lalgola Passenger,PASS-TRAINS
53177,Sealdah Lalgola Fast Passenger,PASS-TRAINS
53178,Lalgola Sealdah Fast Passenger,PASS-TRAINS
53179,Kolkata Lalgola Passenger,PASS-TRAINS
53180,Lalgola Kolkata Passenger,PASS-TRAINS
53181,Lalgola Passenger,PASS-TRAINS
53203,Patna Buxar Passenger,PASS-TRAINS
53204,Buxar Patna Passenger,PASS-TRAINS
53205,Patna Buxar Passenger,PASS-TRAINS
53206,Buxar Patna Passenger,PASS-TRAINS
53207,Islampur Buxar Passenger,PASS-TRAINS
53214,Mughal Sarai Buxar Passenger,PASS-TRAINS
53216,Mughal Sarai Buxar Passenger,PASS-TRAINS
53218,Mughal Sarai Buxar Passenger,PASS-TRAINS
53219,Buxar Mughal Sarai Passenger,PASS-TRAINS
53227,Darbhanga-Patna Kamala Ganga Fast Passenger,PASS-TRAINS
53228,Kamla Ganga Fast Passenger,PASS-TRAINS
53229,Rajgir Danapur Passenger,PASS-TRAINS
53230,Danapur Rajgir Passenger,PASS-TRAINS
53231,Danapur Rajgir Passenger,PASS-TRAINS
53232,Rajgir Danapur Passenger,PASS-TRAINS
53321,ASANSOL DHANBAD PASS,PASS-TRAINS
53322,Dhanbad-Asansol Passenger MEMU,PASS-TRAINS
53343,NSCB GOMOH - CHOPAN Passenger,PASS-TRAINS
53344,CHOPAN - NSCB GOMOH Passenger,PASS-TRAINS
53345,CHOPAN - ALLAHABAD Passenger,PASS-TRAINS
53346,ALLAHABAD - CHOPAN Passenger,PASS-TRAINS
13071,Jamalpur Express,EXP-TRAINS
18235,Bilaspur Express Cum Passenger,PASS-TRAINS
18409,Sri Jagannath Express,EXP-TRAINS
18645,East Coast Express,EXP-TRAINS
19306,Shipra Express,EXP-TRAINS
22308,Bikaner-Howrah SF Express,SF-TRAINS
23040,Rajgir Howrah Passenger,PASS-TRAINS
37355,Howrah-Tarakeswar Local,EXP-TRAINS
38442,Panskura Howrah EMU,PASS-TRAINS
43891,Avadi Pattabiram East EMU,PASS-TRAINS
51816,Agra Jhansi Passenger,PASS-TRAINS
53049,Howrah Mokameh Passenger,PASS-TRAINS
53323,SINDRI TOWN DHANBAD PASSSENGE,PASS-TRAINS
53324,Dhanbad Sindri Town Passenger,PASS-TRAINS
53325,Sindri Town Dhanbad Passenger,PASS-TRAINS
53326,Dhanbad Sindri Town Passenger,PASS-TRAINS
53327,Sindri Town Gomoh Passenger,PASS-TRAINS
53328,Gomoh Sindri Town Passenger,PASS-TRAINS
53333,Sindri Town Dhanbad Passenger,PASS-TRAINS
53334,DHANBAD SINDRI TOWN PASSENGER,PASS-TRAINS
53336,Ranchi Dhanbad Passenger,PASS-TRAINS
53337,Garhbeta Ranchi Passenger,PASS-TRAINS
53338,Ranchi Garhbeta Passenger,PASS-TRAINS
53339,Dhanbad Chandrapura Passenger,PASS-TRAINS
53340,Chandrapura Dhanbad Passenger,PASS-TRAINS
53341,Dhanbad-Muri Passenger,PASS-TRAINS
53342,Muri-Dhanbad Passenger,PASS-TRAINS
53347,Gomoh Barwadih Passenger,PASS-TRAINS
53348,Barwadih Gomoh Passenger,PASS-TRAINS
53350,Dehri on Sone Barwadih Passenger,PASS-TRAINS
53351,Barwadih-Chunar Passenger,PASS-TRAINS
53352,Chunar Chopan Passenger,PASS-TRAINS
53358,Dehari On Sone - Barkakana Passenger,PASS-TRAINS
53359,Gomoh Barka Kana Passenger,PASS-TRAINS
53360,Barkakana-NSBC Gomoh Passenger,PASS-TRAINS
53361,Barka Kana Varanasi Passenger,PASS-TRAINS
53362,Varanasi-Barkakana Passenger,PASS-TRAINS
53364,Dehri On Sone Gaya Passenger,PASS-TRAINS
53401,Sahibganj- Malda Town Passenger,PASS-TRAINS
53402,Malda Town- Sahibganj Passenger,PASS-TRAINS
53403,Rampurhat Gaya Passenger,PASS-TRAINS
53406,Sahibganj- Rampurhat Passenger,PASS-TRAINS
53412,Sahibganj Barharwa Passenger,PASS-TRAINS
53417,Barddhaman MaldaTown Passenger,PASS-TRAINS
53418,Malda Town Barddhaman Passenger,PASS-TRAINS
53551,Jasidih-Dumka Passenger,PASS-TRAINS
53553,Jasidih-Dumka Passenger,PASS-TRAINS
53567,asansol jhajha mEMU,PASS-TRAINS
11055,MUMBAI LTT - GORAKHPUR Exp,EXP-TRAINS
11107,Gwalior-Varanasi Bundelkhand Express,EXP-TRAINS
15270,AHMEDABAD - MUZAFFARPUR Jan Sadharan Exp,EXP-TRAINS
16519,JOLARPETTAI - BANGALORE Exp,EXP-TRAINS
32252,Dankuni Sealdah Local,EXP-TRAINS
51253,Amla Chhindwara Passenger,PASS-TRAINS
51882,Agra Gwalior Fast Passenger,PASS-TRAINS
52173,Gwalior Sabalgarh Passenger,PASS-TRAINS
53442,Bhagalpur Mandar Hill Passenger,PASS-TRAINS
53481,Tinpahar Rajmahal Pass,PASS-TRAINS
53482,Rajmahal Tinpahar Passenger,PASS-TRAINS
53483,Tinpahar Rajmahal Pass,PASS-TRAINS
53484,Rajmahal Tinpahar Passenger,PASS-TRAINS
53485,Tinpahar Rajmahal Pass,PASS-TRAINS
53487,Tinpahar Rajmahal Pass,PASS-TRAINS
53490,Rajmahal Tinpahar Passenger,PASS-TRAINS
53491,Tinpahar Rajmahal Pass,PASS-TRAINS
53492,Rajmahal Tinpahar Passenger,PASS-TRAINS
53493,Tinpahar Rajmahal Pass,PASS-TRAINS
53494,Rajmahal-Teenpahar Pass.,PASS-TRAINS
53511,Madhupur Giridih Pass,PASS-TRAINS
53512,GIRIDIH MADHUPUR PASS,PASS-TRAINS
53513,MADHUPUR GIRIDIH PASS,PASS-TRAINS
53514,Giridih-Madhupur Passenger,PASS-TRAINS
53517,MADHUPUR GIRIDIH PASS,PASS-TRAINS
53518,GIRIDIH MADHUPUR PASS,PASS-TRAINS
53519,MADHUPUR GIRIDIH PASS,PASS-TRAINS
53520,Giridih-Madhupur Passenger,PASS-TRAINS
53547,Andal-Jasidih Passenger,PASS-TRAINS
53548,Jasidih Andal Passenger,PASS-TRAINS
53552,Dumka-Jasidih Passenger,PASS-TRAINS
53554,Dumka-Jasidih Passenger,PASS-TRAINS
53602,Dehri On Sone Gaya Passenger,PASS-TRAINS
53603,Gaya Dehri On Sone Passenger,PASS-TRAINS
53604,Dehri-on-Sone Gaya Passenger,PASS-TRAINS
53607,Gaya Dehri on Sone Passenger,PASS-TRAINS
53641,Dildarnagar Mughal Sarai Passenger,PASS-TRAINS
53643,Dildarnagar Tarighat Passenger,PASS-TRAINS
53644,Tarighat Dildarnagar Passenger,PASS-TRAINS
53645,Dildarnagar Tarighat Passenger,PASS-TRAINS
53646,Tarighat Dildarnagar Passenger,PASS-TRAINS
53647,Dildarnagar Tarighat Passenger,PASS-TRAINS
54001,Tilak Bridge Rohtak Shuttle,EXP-TRAINS
54002,Rohtak Tilak Bridge Passenger,PASS-TRAINS
54011,Rewari Passenger,PASS-TRAINS
54012,Rewari Tilak Bridge Passenger,PASS-TRAINS
54022,Tilak Bridge Delhi Bulandshahr Passenger,PASS-TRAINS
57517,Hyderabad-Tandur Passenger,PASS-TRAINS
19916,Ahmedabad Mahesana InterCity,EXP-TRAINS
53036,Barharwa Azimganj Passenger,PASS-TRAINS
53609,Dehri on Sone Mughal Sarai Passenger,PASS-TRAINS
53611,Barwadih Dehri on Sone Passenger,PASS-TRAINS
53612,Dehri on Sone Barwadih Passenger,PASS-TRAINS
53614,Mughal Sarai Gaya Fast Passenger,PASS-TRAINS
53616,GAYA JAMALPUR PASS,PASS-TRAINS
53623,JHAJHA - GAYA Passenger,PASS-TRAINS
53624,GAYA - JHAJHA Passenger,PASS-TRAINS
53625,Kiul Gaya Passenger,PASS-TRAINS
53626,Gaya Kiul Passenger,PASS-TRAINS
53627,Kiul Gaya Passenger,PASS-TRAINS
53628,Gaya Kiul Passenger,PASS-TRAINS
53629,Kiul Gaya Passenger,PASS-TRAINS
53630,Gaya Kiul Passenger,PASS-TRAINS
53631,Kiul Gaya Passenger,PASS-TRAINS
53632,Gaya Kiul Passenger,PASS-TRAINS
53642,Mughal Sarai Dildarnagar Passenger,PASS-TRAINS
53648,Tarighat Dildarnagar Passenger,PASS-TRAINS
53653,Patna Gaya Passenger,PASS-TRAINS
53654,Gaya Patna Passenger MEMU,PASS-TRAINS
53659,Patna-Sasaram Passenger,PASS-TRAINS
54003,H Nizamuddin Kosi Kalan,EXP-TRAINS
54004,H Nizamuddin Kosi Kalan,EXP-TRAINS
54006,JIND - ROHTAK  Passenger (UnReserved),PASS-TRAINS
54007,ROHTAK - PANIPAT - JIND Passenger (UnReserved),PASS-TRAINS
54008,JIND - ROHTAK PASSENGER,PASS-TRAINS
54009,JIND - ROHTAK PASSENGER,PASS-TRAINS
54013,Rohtak Bhiwani Passenger,PASS-TRAINS
54014,Bhiwani Rohtak Passenger,PASS-TRAINS
54015,Rohtak Bhiwani Passenger,PASS-TRAINS
54016,Bhiwani Rohtak Passenger,PASS-TRAINS
54018,Bhiwani Rohtak Passenger,PASS-TRAINS
54021,Tilak Bridge Passenger,PASS-TRAINS
54023,Rohtak Jind Passenger,PASS-TRAINS
54024,Jind Delhi Passenger,PASS-TRAINS
54043,Jind Sirsa Passenger,PASS-TRAINS
54044,Sirsa Jind Passenger,PASS-TRAINS
54045,Jind Firozpur Passenger,PASS-TRAINS
54046,Jind Firozpur Passenger,PASS-TRAINS
54051,Ludhiana Firozpur Passenger,PASS-TRAINS
54052,Ludhiana Firozpur Passenger,PASS-TRAINS
54053,Jakhal Ludhiana Passenger,PASS-TRAINS
54054,Ludhiana Jakhal Passenger,PASS-TRAINS
54077,Bareilly Delhi Passenger,PASS-TRAINS
54078,Shajahanpur Passenger Slip Ex Bareilly,PASS-TRAINS
54091,Najibabad Kotdwara Pass,PASS-TRAINS
54104,Mughal Sarai Allahabad Passenger,PASS-TRAINS
54031,DELHI - JIND PASSENGER,PASS-TRAINS
54032,JIND - DELHI PASSENGER,PASS-TRAINS
54033,OLD DELHI - NARWANA Pass,PASS-TRAINS
54034,JIND - DELHI Pass,PASS-TRAINS
54035,DELHI  - JAKHAL PASSENGER,PASS-TRAINS
54036,JAKHAL - DELHI PASSENGER,PASS-TRAINS
54037,Kurukshetra Jind Passenger,PASS-TRAINS
54038,Jind Kurukshetra Passenger,PASS-TRAINS
54039,Kurukshetra Jind Passenger,PASS-TRAINS
54040,Jind Kurukshetra Passenger,PASS-TRAINS
54041,Kurukshetra Jind Passenger,PASS-TRAINS
54042,Jind Kurukshetra Passenger,PASS-TRAINS
54047,Jind Kurukshetra Passenger,PASS-TRAINS
54048,Jind Nrw Kurukshetra Passenger,PASS-TRAINS
54049,ROHTAK - JIND PASSENGER,PASS-TRAINS
54050,ROHTAK - JIND PASSENGER,PASS-TRAINS
54055,Moradabad Delhi Passenger,PASS-TRAINS
54057,Delhi Shamli Passenger,PASS-TRAINS
54058,Shamli Delhi Passenger,PASS-TRAINS
54059,Delhi Shamli Passenger,PASS-TRAINS
54060,Shamli Delhi Passenger,PASS-TRAINS
54071,Hoshiarpur Jalandhar DMU,EXP-TRAINS
54072,Jalandhar Hoshiarpur DMU,EXP-TRAINS
54075,Sitapur Delhi Passenger,PASS-TRAINS
54076,Delhi - Sitapur Cant Passenger,PASS-TRAINS
54085,Delhi Rewari Pass,PASS-TRAINS
54086,Rewari Delhi Pass,PASS-TRAINS
54102,Kanpur Allahabad Passenger,PASS-TRAINS
54105,Mughalsarai Allahabad Passenger,PASS-TRAINS
54106,Allahabad Mughal Sarai Passenger,PASS-TRAINS
54107,Allahabad Jaunpur Passenger,PASS-TRAINS
54108,Allahabad Jaunpur Passenger,PASS-TRAINS
54109,Mughal Sarai Faizabad Passenger,PASS-TRAINS
54157,Jhansi Kanpur Passenger,PASS-TRAINS
54158,Kanpur Jhansi Passenger,PASS-TRAINS
54160,Banda Jhansi Passenger,PASS-TRAINS
54192,Kila Hathras Passenger,PASS-TRAINS
54193,Hathras Kila Passenger,PASS-TRAINS
54221,RBL RAGHURAJ SINGH PASS,PASS-TRAINS
54223,RBL RAGHURAJ SINGH PASS,PASS-TRAINS
54226,Raibareli Unchahar Passenger,PASS-TRAINS
54232,Lucknow-Faizabad Passenger,PASS-TRAINS
54234,Lucknow Faizabad Passenger,PASS-TRAINS
54239,Mankapur Faizabad Passenger,PASS-TRAINS
54243,Mankapur Ayodhya Passenger,PASS-TRAINS
54251,Lucknow Saharanpur Passenger,PASS-TRAINS
54254,Lucknow Pratapgarh,EXP-TRAINS
54271,Arrah-Sasaram-Mughal Sarai Passenger,PASS-TRAINS
53138,Barharwa- Rampurhat Passenger,PASS-TRAINS
54110,Faizabad Mughal Sarai Passenger,PASS-TRAINS
54151,Fatehpur Kanpur Passenger,PASS-TRAINS
54152,Kanpur Fatehpur Passenger,PASS-TRAINS
54153,Rae Bareli Kanpur Passenger,PASS-TRAINS
54154,Kanpur Rae Bareli Passenger,PASS-TRAINS
54155,Manikpur Kanpur Passenger,PASS-TRAINS
54156,Kanpur Manikpur Passenger,PASS-TRAINS
54211,Rae Bareli Kanpur Passenger,PASS-TRAINS
54212,Kanpur Rae Bareli Passenger,PASS-TRAINS
54222,Lalganj Dalmau Rai Bareli Passenger,PASS-TRAINS
54224,LalGanj Rae Bareli Passenger,PASS-TRAINS
54225,Unchahar Raebareli Shuttle,EXP-TRAINS
54227,Unchahar Raebareli Shuttle,EXP-TRAINS
54228,Raibareli Unchahar Passenger,PASS-TRAINS
54233,Faizabad Lucknow Passenger,PASS-TRAINS
54237,Mankapur Ayodhya Passenger,PASS-TRAINS
54238,Faizabad Mankapur Passenger,PASS-TRAINS
54240,Ayodhya Mankapur Passenger,PASS-TRAINS
54244,Ayodhya Mankapur Passenger,PASS-TRAINS
54252,Saharanpur Lucknow Passenger,PASS-TRAINS
54253,Prayag Ghat Lucknow Passenger,PASS-TRAINS
54255,VARANASI - LUCKNOW PASSENGER,PASS-TRAINS
54256,LUCKNOW - VARANASI PASSENGER,PASS-TRAINS
54262,Mughal Sarai Jaunpur Passenger,PASS-TRAINS
54263,Varanasi Sultanpur Passenger,PASS-TRAINS
54264,Sultanpur Varanasi Passenger,PASS-TRAINS
54265,Varanasi Sultanpur Passenger,PASS-TRAINS
54266,Sultanpur Varanasi Passenger,PASS-TRAINS
54267,Mughal Sarai Varanasi Passenger,PASS-TRAINS
54270,Varanasi Mughal Sarai Passenger,PASS-TRAINS
54273,Arrah Sasaram Passenger,PASS-TRAINS
54274,Sasaram Arrah Passenger,PASS-TRAINS
54293,Partapgarh Lucknow Passenger,PASS-TRAINS
54294,Lucknow Partapgarh Passenger,PASS-TRAINS
54303,Delhi Kalka Passenger,PASS-TRAINS
54304,Kalka Delhi Passenger,PASS-TRAINS
54310,Rewari Delhi Passenger,PASS-TRAINS
54328,Shahjehanpur Sitapur Passenger,PASS-TRAINS
54329,Balamau Shahjahanpur Passenger,PASS-TRAINS
54330,Shahjehanpur Balamu Passenger,PASS-TRAINS
54331,Lucknow Balamau Passenger,PASS-TRAINS
54332,Balamu Lucknow Passenger,PASS-TRAINS
54334,Lucknow Varanasi Passenger,PASS-TRAINS
54351,Aligarh Bareilly Passenger,PASS-TRAINS
54352,Bareilly Aligarh Passenger,PASS-TRAINS
54466,TUNDLA - FARRUKHABAD PASSENGER,PASS-TRAINS
12285,Secunderabad- Hazrat Nizamuddin Duronto Express,PRM-TRAINS
12918,Gujarat Sampark Kranti Express,EXP-TRAINS
17002,Secunderabad Sainagar Shirdi Express,EXP-TRAINS
17050-Slip,Machilipatnam Express Slip,EXP-TRAINS
22111,Bhusaval Nagpur (Triweekly) Express,SF-TRAINS
47172,Secunderabad Falaknuma MMTS,EXP-TRAINS
47205,Secunderabad Falaknuma MMTS,EXP-TRAINS
52253,Gonda Mailani Passenger,PASS-TRAINS
53411,Barharwa Sahibganj Passenger,PASS-TRAINS
53608,Dehri on Sone Gaya Passenger,PASS-TRAINS
54231,Faizabad Lucknow Passenger,PASS-TRAINS
54272,Mughal Sarai-Sasaram-Arrah Passenger,PASS-TRAINS
54281,Sultanpur Lucknow Passenger,PASS-TRAINS
54282,Lucknow Sultanpur Passenger,PASS-TRAINS
54283,Sultanpur Lucknow Passenger,PASS-TRAINS
54284,Lucknow Sultanpur Passenger,PASS-TRAINS
54291,Varanasi Partapgarh Passenger,PASS-TRAINS
54292,Partapgarh Varanasi Passenger,PASS-TRAINS
54301,Hapur Ghaziabad Shuttle,EXP-TRAINS
54302,Ghaziabad Hapur Passenger,PASS-TRAINS
54312,Moradabad Bareilly Passenger,PASS-TRAINS
54322,Sitapur Cantt Balamau Passenger,PASS-TRAINS
54323,BURHWAL - SITAPUR CANT PASSENGER,PASS-TRAINS
54324,SITAPUR - BURHWAL Passenger,PASS-TRAINS
54325,Sitapur Kanpur DMU,EXP-TRAINS
54326,KANPUR SITAPUR PASS,PASS-TRAINS
54327,Sitapur Shahjehanpur Passenger,PASS-TRAINS
54333,Varanasi Lucknow Passenger,PASS-TRAINS
54335,Balamau Kanpur Passenger,PASS-TRAINS
54341,Sharanpur Dehradun Passenger,PASS-TRAINS
54342,Dehradun Saharanpur Passenger,PASS-TRAINS
54354,BAREILLY - ALIGARH PASSENGER,PASS-TRAINS
54355,Roza Bareilly Passenger,PASS-TRAINS
54356,Bareilley Roza junction passenger,PASS-TRAINS
54371,Prayag Faizabad Passenger,PASS-TRAINS
54372,Faizabad Prayag Passenger,PASS-TRAINS
54374,Faizabad Prayag Passenger,PASS-TRAINS
54375,Prayag Jaunpur Passenger,PASS-TRAINS
54376,Jaunpur Prayag Passenger,PASS-TRAINS
54392,MORADABAD  -  ALIGARH PASSENGER,PASS-TRAINS
54401,Khurja Meerut Passenger,PASS-TRAINS
54403,Khurja Meerut Passenger,PASS-TRAINS
54461,BANDIKUI - BAREILLY Passenger,PASS-TRAINS
54462,BAREILLY - BANDIKUI Passenger,PASS-TRAINS
54464,RISHIKESH - BANDIKUI Passenger,PASS-TRAINS
54465,FARRUKHABAD - TUNDLA PASSENGER,PASS-TRAINS
58838,Chhindwara Ramakon Nagpur Passenger,PASS-TRAINS
54373,Prayag Faizabad Passenger,PASS-TRAINS
54377,Allahabad Passenger,PASS-TRAINS
54378,Bareilly Allahabad Passenger,PASS-TRAINS
54382,Najibabad Gajraula Passenger,PASS-TRAINS
54383,Gajraula Najibabad Passenger,PASS-TRAINS
54384,Najibabad Gajraula Passenger,PASS-TRAINS
54385,Najibabad Kotdwara Passenger,PASS-TRAINS
54386,Kotdwara Najibabad Passenger,PASS-TRAINS
54387,Najibabad Kotdwara Pass,PASS-TRAINS
54388,Kotdwara Najibabad Pass,PASS-TRAINS
54389,Najibabad Kotdwara Pass,PASS-TRAINS
54390,Kotdwara Najibabad Pass,PASS-TRAINS
54402,Meerut Khurja Passenger,PASS-TRAINS
54405,Khurja Meerut Passenger,PASS-TRAINS
54406,Meerut Khurja Passenger,PASS-TRAINS
54411,Rewari Meerut Cantt. Passenger,PASS-TRAINS
54412,Meerut NDLS Rewari Passenger,PASS-TRAINS
54413,Delhi Rewari Passenger,PASS-TRAINS
54414,Rewari Delhi Passenger,PASS-TRAINS
54416,Rewari Delhi Sarai Rohilla Passenger,PASS-TRAINS
54417,Delhi Rewari Passenger,PASS-TRAINS
54418,Rewari Delhi Passenger,PASS-TRAINS
54419,Delhi Sarai Rohilla Rewari Passenger,PASS-TRAINS
54420,Rewari Delhi Passenger,PASS-TRAINS
54421,Rewari Delhi Sarai Rohilla Passenger,PASS-TRAINS
54422,Rewari Delhi Sarai Rohilla Passenger,PASS-TRAINS
54463,BANDIKUI - RISHIKESH Passenger,PASS-TRAINS
54471,Delhi Rishikesh Passenger,PASS-TRAINS
54472,Rishikesh Delhi Passenger,PASS-TRAINS
54474,Saharanpur Delhi Passenger,PASS-TRAINS
54475,Haridwar Passenger,PASS-TRAINS
54476,Haridwar Delhi Passenger,PASS-TRAINS
54481,Haridwar Rishikesh Passenger,PASS-TRAINS
54482,Rishikesh Haridwar Passenger,PASS-TRAINS
54483,Haridwar Rishikesh Passenger,PASS-TRAINS
54484,Rishikesh Haridwar Passenger,PASS-TRAINS
54485,Haridwar Rishikesh Passenger,PASS-TRAINS
54486,Rishikesh Haridwar Passenger,PASS-TRAINS
54502,Bhiwani Delhi Passenger,PASS-TRAINS
54503,Delhi Bhiwani Passenger,PASS-TRAINS
54506,Ambala Delhi Passenger,PASS-TRAINS
54531,Ambala Kalka Shuttle,EXP-TRAINS
54542,AMBALA MEERUT PASS,PASS-TRAINS
54551,Ambala Bhatinda Passenger,PASS-TRAINS
54553,Ambala Dhuri Passenger,PASS-TRAINS
54572,Ludhiana Ferozpur Passenger,PASS-TRAINS
54575,Lohian Khas Ludhiana Passenger,PASS-TRAINS
54576,Lohian Khas Ludhiana Passenger,PASS-TRAINS
54468,Etah Tundla Passenger,PASS-TRAINS
54469,Tundla Barhan Etah Passenger,PASS-TRAINS
54470,Etah Tundla Passenger,PASS-TRAINS
54473,Delhi Saharanpur Passenger,PASS-TRAINS
54505,Delhi Ambala Passenger,PASS-TRAINS
54511,Ambala Nangal Dam,EXP-TRAINS
54521,Delhi Saharanpur Passenger,PASS-TRAINS
54522,Saharanpur Delhi Passenger,PASS-TRAINS
54532,Ambala Kalka Passenger,PASS-TRAINS
54539,Nizamuddin Ambala Passenger,PASS-TRAINS
54540,Ambala Delhi Passenger,PASS-TRAINS
54541,MEERUT AMBALA PASS,PASS-TRAINS
54555,Dhuri Bathinda Passenger,PASS-TRAINS
54556,Bhatinda Ambala Passenger,PASS-TRAINS
54557,Ambala Patiala Passenger,PASS-TRAINS
54558,Patiala Ambala Passenger,PASS-TRAINS
54559,Bathinda Fazilka (Via Abohar) Passenger,PASS-TRAINS
54560,Fazilka Bathinda (Via Abohar) Passenger,PASS-TRAINS
54561,Firozpur Bhatinda Passenger,PASS-TRAINS
54562,Firozpur Bhatinda Passenger,PASS-TRAINS
54563,Firozpur Bhatinda Passenger,PASS-TRAINS
54564,Firozpur Bhatinda Passenger,PASS-TRAINS
54581,Nangal Dam Una Himachal Passenger,PASS-TRAINS
54582,Una Nangal Dam Passenger,PASS-TRAINS
54601,Hisar Amritsar Passenger,PASS-TRAINS
54603,Hisar Ludhiana Passenger,PASS-TRAINS
54605,Hisar Ludhiana Passenger,PASS-TRAINS
54621,Jalandhar Pathankot Passenger,PASS-TRAINS
54622,Pathankot Jalandhar Passenger,PASS-TRAINS
54625,Jaijon Doaba Jalandhar Passenger,PASS-TRAINS
54626,Jalandhar Jaijon Doaba Passenger,PASS-TRAINS
54631,Dhuri Jakhal Hisar Passenger,PASS-TRAINS
54632,Dhuri Hisar Passenger,PASS-TRAINS
54633,Hisar Ludhiana Passenger,PASS-TRAINS
54634,Ludhiana Hisar Passenger,PASS-TRAINS
54636,Ludhiana Hisar Passenger,PASS-TRAINS
54637,Hoshiarpur-Jalandhar City DMU,EXP-TRAINS
54638,Jalandhar City Hoshiarpur DMU,EXP-TRAINS
54641,DELHI - FIROZPUR Passenger,PASS-TRAINS
54642,FIROZPUR - DELHI Passenger,PASS-TRAINS
54643,JALANDHAR CITY - FIROZPUR CANT PASSENGER,PASS-TRAINS
54644,FIROZPUR CANT - JALANDHAR CITY PASSENGER,PASS-TRAINS
54645,Ludhiana Firozpur Passenger,PASS-TRAINS
54653,Jammu Udhampur Passenger,PASS-TRAINS
54654,Udhampur Jammu Passenger,PASS-TRAINS
54701,Bhatinda Lalgarh Passenger,PASS-TRAINS
56373,Guruvayur Thrissur Passenger,PASS-TRAINS
53423,JAMALPUR KIUL PASS,PASS-TRAINS
54611,Amritsar Batala Pathankot DMU,EXP-TRAINS
54612,Amritsar Batala Pathankot,EXP-TRAINS
54613,Amritsar Pathankot DMU,EXP-TRAINS
54614,Amritsar Batala Pathankot Passenger,PASS-TRAINS
54615,Amritsar Pathankot DMU,EXP-TRAINS
54616,Amritsar Batala Pathankot DMU,EXP-TRAINS
54635,Hisar Ludhiana Passenger,PASS-TRAINS
54646,Ludhiana Firozpur Passenger,PASS-TRAINS
54702,Bikaner Abohar Passenger,PASS-TRAINS
54703,Abohar Jodhpur passenger,PASS-TRAINS
54751,Rewari Shri Ganganagar,EXP-TRAINS
54752,Shri Ganganagar Rewari,EXP-TRAINS
54753,Bhatinda Shri Ganganagar Passenger,PASS-TRAINS
54754,Shri Ganganagar Bhatinda Passenger,PASS-TRAINS
54755,Bhatinda Shri Ganganagar Passenger,PASS-TRAINS
54756,Sriganganagar Bathinda Passenger,PASS-TRAINS
54757,Ambala Cantt. Shri Ganganagar Passenger,PASS-TRAINS
54758,Shri Ganganagar Bathinda Passenger,PASS-TRAINS
54781,Bhatinda Rewari Passenger,PASS-TRAINS
54782,Rewari Bhatinda Passenger,PASS-TRAINS
54783,Fazilka Rewari Passenger,PASS-TRAINS
54784,Rewari Fazilka Passenger,PASS-TRAINS
54785,Firozpur Fazilka Passenger,PASS-TRAINS
54786,Fazilka Fir Passenger,PASS-TRAINS
54787,Bhiwani Rewari Passenger,PASS-TRAINS
54788,Rewari Bhiwani Passenger,PASS-TRAINS
54791,Mathura Alwar Bhiwani Passenger,PASS-TRAINS
54792,Bhiwani Mathura Passenger,PASS-TRAINS
54793,Sawai Madhopur Mathura Passenger,PASS-TRAINS
54794,Mathura Bayana Passenger,PASS-TRAINS
54805,Ahmedabad Ajmer Passenger,PASS-TRAINS
54806,Ajmer Ahmedabad Passenger,PASS-TRAINS
54807,Ajmer Jaipur Passenger,PASS-TRAINS
54809,Rewari-Degana Passenger,PASS-TRAINS
54810,Degana Rewari Pass,PASS-TRAINS
54811,Bhopal Jodhpur Passenger,PASS-TRAINS
54812,Jodhpur Bhopal Passenger,PASS-TRAINS
55002,Ayodhya Gorakhpur Passenger,PASS-TRAINS
55008,Thawe Hajipur Passenger,PASS-TRAINS
55009,Bhatni Chhapra Passenger,PASS-TRAINS
55012,Gorakhpur Siwan Passenger,PASS-TRAINS
55013,Chhapra Varanasi Passenger,PASS-TRAINS
55015,Sonpur-Narkatiaganj Passenger,PASS-TRAINS
55017,Chhapra-Mau Passenger,PASS-TRAINS
55019,Chhapra Gorakhpur Passenger,PASS-TRAINS
56605,Coimbatore Thrissur Passenger,PASS-TRAINS
53430,JAMALPUR RAMPURHAT PASS,PASS-TRAINS
53432,JAMALPUR RAMPURHAT PASS,PASS-TRAINS
54801,JODHPUR - AJMER Fast Passenger,PASS-TRAINS
54802,AJMER - JODHPUR Fast Passenger,PASS-TRAINS
54803,JODHPUR - AHMEDABAD Passenger,PASS-TRAINS
54804,AHMEDABAD - JODHPUR Passenger,PASS-TRAINS
54813,Jodhpur Barmer Passenger,PASS-TRAINS
54814,Barmer Jodhpur Passenger,PASS-TRAINS
54815,Jodhpur Barmer Passenger,PASS-TRAINS
54816,Barmer Jodhpur Passenger,PASS-TRAINS
54817,Jaisalmer Jodhpur Passenger,PASS-TRAINS
54818,Jodhpur Jaisalmer Passenger,PASS-TRAINS
54819,JAISALMER - JODHPUR PASSENGER,PASS-TRAINS
54820,JODHPUR - JAISALMER PASSENGER,PASS-TRAINS
54821,Jodhpur Bhildi Passenger,PASS-TRAINS
54822,Bhildi Jodhpur Passenger,PASS-TRAINS
54823,Jodhpur Hissar passenger,PASS-TRAINS
54824,Hissar Jodhpur passenger,PASS-TRAINS
54881,Barmer Munabao Passenger,PASS-TRAINS
54882,Munabao Barmer Passenger,PASS-TRAINS
55005,Raxaul Sugauli Passenger,PASS-TRAINS
55006,Sugauli Raxaul Passenger,PASS-TRAINS
55007,Hajipur Thawe Passenger,PASS-TRAINS
55018,Mau- Chhapra Passenger,PASS-TRAINS
55020,Gorakhpur Chhapra Passenger,PASS-TRAINS
55024,Raxaul Muzaffarpur Passenger,PASS-TRAINS
55025,Gorakhpur Gonda Passenger,PASS-TRAINS
55026,Gonda Gorakhpur Passenger,PASS-TRAINS
55027,Gorakhpur Gonda Passenger,PASS-TRAINS
55028,Gonda Gorakhpur Passenger,PASS-TRAINS
55030,Lucknow Gonda Passenger,PASS-TRAINS
55031,Gonda Lucknow Passenger,PASS-TRAINS
55032,Lucknow Gonda Passenger,PASS-TRAINS
55033,Sitapur Gonda Passenger,PASS-TRAINS
55034,Gonda Sitapur Passenger,PASS-TRAINS
55035,GONDA - SITAPUR Pass,PASS-TRAINS
55036,SITAPUR -GONDA Pass,PASS-TRAINS
55037,BURHWAL - SITAPUR PASS,PASS-TRAINS
55038,SITAPUR - BURHWAL PASS,PASS-TRAINS
55045,Shahjehanpur Sitapur Passenger,PASS-TRAINS
55046,Shahjehanpur Sitapur Passenger,PASS-TRAINS
55049,Gonda Lucknow Passenger,PASS-TRAINS
55050,Lucknow-Gonda Passenger,PASS-TRAINS
55101,Bhatani Barhaj Passenger,PASS-TRAINS
55107,Siwan Thawe Passenger,PASS-TRAINS
55115,Chhapra sv Passenger,PASS-TRAINS
55116,Siwan Chhapra Passenger,PASS-TRAINS
55125,Manduadih Allahabad Passenger,PASS-TRAINS
14313,MUMBAI LTT - BAREILLY Weekly Exp,EXP-TRAINS
53422,KIUL JAMALPUR PASS,PASS-TRAINS
53424,KIUL JAMALPUR PASS,PASS-TRAINS
53425,Jamalpur Kiul Passenger,PASS-TRAINS
53427,Jamalpur Kiul Passenger,PASS-TRAINS
53474,JAMALPUR MONGHYAR PASS,PASS-TRAINS
53615,Jamalpur Gaya Passenger,PASS-TRAINS
55039,Gorakhpur Nautanwa Passenger,PASS-TRAINS
55041,Gorakhpur Nautanwa Pass,PASS-TRAINS
55042,Gorakhpur Hajipur Passenger,PASS-TRAINS
55043,Gorakhpur Nautanwa Passenger,PASS-TRAINS
55044,Nautanwa Gorakhpur Passenger,PASS-TRAINS
55108,Thawe Siwan Passenger,PASS-TRAINS
55109,Siwan Thawe Passenger,PASS-TRAINS
55110,Thawe Siwan Passenger,PASS-TRAINS
55111,Siwan Thawe Passenger,PASS-TRAINS
55112,Thawe Siwan Passenger,PASS-TRAINS
55113,Siwan Thawe Passenger,PASS-TRAINS
55114,Thawe Siwan Passenger,PASS-TRAINS
55119,Gorakhpur Varanasi Passenger,PASS-TRAINS
55120,Varanasi Gorakhpur Passenger,PASS-TRAINS
55126,Allahabad Varanasi Passenger,PASS-TRAINS
55128,Allahabad Manduadih Passenger,PASS-TRAINS
55130,Allahabad Varanasi Passenger,PASS-TRAINS
55131,Chhapra Varanasi Passenger,PASS-TRAINS
55133,Ballia Varanasi Passenger,PASS-TRAINS
55137,Ballia Shahganj Passenger,PASS-TRAINS
55139,Ballia Shahganj Passenger,PASS-TRAINS
55143,Aunrihar-Jaunpur Passenger,PASS-TRAINS
55144,Jaunpur-Aunrihar Passenger,PASS-TRAINS
55145,Salempur Barhaj Passenger,PASS-TRAINS
55146,Barhaj Bazar Salempur Passenger,PASS-TRAINS
55159,Aunrihar- Jaunpur Passenger,PASS-TRAINS
55160,Jaunpur- Aunrihar Passenger,PASS-TRAINS
55162,Jaunpur- Aunrihar Passenger,PASS-TRAINS
55207,Muzaffarpur Gorakhpur Passenger,PASS-TRAINS
55211,Muzaffarpur Raxaul Passenger,PASS-TRAINS
55212,Raxaul Muzaffarpur Passenger,PASS-TRAINS
55218,Chhapra Sonpur Passenger,PASS-TRAINS
55238,Samastipur-Barauni Passenger,PASS-TRAINS
55239,Samastipur Muzaffarpur Passenger,PASS-TRAINS
55240,Muzaffarpur-Samastipur Passenger,PASS-TRAINS
55241,Barauni-Sonpur Passenger,PASS-TRAINS
55242,Sanpur-Barauni Passenger,PASS-TRAINS
55243,Barauni-Sonpur Passenger,PASS-TRAINS
55244,Sonpur Barauni Passenger,PASS-TRAINS
55245,Barauni-Sonpur Passenger,PASS-TRAINS
55246,Sonpur-Barauni Passenger,PASS-TRAINS
55127,Varanasi Allahabad Passenger,PASS-TRAINS
55129,Varanasi Allahabad Passenger,PASS-TRAINS
55132,Manduadih Chhapra Passenger,PASS-TRAINS
55134,Manduadih Ballia Passenger,PASS-TRAINS
55135,AZAMGARH MANDUADIH PASS,PASS-TRAINS
55136,Manduadih Azamgarh Pass,PASS-TRAINS
55140,Shahganj Ballia Passenger,PASS-TRAINS
55142,Nautanwa Gorakhpur Passenger,PASS-TRAINS
55149,Gorakhpur Manduadih Passenger,PASS-TRAINS
55150,Manduadih-Gorakhpur Passenger,PASS-TRAINS
55203,Narkatiaganj Gorakhpur Passenger,PASS-TRAINS
55204,Gorakhpur Narkatiaganj Passenger,PASS-TRAINS
55209,Sonepur Gorakhpur Passenger,PASS-TRAINS
55210,Narkatiaganj Sonepur Passenger,PASS-TRAINS
55217,Sonpur Chhapra Passenger,PASS-TRAINS
55219,Sonepur Chhapra Passenger,PASS-TRAINS
55231,Begusarai Mokama Passenger,PASS-TRAINS
55232,Mokama Begusarai Passenger,PASS-TRAINS
55248,Hajipur-Barauni Passenger,PASS-TRAINS
55301,Moradabad Kathgodam Passenger,PASS-TRAINS
55313,Kashipur Ramnagar Passenger,PASS-TRAINS
55314,Ramnagar Kashipur Passenger,PASS-TRAINS
55315,Lalkua Kashipur Passenger,PASS-TRAINS
55316,Kashipur Lalkuan Passenger,PASS-TRAINS
55317,Lalkua Kashipur Passenger,PASS-TRAINS
55319,Lalkua Kashipur Passenger,PASS-TRAINS
55320,Kashipur Lalkuan Passenger,PASS-TRAINS
55322,RAMNAGAR - VARANASI Passenger,PASS-TRAINS
55326,KASGANJ LUCKNOW PASS,PASS-TRAINS
55327,Kanpur Farrukhabad Passenger,PASS-TRAINS
55328,Farrukhabad Kanpur Passenger,PASS-TRAINS
55332,Kasganj Farrukhabad Passenger,PASS-TRAINS
55333,KasGanj-AgraFort Passenger,PASS-TRAINS
55337,Kasganj Achhnera Fast Passenger,PASS-TRAINS
55338,Achhnera Kasganj Fast Passenger,PASS-TRAINS
55339,KasGanj-Mathura Passenger,PASS-TRAINS
55341,KasGanj-Bharatpur Passenger,PASS-TRAINS
55342,BTE KSJ PASS,PASS-TRAINS
55347,Kasganj Mathura Passenger,PASS-TRAINS
55348,LAL KUAN - BAREILLY CITY  PASSENGER,PASS-TRAINS
55349,BAREILLY CITY - LAL KUAN PASSENGER,PASS-TRAINS
55501,Samastipur-Darbhanga Passenger,PASS-TRAINS
55502,Darbhanga-Samastipur Passenger,PASS-TRAINS
55503,Samastipur-Darbhanga Passenger,PASS-TRAINS
55504,Darbhanga-Samastipur Passenger,PASS-TRAINS
55506,Runnisaidpur-Samastipur Passenger,PASS-TRAINS
55507,Darbhanga-Bairgania Passenger,PASS-TRAINS
55325,Lucknow Kasganj Passenger,PASS-TRAINS
55329,Shikohabad Farrukhabad Passenger,PASS-TRAINS
55330,Kasganj Shikohabad Passenger,PASS-TRAINS
55331,Farrukhabad Kasganj Passenger,PASS-TRAINS
55508,Bairgania-Darbhanga Passenger,PASS-TRAINS
55509,Darbhanga-Bairgania Passenger,PASS-TRAINS
55510,Bairgania-Darbhanga Passenger,PASS-TRAINS
55511,Darbhanga-Bairgania Passenger,PASS-TRAINS
55512,Bairgania-Darbhanga Passenger,PASS-TRAINS
55513,Samastipur Jaynagar Passenger,PASS-TRAINS
55514,Jaynagar Samastipur Passenger,PASS-TRAINS
55515,Samastipur-Jaynagar Passenger,PASS-TRAINS
55516,Jaynagar-Samastipur Passenger,PASS-TRAINS
55517,Darbhanga Jaynagar Passenger,PASS-TRAINS
55518,Jaynagar-Darbhanga Passenger,PASS-TRAINS
55519,Darbhanga-Jaynagar Passenger,PASS-TRAINS
55520,Jaynagar Darbhanga Passenger,PASS-TRAINS
55528,Samastipur-Barauni Passenger,PASS-TRAINS
55529,Samastipur-Raxaul Passenger,PASS-TRAINS
55530,Raxaul-Samastipur Passenger,PASS-TRAINS
55531,Katihar-Barauni Passenger,PASS-TRAINS
55535,Katihar Darbhanga Passenger,PASS-TRAINS
55536,Darbhanga Katihar Passenger,PASS-TRAINS
55537,Katihar-Samastipur Passenger,PASS-TRAINS
55538,Samastipur-Katihar Passenger,PASS-TRAINS
55552,Hajipur-Barauni Passenger,PASS-TRAINS
55553,Dauram Madhepura Samastipur Passenger,PASS-TRAINS
55554,Samastipur Dauram Madhepura Passenger,PASS-TRAINS
55555,Dauram Madhepura Samastipur Passenger,PASS-TRAINS
55556,Samastipur Dauram Madhepura Passenger,PASS-TRAINS
55557,Samastipur Sonpur Passenger,PASS-TRAINS
55558,Sonpur Samastipur Passenger,PASS-TRAINS
55559,Khagaria Samastipur Passenger,PASS-TRAINS
55560,Samastipur Khagaria Passenger,PASS-TRAINS
55565,Saharsa Samastipur Passenger,PASS-TRAINS
55566,Samastipur Saharsa Passenger,PASS-TRAINS
55567,Saharsa Samastipur Passenger,PASS-TRAINS
55568,Samastipur Saharsa Passenger,PASS-TRAINS
55569,DauramMadhepura-Saharsa Passenger,PASS-TRAINS
55570,Saharsa-DauramMadhepura Passenger,PASS-TRAINS
55573,Raxaul Narkatiaganj Passenger,PASS-TRAINS
55574,Narkatiaganj Raxaul Passenger,PASS-TRAINS
55575,Darbhanga-Biraul Passenger,PASS-TRAINS
55576,Biraul-Darbhanga Passenger,PASS-TRAINS
55577,Sakri Biraul Passenger,PASS-TRAINS
55578,Biraul Sakri Passenger,PASS-TRAINS
55722,Balurghat Malda Town Passenger,PASS-TRAINS
55603,Guwahati Mairabari Passenger,PASS-TRAINS
55604,Mairabari Guwahati Passenger,PASS-TRAINS
55607,Guwahati Silghat Town Passenger,PASS-TRAINS
55608,Silghat Town Guwahati Passenger,PASS-TRAINS
55609,DBB - FKM FAST PASSENGER,PASS-TRAINS
55612,Kamakhya Fakiragram Fast Passenger,PASS-TRAINS
55618,Guwahati New Bongaigaon Passenger,PASS-TRAINS
55707,Radhikapur Katihar Passenger,PASS-TRAINS
55708,Katihar Radhikapur Passenger,PASS-TRAINS
55711,Malda Town New Jalpaiguri Passenger,PASS-TRAINS
55712,New Jalpaiguri Malda Town Passenger,PASS-TRAINS
55713,NEW JALPAIGURI - DEKARGAON Pass,PASS-TRAINS
55714,DEKARGAON - NEW JALPAIGURI Pass,PASS-TRAINS
55715,Katihar Siliguri Passenger,PASS-TRAINS
55716,Siliguri Katihar Passenger,PASS-TRAINS
55721,Malda Town Balurghat Passenger,PASS-TRAINS
55725,New Jalpaiguri Alipurduar Passenger,PASS-TRAINS
55726,Alipur Duar New Jalpaiguri Passenger,PASS-TRAINS
55727,Katihar Radhikapur Passenger,PASS-TRAINS
55728,Radhikapur Katihar Passenger,PASS-TRAINS
55729,Katihar Radhikapur Passenger,PASS-TRAINS
55730,Radhikapur Katihar Passenger,PASS-TRAINS
55731,Katihar Barsoi Passenger,PASS-TRAINS
55732,Barsoi Katihar Passenger,PASS-TRAINS
55733,Katihar Jogbani Passenger,PASS-TRAINS
55734,Jogbani Katihar Passenger,PASS-TRAINS
55735,Katihar Jogbani Passenger,PASS-TRAINS
55736,Jogbani Katihar Passenger,PASS-TRAINS
55737,Katihar Jogbani Passenger,PASS-TRAINS
55738,Jogbani Katihar Passenger,PASS-TRAINS
55739,Katihar Jogbani Passenger,PASS-TRAINS
55740,Jogbani Katihar Passenger,PASS-TRAINS
55741,Katihar Jogbani Fast Passenger,PASS-TRAINS
55743,Katihar Jogbani Passenger,PASS-TRAINS
55744,Jogbani Katihar Passenger,PASS-TRAINS
55745,New Jalpaiguri Bamanhat Passenger,PASS-TRAINS
55746,Bamanhat New Jalpaiguri Passenger,PASS-TRAINS
55747,Siliguri Haldibari Passenger,PASS-TRAINS
55748,Haldibari Siliguri Passenger,PASS-TRAINS
55749,New Jalpaiguri Haldibari Passenger,PASS-TRAINS
55750,Haldibari New Jalpaiguri Passenger,PASS-TRAINS
55751,New Jalpaiguri Haldibari Passenger,PASS-TRAINS
55752,Haldibari New Jalpaiguri Passenger,PASS-TRAINS
55811,Guwahati Lumding Passenger,PASS-TRAINS
55815,Kapali Fast Passenger,PASS-TRAINS
56006,Chengalpattu Arakkonam Passenger,PASS-TRAINS
53429,Bhagalpur Jamalpur Passenger,PASS-TRAINS
53431,Sahibganj Jamalpur Passenger,PASS-TRAINS
55754,GUWAHATI - ALIPUR DUAR SIFUNG Pass,PASS-TRAINS
55755,Manihari Katihar Pass,PASS-TRAINS
55756,Katihar Manihari Pass,PASS-TRAINS
55757,Manihari Katihar Pass,PASS-TRAINS
55758,Katihar Manihari Pass,PASS-TRAINS
55759,Manihari Katihar Pass,PASS-TRAINS
55760,Katihar Manihari Pass,PASS-TRAINS
55791,Alipur Dwar Bamanhat Passenger,PASS-TRAINS
55792,Bxt Alipur Duar Passenger,PASS-TRAINS
55793,New Jalpaiguri Bamanhat Passenger,PASS-TRAINS
55794,Bamanhat New Jalpaiguri Passenger,PASS-TRAINS
55802,Manas Rhino Passenger,PASS-TRAINS
55805,New Bongaigaon Guwahati Passenger,PASS-TRAINS
55806,Guwahati New Bongaigaon Passenger,PASS-TRAINS
55809,New Bongaigaon Guwahati Passenger,PASS-TRAINS
55812,Lumding Guwahati Passenger,PASS-TRAINS
55816,Kapali Fast Passenger,PASS-TRAINS
55817,Chaparmukh Silghat Town Passenger,PASS-TRAINS
55818,Silghat Town- Chaparmukh Passenger,PASS-TRAINS
55901,Lumding Tinsukia Passenger,PASS-TRAINS
55902,Tinsukia Lumding Passenger,PASS-TRAINS
55903,Furkating Mariani Passenger,PASS-TRAINS
55904,Mariani Furkating Passenger,PASS-TRAINS
55905,Dibrugarh Ledo Passenger,PASS-TRAINS
55906,Ledo Dibrugarh Passenger,PASS-TRAINS
55907,Dibrugarh Ledo Passenger,PASS-TRAINS
55908,Ledo Dibrugarh Passenger,PASS-TRAINS
55913,Jorhat Town Tinsukia Passenger,PASS-TRAINS
55914,Tinsukia Jorhat Town Passenger,PASS-TRAINS
56001,Chennai Arakkonam Passenger,PASS-TRAINS
56002,Arakkonam Chennai Passenger,PASS-TRAINS
56003,Arakkonam Chengalpattu Passenger,PASS-TRAINS
56005,Arakkonam Chengulpattu Passenger,PASS-TRAINS
56007,Arakkonam Katpadi Passenger,PASS-TRAINS
56008,Katpadi Arakkonam Passenger,PASS-TRAINS
56009,Arakkonam Vellore Cantt Passenger,PASS-TRAINS
56010,Vellore Cantt. Arakkonam Passenger,PASS-TRAINS
56011,Arakkonam Nandalur Passenger,PASS-TRAINS
56012,Nandalur Arakkonam Passenger,PASS-TRAINS
56013,Arakkonam-Vellore Cantt Passenger,PASS-TRAINS
56037,Chennai Pondicherry Passenger,PASS-TRAINS
56038,Pondicherry Chennai Passenger,PASS-TRAINS
56039,Kumbakonam Thanjavur Passenger,PASS-TRAINS
56040,Thanjavur Kumbakonam Passenger,PASS-TRAINS
56213,CHAMARAJANAGAR - TIRUPATI Fast Passenger,PASS-TRAINS
56042,Puducherry-Tirupati Passenger,PASS-TRAINS
56043,Guruvayur Thrissur Passenger,PASS-TRAINS
56044,Thrissur Guruvayur Passenger,PASS-TRAINS
56045,Nagercoil Cape Passenger,PASS-TRAINS
56046,Kanyakumari Nagercoil Passenger,PASS-TRAINS
56102,Salem Mtdm Passenger,PASS-TRAINS
56103,Mettur Dam Salem Passenger,PASS-TRAINS
56136,Mettupalayam-Ooty Passenger,PASS-TRAINS
56137,Ooty-Mettupalayam Passenger,PASS-TRAINS
56139,Coonoor Passenger,PASS-TRAINS
56140,Udagamandalam Coonoor Passenger,PASS-TRAINS
56141,Coonoor Udagamandalam Passenger,PASS-TRAINS
56142,(Ooty)Udagamandalam Coonoor Passenger,PASS-TRAINS
56143,Udhagamandalam Passenger,PASS-TRAINS
56144,Coimbatore Mettupalaiyam Passenger,PASS-TRAINS
56145,Mettupalaiyam Coimbatore Passenger,PASS-TRAINS
56146,Coimbatore-Mettupalayam Passenger,PASS-TRAINS
56147,Mettupalayam-Coimbatore Passenger,PASS-TRAINS
56148,CoimbatoreMettupalayam Passenger,PASS-TRAINS
56149,MettupalayamCoimbatore Passenger,PASS-TRAINS
56150,CoimbatoreMettupalayam Passenger,PASS-TRAINS
56151,MettupalayamCoimbatore Passenger,PASS-TRAINS
56201,Chamrajnagar Mysore Passenger,PASS-TRAINS
56202,Mysore Chamrajnagar passenger,PASS-TRAINS
56203,Chamarajnagar Mysore passenger,PASS-TRAINS
56204,Mysore Chamrajnagar Passenger,PASS-TRAINS
56205,Nanjangud Mysore Passenger,PASS-TRAINS
56206,Nanjangud Mysore Passenger,PASS-TRAINS
56209,Chamrajnagar Mysore Passenger,PASS-TRAINS
56210,Mysore Chamrajnagar passenger,PASS-TRAINS
56211,Chamrajnagar Mysore Passenger,PASS-TRAINS
56212,Chamrajnagar Passenger,PASS-TRAINS
56221,Bangalore Tumkur Passenger,PASS-TRAINS
56222,Tumkur Bangalore Passenger,PASS-TRAINS
56223,Bangalore Arisikere Passenger,PASS-TRAINS
56224,Arisikere Bangalore Passenger,PASS-TRAINS
56225,Bangalore Tumkur Passenger,PASS-TRAINS
56226,Tumkur Bangalore passenger,PASS-TRAINS
56227,Bangalore Shimoga Town Passenger,PASS-TRAINS
56228,Shimoga Bangalore Passenger,PASS-TRAINS
56229,Mysore Bangalore Passenger,PASS-TRAINS
56230,Bangalore Mysore Passenger,PASS-TRAINS
56231,Mysore Bangalore (PUSH-PULL) Passenger,PASS-TRAINS
56232,Bangalore Mysore (PUSH-PULL) Passenger(Shuttle),PASS-TRAINS
56233,Bangalore Mysore Passenger,PASS-TRAINS
56234,Mysore Bangalore Passenger,PASS-TRAINS
56237,Mysore Bangalore (PUSH-PULL) Passenger,PASS-TRAINS
56004,Chengalpattu Arakkonam Passenger,PASS-TRAINS
56238,Bangalore Mysore (PUSH-PULL) Passenger,PASS-TRAINS
56239,Shimoga Birur Passenger,PASS-TRAINS
56240,Birur Shimoga Passenger,PASS-TRAINS
56241,Salem Yesvantpur passenger,PASS-TRAINS
56242,Yesvantpur Salem passenger,PASS-TRAINS
56262,BANGALORE - ARAKKONAM Passenger,PASS-TRAINS
56263,Night Queen Passenger,PASS-TRAINS
56264,Night Queen Passenger,PASS-TRAINS
56265,Arsikere Mysore Passenger,PASS-TRAINS
56266,Mysore Arsikere Passenger,PASS-TRAINS
56268,Mysore Arsikere Passenger,PASS-TRAINS
56269,Shimoga Mysore Passenger,PASS-TRAINS
56270,Mysore Shimoga Passenger,PASS-TRAINS
56271,Shimoga Birur Passenger,PASS-TRAINS
56272,Birur Shimoga Town Passenger,PASS-TRAINS
56273,Arsikere Hubli Passenger,PASS-TRAINS
56274,Hubli Arsikere Passenger,PASS-TRAINS
56300,Kollam Alappuzha Passenger,PASS-TRAINS
56301,Alappuzha Kollam Passenger,PASS-TRAINS
56302,Alappuzha Ernakulam Passenger,PASS-TRAINS
56303,Ernakulam Alappuzha Passenger,PASS-TRAINS
56307,Kollam Tiruvananthapuram Passenger,PASS-TRAINS
56308,Tiruvananthapuram Kollam Passenger,PASS-TRAINS
56309,Kollam Tiruvananthapuram Passenger,PASS-TRAINS
56310,Nagercoil Tiruvananthapuram Passenger,PASS-TRAINS
56311,Tiruvananthapuram Nagercoil Passenger,PASS-TRAINS
56312,Tirunelveli Nagercoil Passenger,PASS-TRAINS
56313,Tiruvananthapuram Nagercoil Passenger,PASS-TRAINS
56315,Tiruvananthapuram Nagercoil Passenger,PASS-TRAINS
56316,Nagercoil Tiruvananthapuram Passenger,PASS-TRAINS
56317,Kochuveli Nagercoil Passenger,PASS-TRAINS
56318,Nagercoil Kochuveli Passenger,PASS-TRAINS
56319,Nagercoil Coimbatore Passenger,PASS-TRAINS
56321,Kanyakumari Tirunelveli Passenger,PASS-TRAINS
56323,Coimbatore Mangalore Fast Passenger,PASS-TRAINS
56324,Coimbatore Fast Passenger,PASS-TRAINS
56325,Nagercoil Cape Passenger,PASS-TRAINS
56331,Punalur Kollam Passenger,PASS-TRAINS
56370,Ernakulam Guruvayur Passenger,PASS-TRAINS
56503,Yesvantapur-Vijayawada Passenger,PASS-TRAINS
56504,Vijayawada Yesvantapur Passenger,PASS-TRAINS
56505,Bangarpet Marikuppam Passenger,PASS-TRAINS
56506,Marikuppam Bangarapet Passenger,PASS-TRAINS
56511,Bangarpet Marikuppam Passenger,PASS-TRAINS
56515,BANGALORE CITY - HUBLI Pass,PASS-TRAINS
56516,HUBLI - BANGALORE CY Passenger,PASS-TRAINS
55525,Barauni-Samastipur Passenger,PASS-TRAINS
56332,Kollam Punalur Passenger,PASS-TRAINS
56333,Punalur Kollam Passenger,PASS-TRAINS
56334,Kollam Punalur Passenger,PASS-TRAINS
56335,Punalur Kollam Passenger,PASS-TRAINS
56336,Kollam Punalur Passenger,PASS-TRAINS
56337,Punalur Kollam Passenger,PASS-TRAINS
56338,Kollam Punalur Passenger,PASS-TRAINS
56371,Guruvayur Ernakulam Passenger,PASS-TRAINS
56374,Thrissur Guruvayur Passenger,PASS-TRAINS
56375,Guruvayur Ernakulam Passenger,PASS-TRAINS
56376,Ernakulam Guruvayur Passenger,PASS-TRAINS
56377,Allepey Kayankulam Passenger,PASS-TRAINS
56379,Ernakulam Alappuzha Passenger,PASS-TRAINS
56380,Kayankulam Ernakulam Passenger,PASS-TRAINS
56381,Ernakulam Kayankulam Passenger,PASS-TRAINS
56382,Kayankulam Ernakulam Passenger,PASS-TRAINS
56383,Ernakulam Kayankulam Passenger,PASS-TRAINS
56384,Alappuzha Ernakulam Passenger,PASS-TRAINS
56391,Ernakulam Kollam Passenger,PASS-TRAINS
56392,Kollam Ernakulam Passenger,PASS-TRAINS
56501,Vijayawada Hubli Passenger,PASS-TRAINS
56502,Hubli Vijayawada Passenger,PASS-TRAINS
56507,Swarna passenger Marikuppam Bangalore,PASS-TRAINS
56508,Bangalore-Marikuppam Swarna Pass.,PASS-TRAINS
56509,Marikuppam Bangalore Passenger,PASS-TRAINS
56510,Bangalore Marikuppam passenger,PASS-TRAINS
56512,Marikuppam Bangarpet passenger,PASS-TRAINS
56513,Salem Bangalore passenger,PASS-TRAINS
56514,Bangalore Salem Passenger,PASS-TRAINS
56517,Chitradurga Harihar Passenger,PASS-TRAINS
56518,Harihar Chitradurga Passenger,PASS-TRAINS
56519,Bangalore Chitradurga Passenger,PASS-TRAINS
56520,Chitradura Bangalore Passenger,PASS-TRAINS
56525,Bangalore Chik ballapur Passenger,PASS-TRAINS
56526,Chik Ballapur Bangalore Passenger,PASS-TRAINS
56527,Kanyakumari Nagercoil Passenger,PASS-TRAINS
56528,Nagercoil Kanyakumari Passenger,PASS-TRAINS
56601,Shoranur Kozhikode Passenger,PASS-TRAINS
56613,Shoranur Nilambur Fast Passenger,PASS-TRAINS
56615,Shoranur Nilambur Passenger,PASS-TRAINS
56640,Mangalore-Verna Passenger,PASS-TRAINS
56641,Verna Mangalore Passenger,PASS-TRAINS
56642,Kabakaputtur Mangalore Passenger,PASS-TRAINS
56651,Coimbatore Kannur Fast Passenger,PASS-TRAINS
56700,Madurai-Kollam Passenger,PASS-TRAINS
56701,Madurai Passenger,PASS-TRAINS
56602,Kannur Shoranur Passenger,PASS-TRAINS
56603,Thrissur Kannur Passenger,PASS-TRAINS
56604,Shoranur Coimbatore Passenger,PASS-TRAINS
56606,Ernakulam Shoranur Passenger,PASS-TRAINS
56607,Shoranur Ernakulam Passenger,PASS-TRAINS
56608,Ernakulam Shoranur Passenger,PASS-TRAINS
56609,Shoranur Ernakulam Passenger,PASS-TRAINS
56610,Nilambur Palakkad Passenger,PASS-TRAINS
56612,Nilambur Shoranur Passenger,PASS-TRAINS
56616,Nilambur Shoranur Fast Passenger,PASS-TRAINS
56617,Shoranur Nilambur Passenger,PASS-TRAINS
56618,Nilambur Shoranur Passenger,PASS-TRAINS
56619,Shoranur Nilambur Passenger,PASS-TRAINS
56620,Nilambur Road Shoranur Pass,PASS-TRAINS
56621,Shoranur Nilambur Road Pass,PASS-TRAINS
56643,Kabakaputtur Passenger,PASS-TRAINS
56644,Kabakaputtur Mangalore Passenger,PASS-TRAINS
56645,Kabakaputtur Passenger,PASS-TRAINS
56646,Subramanya Road Mangalore Passenger,PASS-TRAINS
56647,Subrahmanya Road Passenger,PASS-TRAINS
56650,Kannur Coimbatore Fast Passenger,PASS-TRAINS
56652,Kannur Kozhikkode Passenger,PASS-TRAINS
56653,Kozhikode Kannur Passenger,PASS-TRAINS
56654,Kozhikode Passenger,PASS-TRAINS
56655,Kannur Mangalore Passenger,PASS-TRAINS
56656,Kannur Passenger,PASS-TRAINS
56657,Calicut Kannur Passenger,PASS-TRAINS
56659,Kannur Charvattur Passenger,PASS-TRAINS
56661,Charvattur Mangalore Passenger,PASS-TRAINS
56703,TIRUCHCHIRAPALI  - DINDIGUL PASSENGER,PASS-TRAINS
56707,Dindigul Madurai Passenger,PASS-TRAINS
56708,Madurai Dindigul Passenger,PASS-TRAINS
56709,Dindigul Madurai Passenger,PASS-TRAINS
56710,Madurai Dindigul Passenger,PASS-TRAINS
56712,Trichy Nagore Passenger,PASS-TRAINS
56714,Tiruchirapalli Nagore Passenger,PASS-TRAINS
56733,MADURAI - SENGOTTAI  PASSENGER,PASS-TRAINS
56734,SENGOTTAI - MADURAI PASSENGER,PASS-TRAINS
56735,MADURAI  - SENGOTTAI PASSENGER,PASS-TRAINS
56736,Sengottail Madurai Passenger,PASS-TRAINS
56806,Tiruchchirapalli Cuddalore Port Passenger,PASS-TRAINS
56808,Tiruchchirapalli Villupuram Passenger,PASS-TRAINS
56812,Tiruchchirapalli Mayiladuturai Passenger,PASS-TRAINS
56821,MAYILADUTURAI  - DINDIGUL PASSENGER,PASS-TRAINS
56824,Tiruchchirapalli Mayiladuturai Passenger,PASS-TRAINS
56826,Tirnunelveli Erode Passenger,PASS-TRAINS
56829,Tiruchchirapalli Rameswaram Passenger,PASS-TRAINS
14523,Harihar Express,EXP-TRAINS
53426,KIUL JAMALPUR PASS,PASS-TRAINS
53428,KIUL JAMALPUR PASS,PASS-TRAINS
55610,FKM - DBB FAST PASSENGER,PASS-TRAINS
56704,DINDIGUL - TIRUCHCHIRAPALI PASSENGER,PASS-TRAINS
56705,VILLUPURAM  - MADURAI PASSENGER,PASS-TRAINS
56706,MADURAI - VILLUPURAM PASSENGER,PASS-TRAINS
56711,Nagore Trichy Passenger,PASS-TRAINS
56713,Nagore Trichy Passenger,PASS-TRAINS
56721,Madurai Rameswaram Passenger,PASS-TRAINS
56722,Rameswaram Madurai Passenger,PASS-TRAINS
56724,Rameswaram Madurai Passenger,PASS-TRAINS
56725,Madurai Rameswaram Passenger,PASS-TRAINS
56726,Rameswaram Madurai Passenger,PASS-TRAINS
56761,Tirunelveli Tiruchendur Passenger,PASS-TRAINS
56762,Tiruchendur Tirunelveli Passenger,PASS-TRAINS
56763,Tirunelveli Tiruchendur Passenger,PASS-TRAINS
56764,Tiruchendur Tirunelveli Passenger,PASS-TRAINS
56765,Tirunelveli Tiruchendur Passenger,PASS-TRAINS
56766,Tiruchendur Tirunelveli Passenger,PASS-TRAINS
56767,Tuticorin Tiruchendur Passenger,PASS-TRAINS
56768,Tiruchendur Tuticorin Passenger,PASS-TRAINS
56805,Cuddalore Port Tiruchchirapalli Passenger,PASS-TRAINS
56807,Vriddhachalam Tiruchchirapalli Passenger,PASS-TRAINS
56811,Mayiladuturai Tiruchchirapalli Passenger,PASS-TRAINS
56822,DINDIGUL - MAYILADUTURAI PASSENGER,PASS-TRAINS
56823,Mayiladuturai Tiruchchirapalli Passenger,PASS-TRAINS
56827,Tuticorin Tirunelveli Passenger,PASS-TRAINS
56828,Tirunelveli Tuticorin Passenger,PASS-TRAINS
56830,Rameswaram Trichy Passenger,PASS-TRAINS
56835,Vriddhachalam Salem Passenger,PASS-TRAINS
56836,Salem Vriddhachalam Passenger,PASS-TRAINS
56837,Vriddhachalam Salem Passenger,PASS-TRAINS
56838,Salem Vriddhachalam Passenger,PASS-TRAINS
56839,Jolarpettai Erode Passenger,PASS-TRAINS
56840,Erode Jolarpettai Passenger,PASS-TRAINS
56845,Jolarpettai Erode Passenger,PASS-TRAINS
56846,Erode Jolarpettai Passenger,PASS-TRAINS
56859,Tambaram Villupuram Passenger,PASS-TRAINS
56861,Villupuram-Puducherry Passenger,PASS-TRAINS
56863,Villupuram-Puducherry Passenger,PASS-TRAINS
56865,Puducherry-Villupuram Passenger,PASS-TRAINS
56873,Villupuram Mayiladuthurai Passenger,PASS-TRAINS
56877,Villupuram-Mayiladuthurai Passenger,PASS-TRAINS
56904,Dharwar Solapur Passenger,PASS-TRAINS
56905,Solapur-Hubli Passenger,PASS-TRAINS
56906,Hubli - Solapur Passenger,PASS-TRAINS
55029,Muzaffarpur Gorakhpur Passenger,PASS-TRAINS
56833,Cuddalore Vriddhachalam Passenger,PASS-TRAINS
56841,Tiruchchirapalli Erode Passenger,PASS-TRAINS
56843,Tiruchchirapalli Erode Passenger,PASS-TRAINS
56847,Trichy Palakkad Town Passenger,PASS-TRAINS
56848,Palghat Town Tiruchchirapalli Passenger,PASS-TRAINS
56851,Nagore Trichy Passenger,PASS-TRAINS
56852,Trichy Nagore Passenger,PASS-TRAINS
56862,Puducherry-Villupuram Passenger,PASS-TRAINS
56864,Puducherry-Villupuram Passenger,PASS-TRAINS
56866,Puducherry-Villupuram Passenger,PASS-TRAINS
56874,Mayiladuthurai Villupuram Passenger,PASS-TRAINS
56878,Mayiladuthurai-Villupuram Passenger,PASS-TRAINS
56890,Tiruturaipdi Tiruvarur Passenger,PASS-TRAINS
56891,Thiruvarur Karaikkudi Passenger,PASS-TRAINS
56892,Karaikkudi Thiruvarur Passenger,PASS-TRAINS
56893,Thiruvarur Karaikkudi Passenger,PASS-TRAINS
56894,Karaikkudi Thiruvarur Passenger,PASS-TRAINS
56902,Dharwar Hubil Passenger,PASS-TRAINS
56907,Hubli Dharwar Passenger,PASS-TRAINS
56909,Bangalore Hospet Passenger,PASS-TRAINS
56909-Slip,Bangalore Hospet Passenger Slip,PASS-TRAINS
56910,Bangalore Passenger,PASS-TRAINS
56911,Bangalore Hubli passenger,PASS-TRAINS
56912,Hubli Bangalore Passenger,PASS-TRAINS
56913,Bangalore Hubli Fast Passenger,PASS-TRAINS
56914,Hubli Bangalore passenger,PASS-TRAINS
56915,Hubli Passenger Slip,PASS-TRAINS
56916,Hubli Chikjajur Passenger,PASS-TRAINS
56917,Bangalore Shimoga Slip,EXP-TRAINS
56918,Shimoga Bangalore Passenger,PASS-TRAINS
56961,KULEM - VASCO DAGAMA Passenger,PASS-TRAINS
56963,KULEM - VASCO DA GAMA Passenger,PASS-TRAINS
56964,VASCO DA GAMA - KULEM Passenger,PASS-TRAINS
57129,Bijapur-Bolarum Passenger,PASS-TRAINS
57130,Hyderabad Bijapur Passenger,PASS-TRAINS
57131,Bolarum Hyderabad Passenger,PASS-TRAINS
57133,Bijapur Raichur Passenger,PASS-TRAINS
57134,Raichur Bijapur Passenger,PASS-TRAINS
57139,Dornakal Manuguru Passenger,PASS-TRAINS
57145,Dornakal Bhadrachalam Passenger,PASS-TRAINS
57146,Bhadrachalam Dornakal Passenger,PASS-TRAINS
57156,Hyderabad Gulbarga Passenger,PASS-TRAINS
57201,Vijayawada Rajahmundry Passenger,PASS-TRAINS
57207,Tenali Markapur Road Passenger,PASS-TRAINS
57208,Markapur Road Guntur Passenger,PASS-TRAINS
57235,Rajamundry Visakhapatnam Passenger,PASS-TRAINS
53131,Sealdah Muzaffarpur Fast Passenger,PASS-TRAINS
56962,VASCO DAGAMA - KULEM Passenger,PASS-TRAINS
56965,KULEM - VASCO DA GAMA Passenger,PASS-TRAINS
56966,VASCO DA GAMA - KULEM Passenger,PASS-TRAINS
57121,Kazipet Balharshah Passenger,PASS-TRAINS
57122,Sirpur Town Kazipet Passenger,PASS-TRAINS
57124,Balharshah Bhadrachalam Passenger,PASS-TRAINS
57135,Nagpur Kazipet Passenger,PASS-TRAINS
57136,Kazipet Nagpur Passenger,PASS-TRAINS
57140,Link Secunderabad Express,EXP-TRAINS
57155,Gulbarga-Hyderabad Passenger,PASS-TRAINS
57202,Tenali Repalle Passenger,PASS-TRAINS
57203,Repalle Tenali Passenger,PASS-TRAINS
57209,Tenali Guntur Passenger,PASS-TRAINS
57210,Guntur Tenali Passenger,PASS-TRAINS
57216,Guntur Tenali Passenger,PASS-TRAINS
57217,Guntur Macherla Passenger,PASS-TRAINS
57218,Macherla Bhimavaram Passenger,PASS-TRAINS
57219,Guntur Macherla Passenger,PASS-TRAINS
57220,Macherla Guntur Passenger,PASS-TRAINS
57224,Vijayawada Gudur Passenger,PASS-TRAINS
57225,Vijayawada Visakhapatnam Passenger,PASS-TRAINS
57226,Visakhapatnam Vijayawada Passenger,PASS-TRAINS
57229,Machilipatnam Visakhapatnam Fast Passenger,PASS-TRAINS
57230,Visakhapatnam Machilipatnam Fast Passenger,PASS-TRAINS
57231,Vijayawada Kakinada Port Fast Passenger,PASS-TRAINS
57232,Kakinada Port Vijayawada Passenger,PASS-TRAINS
57240,Bitragunta Chennai Passenger,PASS-TRAINS
57241,Bitragunta Vijayawada Passenger,PASS-TRAINS
57242,Vijayawada bitragunta Passenger,PASS-TRAINS
57254,Vijayawada Bhadrachalam Passenger,PASS-TRAINS
57257,Tirupati Kakinada Port Passenger,PASS-TRAINS
57258,Kakinada Port Tirupati Passenger,PASS-TRAINS
57259,Bhimavaram Rajamundry Passenger,PASS-TRAINS
57260,Rajamundry Narasapur Passenger,PASS-TRAINS
57271,Rayagada Passenger,PASS-TRAINS
57272,Rayagada Vijayawada Passenger,PASS-TRAINS
57274,Tirupati Hubli InterCity Passenger,PASS-TRAINS
57278,Vijayawada Bitragunta Passenger,PASS-TRAINS
57279,Gudivada Narasapur Passenger,PASS-TRAINS
57280,Bhimavaram Gudivada Passenger,PASS-TRAINS
57427,Raichur Guntakal Passenger,PASS-TRAINS
57428,Guntakal Raichur Passenger,PASS-TRAINS
57437,Guntakal Hindupur Passenger,PASS-TRAINS
57438,Hindupur Guntakal Passenger,PASS-TRAINS
57547,Hyderabad Purna Passenger,PASS-TRAINS
51111,Chalisgaon Dhule Mix Passenger,PASS-TRAINS
57237,Kazipet Vijayawada Passenger,PASS-TRAINS
57238,Vijaywada Kazipet Passenger,PASS-TRAINS
57239,Chennai Gudur Passenger,PASS-TRAINS
57253,Bhadrachalam Vijayawada Passenger,PASS-TRAINS
57256,Visakhapatnam Kakinada Port passenger,PASS-TRAINS
57262,Nidadavolu Bhimavaram Passenger,PASS-TRAINS
57263,Narasapur Nidadavolu Passenger,PASS-TRAINS
57264,Narasapur Visakhapatnam (LINK) Passenger,PASS-TRAINS
57265,Visakhapatnam Narasapur (LINK) Passenger,PASS-TRAINS
57273,Hubli Tirupati InterCity Passenger,PASS-TRAINS
57285,Nadikode Macherla Passenger,PASS-TRAINS
57286,Macherla Nadikode Passenger,PASS-TRAINS
57298,Narasapur Guntur Passenger,PASS-TRAINS
57305,Kacheguda Guntur Fast Passenger,PASS-TRAINS
57306,Guntur Secunderabad Passenger,PASS-TRAINS
57307,Secunderabad Medchal Suburban,EXP-TRAINS
57308,Medchal Secunderabad Suburban,EXP-TRAINS
57327,Dronachellam Guntur Passenger,PASS-TRAINS
57328,Guntur Dhone Passenger,PASS-TRAINS
57381,Guntur Narasapur Fast Passenger,PASS-TRAINS
57382,Guntur Passenger,PASS-TRAINS
57412,Gudur Tirupati Fast Passenger,PASS-TRAINS
57426,Gunatkal Secunderabad Passenger,PASS-TRAINS
57430,Gudur Tirupati Passenger,PASS-TRAINS
57439,Gooty Dhone Passenger,PASS-TRAINS
57440,Dhone Gooty Passenger,PASS-TRAINS
57467,Kurnool Town Guntakal Passenger,PASS-TRAINS
57469,Kurnool Town Guntakal Passenger,PASS-TRAINS
57474,Bodhan Mahbubnagar Passenger,PASS-TRAINS
57475,Tirupati Guntakal Passenger,PASS-TRAINS
57476,Guntakal Tirupati Passenger,PASS-TRAINS
57501,Nizamabad Bodhan Passenger,PASS-TRAINS
57502,Bodhan Nizamabad Passenger,PASS-TRAINS
57503,Nizamabad Bodhan Passenger,PASS-TRAINS
57504,Bodhan Nizamabad Passenger,PASS-TRAINS
57512,Parbhani Purna Passenger,PASS-TRAINS
57516,Nanded-Daund Junction Passenger,PASS-TRAINS
57518,Tandur Bolarum Passenger,PASS-TRAINS
57519,Bolarum Secunderabad Suburban,EXP-TRAINS
57539,Akola Parli Vaijnath Passenger,PASS-TRAINS
57540,Akola Passenger,PASS-TRAINS
57541,Nagarsol Nanded Passenger,PASS-TRAINS
57542,Nanded Manmad Passenger,PASS-TRAINS
57561,Kacheguda Manmad Passenger,PASS-TRAINS
57581,Akola Purna Passenger,PASS-TRAINS
57583,Akola Purna Passenger,PASS-TRAINS
57448,Mahbubnagar Secunderabad Passenger,PASS-TRAINS
57451,Chikjajur Guntakal Passenger,PASS-TRAINS
57453,Bellary Guntakal Passenger,PASS-TRAINS
57454,Guntakal Bellary Passenger,PASS-TRAINS
57468,Dhone Kurnool Town Passenger,PASS-TRAINS
57470,Guntakal Kurnool Town Passenger,PASS-TRAINS
57473,Secunderabad Bodhan Passenger,PASS-TRAINS
57485,Secunderabad Mirzapali Passenger,PASS-TRAINS
57486,Mirzapali Secunderabad Passenger,PASS-TRAINS
57548,Purna Hyderabad Passenger,PASS-TRAINS
57549,Hyderabad Aurangabad Passenger,PASS-TRAINS
57550,Aurangabad-Hyderabad Passenger,PASS-TRAINS
57551,Purna Adilabad Passenger,PASS-TRAINS
57552,Adilabad Purna Passenger,PASS-TRAINS
57553,Parli Vaijnath Adilabad Passenger,PASS-TRAINS
57554,Adilabad Parli Vaijnath Passenger,PASS-TRAINS
57557,Nizamabad Nanded Passenger,PASS-TRAINS
57558,Nanded Nizamabad Passenger,PASS-TRAINS
57563,Hyderabad-Parbhani PASS,PASS-TRAINS
57564,Nanded Hyderabad Passenger,PASS-TRAINS
57582,Purna Akola Passenger,PASS-TRAINS
57605,Secunderabad Vikarabad Passenger,PASS-TRAINS
57606,Vikarabad Secunderabad,EXP-TRAINS
57619,Delta Fast Passenger,PASS-TRAINS
57625,Kakatiya Fast Passenger,PASS-TRAINS
57626,Kakatiya Fast Passenger,PASS-TRAINS
57640,Guntur Tirupati Passanger,PASS-TRAINS
57641,SOLAPUR - GADAG PASSENGER,PASS-TRAINS
57642,GADAG - SOLAPUR PASSENGER,PASS-TRAINS
57643,Bagalkot Gadag Passenger,PASS-TRAINS
57644,Gadag Bagalkot Passenger,PASS-TRAINS
57651,Secunderabad Repalle Passenger,PASS-TRAINS
57652,Repalle Secunderabad Passenger,PASS-TRAINS
57657,Manuguru Kazipet Passenger,PASS-TRAINS
57658,Kazipet Manuguru Passenger,PASS-TRAINS
57660,Falaknuma Gulbarga Passenger,PASS-TRAINS
58000,Puri -- Santragachi Passenger,PASS-TRAINS
58001,Howrah Puri Santragachi Passenger,PASS-TRAINS
58003,Howrah Bhadrak Passenger,PASS-TRAINS
58005,Kharagpur Khurda Fast Passenger,PASS-TRAINS
58006,Kurdha road Kharagpur passenger,PASS-TRAINS
58007,Kharagpur Balasore Bhadrakh Passenger,PASS-TRAINS
58011,Howrah Chakradharpur Passenger,PASS-TRAINS
58012,Chakradharpur Howrah Passenger,PASS-TRAINS
58014,Bokaro Steel City-Howrah Fast Passenger,PASS-TRAINS
58015,Howrah Adra MEMU Passenger,PASS-TRAINS
58016,Adra Howrah Passenger,PASS-TRAINS
51113,Chalisgaon Dhule Mix Passenger,PASS-TRAINS
51114,Dhule Chalisgaon Mix Passenger,PASS-TRAINS
51115,Chalisgaon Dhule Mix Passenger,PASS-TRAINS
51886,DAMOH BINA PASS,PASS-TRAINS
57584,Purna Akola Passenger,PASS-TRAINS
57628,Gulbarga Solapur Passenger,PASS-TRAINS
57639,Tirupati Guntur Passenger,PASS-TRAINS
57649,Gulbarga Wadi Passenger,PASS-TRAINS
57650,Wadi Solapur Passenger,PASS-TRAINS
57659,Sholapur Falaknuma Passenger,PASS-TRAINS
57685,Solapur Bijapur Passenger,PASS-TRAINS
57686,Bijapur Solapur Passenger,PASS-TRAINS
58002,Puri Santargachi Passenger,PASS-TRAINS
58008,Jajpur Keonjhar kharagpur,EXP-TRAINS
58009,Kharagpur Jajpur Keonjhar Road Passenger,PASS-TRAINS
58010,Chakradharpur Adra Passenger,PASS-TRAINS
58017,Kharagpur Asansol Passenger,PASS-TRAINS
58018,Asansol Adra Kharagpur Passenger,PASS-TRAINS
58019,Adra Asansol Passenger,PASS-TRAINS
58020,Asansol Adra Passenger,PASS-TRAINS
58021,Kharagpur Tatanagar Passenger,PASS-TRAINS
58022,Tatanagar Kharagpur MEMU Passenger,PASS-TRAINS
58023,Tatanagar Barkakana Passenger,PASS-TRAINS
58025,Kharagpur-Hatia Passenger,PASS-TRAINS
58026,Hatia Kharagpur Passenger,PASS-TRAINS
58101,Tatanagar Badampahar Passenger,PASS-TRAINS
58103,Tatanagar Barabil Passenger,PASS-TRAINS
58104,Barabil Tatanagar Passenger,PASS-TRAINS
58109,Tatanagar Gua Passenger,PASS-TRAINS
58110,Gua Tatanagar Passenger,PASS-TRAINS
58111,TATANAGAR - ITWARI Passenger,PASS-TRAINS
58112,ITWARI - TATANAGAR Passenger,PASS-TRAINS
58113,TATA BSP PASS,PASS-TRAINS
58114,BSP TATA PASSENGER,PASS-TRAINS
58116,ROU CKP SARANDA PASSENGER,PASS-TRAINS
58151,Birmitrapur Barsuan Passenger,PASS-TRAINS
58152,Barsuan Birmitrapur Passenger,PASS-TRAINS
58162,JHARSUGUDA - HATIA Passenger (UnReserved),PASS-TRAINS
58201,Bilaspur Raipur Passenger,PASS-TRAINS
58202,Raipur Bilaspur MEMU Local,PASS-TRAINS
58203,Gevra Raipur Passenger,PASS-TRAINS
58204,Raipur Gevra Road Passenger,PASS-TRAINS
58205,RAIPUR ITWARI PASS,PASS-TRAINS
58206,ITWARI RAIPUR MEMU Pass,PASS-TRAINS
58208,Khariar Raipur Passenger,PASS-TRAINS
58215,Jharsuguda Titlagarh Passenger,PASS-TRAINS
58216,Titlagarh Jharsuguda Passenger,PASS-TRAINS
58117,Jharsuguda Gondia Passenger,PASS-TRAINS
58118,Gondia Jharsuguda Passenger,PASS-TRAINS
58125,Sambalpur Jharsuguda Passenger,PASS-TRAINS
58131,Rourkela-Puri Passenger,PASS-TRAINS
58132,Puri Rourkela Passenger,PASS-TRAINS
58133,Rourkela Jharsuguda Passenger,PASS-TRAINS
58134,Jhsrsuguda Rourkela Passenger,PASS-TRAINS
58209,Gevra Bilaspur Passenger,PASS-TRAINS
58210,Bilaspur Gevra Passenger,PASS-TRAINS
58212,Bilaspur Gevra Passenger,PASS-TRAINS
58213,Jharsuguda Bilaspur Passenger,PASS-TRAINS
58214,Bilaspur Jharsuguda Passenger,PASS-TRAINS
58217,Titlagarh Raipur Passenger,PASS-TRAINS
58218,Raipur Titagarh Passenger,PASS-TRAINS
58220-Slip,Chirmiri Bilaspur Passenger Slip,PASS-TRAINS
58221,Chirmiri Chandia Passenger,PASS-TRAINS
58222,Chandia Chirmiri Passenger,PASS-TRAINS
58223,Manendragarh Ambikapur Passang,PASS-TRAINS
58224,Ambikapur Manendragarh Passang,PASS-TRAINS
58401,Cuttack Paradip Passenger,PASS-TRAINS
58405,Cuttack Paradip Passenger,PASS-TRAINS
58406,Paradip Cuttack Passenger,PASS-TRAINS
58407,Khurda Puri Passenger,PASS-TRAINS
58408,Puri Khurda Road Passenger,PASS-TRAINS
58409,Khurda Puri Passenger,PASS-TRAINS
58410,Puri Khurda Road Passenger,PASS-TRAINS
58414,Puri Talcher Passenger,PASS-TRAINS
58415,Puri Cuttack Passenger,PASS-TRAINS
58416,Cuttack Puri Passenger,PASS-TRAINS
58417,Puri Gunupur Passenger,PASS-TRAINS
58418,Parlakhemundi Puri Passenger,PASS-TRAINS
58421,Angul Puri Fast Passenger,PASS-TRAINS
58422,Puri Angul Fast Passenger,PASS-TRAINS
58423,Bhadrak Cuttack Passenger,PASS-TRAINS
58424,Cuttack Bhadrakh Passenger,PASS-TRAINS
58435,Bhadrakh Cuttack Fast Passenger,PASS-TRAINS
58436,Cuttack Bhadrakh Fast Passenger,PASS-TRAINS
58527,Raipur Vishakhapatnam Passenger,PASS-TRAINS
58528,Visakhapatnam Raipur Passenger,PASS-TRAINS
58541,Rayagada Koraput Passenger,PASS-TRAINS
58542,Koraput Rayagada Passenger,PASS-TRAINS
58601,Kharagpur Adra Passenger,PASS-TRAINS
58602,Adra Kharagpur Passenger,PASS-TRAINS
58603,Kharagpur-Dhanbad Passenger,PASS-TRAINS
58604,Dhanbad Kharagpur Passenger,PASS-TRAINS
58605,Kharagpur Tatanagar Passenger,PASS-TRAINS
58606,Tatanagar Kharagpur Passenger,PASS-TRAINS
58220,Chirmiri Bilaspur Passenger,PASS-TRAINS
58433,Cuttack Berhampur Fast Passenger,PASS-TRAINS
58434,Berhampur Cuttack Fast Passenger,PASS-TRAINS
58501,Visakhapatnam Kirandul Passenger,PASS-TRAINS
58525,Palasa Visakhapatnam Passenger,PASS-TRAINS
58529,Durg Visakhapatnam Passenger,PASS-TRAINS
58530,Visakhapatnam Durg Passenger,PASS-TRAINS
58537,Rayagada Vishakhapatnam Passenger,PASS-TRAINS
58538,Visakhapatnam Rayagada Passenger,PASS-TRAINS
58607,Gomoh-Chakradharpur Passenger,PASS-TRAINS
58608,Chakradharpur Gomoh Passenger,PASS-TRAINS
58609,Tatanagar Chakradharpur Passenger,PASS-TRAINS
58652,Lohardaga Ranchi Passenger,PASS-TRAINS
58653,Ranchi - Lohardaga - Barkichampi Passenger,PASS-TRAINS
58654,Barkichampi - Lohardaga - Ranchi Passenger,PASS-TRAINS
58655,Ranchi Lohardaga Passenger,PASS-TRAINS
58656,Lohardaga Ranchi Passenger,PASS-TRAINS
58657,Ranchi Lohardaga Passenger,PASS-TRAINS
58658,Lohardaga Ranchi Passenger,PASS-TRAINS
58661,Tatanagar Hatia Passenger,PASS-TRAINS
58662,Hatia Tatanagar Passenger,PASS-TRAINS
58703,Durg Gondia Passenger,PASS-TRAINS
58704,Gondia Durg Passenger,PASS-TRAINS
58711,Telibandha Dhamtari Passenger,PASS-TRAINS
58712,Dhamtari Telibandha Passenger,PASS-TRAINS
58713,Telibandha Dhamtari Passenger,PASS-TRAINS
58714,Dhamtari Telibandha Passenger,PASS-TRAINS
58715,Telibandha Dhamtari Passenger,PASS-TRAINS
58716,Dhamtari Telibandha Passenger,PASS-TRAINS
58717,Telibandha Rajim Passenger,PASS-TRAINS
58718,RAJIM TELIBANDHA PASS,PASS-TRAINS
58719,ABHANPUR RAJIM PASS,PASS-TRAINS
58720,RAJIM ABHANPUR PASS,PASS-TRAINS
58721,ABHANPUR RAJIM PASS,PASS-TRAINS
58722,RAJIM ABHANPUR PASS,PASS-TRAINS
58802,Gondia Nagbhir Ballarshah Passenger,PASS-TRAINS
58808,Wadsa Chanda Fort Passenger,PASS-TRAINS
58809,Ramtek itwari Passenger,PASS-TRAINS
58810,Nagpur Ramtek Passenger,PASS-TRAINS
58811,Ramtek Nagpur Passenger,PASS-TRAINS
58813,Ramtek itwari Passenger,PASS-TRAINS
58814,Itwari Ramtek Passenger,PASS-TRAINS
58815,Itwari Tirodi Passenger,PASS-TRAINS
58816,Tirodi Itwari Passenger,PASS-TRAINS
58817,Tumsar Road Tirodi Passenger,PASS-TRAINS
58818,Tirodi Tumsar Road DEMU,PASS-TRAINS
58831,Nagpur Chindwara Passenger,PASS-TRAINS
58620,Barka Kana Adra Passenger,PASS-TRAINS
58621,Adra Barkakana Passenger,PASS-TRAINS
58701,Shahdol Ambikapur Passenger,PASS-TRAINS
58702,Ambikapur Shahdol Passenger,PASS-TRAINS
58804,Gondia Chanda Fort Passenger,PASS-TRAINS
58805,Chanda Fort Gondia Passenger,PASS-TRAINS
58806,Gondia Wadsa Passenger,PASS-TRAINS
58832,Chhindwara Ramakona Nagpur Passenger,PASS-TRAINS
58833,Nagpur Chindwara Passenger,PASS-TRAINS
58835,Nagpur Ramakona Chhindwara Passenger,PASS-TRAINS
58837,Nagpur Ramakona Chhindwara Passenger,PASS-TRAINS
58839,Nagpur Nainpur Jabalpur Fast Passenger,PASS-TRAINS
58841,Nagpur Ramakona Passenger,PASS-TRAINS
58843,Nagpur Nagbhir Passenger,PASS-TRAINS
58846,Nagbhir Itwari Passenger,PASS-TRAINS
58847,Nagpur Nagbhir Passenger,PASS-TRAINS
58849,Chhindwara Nainpur Passenger,PASS-TRAINS
58850,Nainpur Chhindwara Passenger,PASS-TRAINS
58851,Chhindwara Nainpur Passenger,PASS-TRAINS
58852,Nainpur Chhindwara Passenger,PASS-TRAINS
58853,Chhindwara Nainpur Passenger,PASS-TRAINS
58854,Nainpur Chhindwara Passenger,PASS-TRAINS
58855,Chhindwara Nainpur Passenger,PASS-TRAINS
58856,Nainpur Chhindwara Passenger,PASS-TRAINS
58857,Nainpur Mandla Fort Passenger,PASS-TRAINS
58858,Mandla Fort Balaghat Passenger,PASS-TRAINS
58859,Nainpur Mandla Fort Passenger,PASS-TRAINS
58860,Mandla Fort Nainpur Passenger,PASS-TRAINS
58861,Nainpur Mandla Fort Passenger,PASS-TRAINS
58862,Mandla Fort Nainpur Passenger,PASS-TRAINS
58863,Balaghat jabalpur Passenger,PASS-TRAINS
58864,Jabalpur Balaghat Passenger,PASS-TRAINS
58865,Balaghat Jabalpur Passenger,PASS-TRAINS
58866,Jabalpur Balaghat Passenger,PASS-TRAINS
58867,Balaghat jabalpur Passenger,PASS-TRAINS
58868,Jabalpur Balaghat Passenger,PASS-TRAINS
58869,Balaghat jabalpur Passenger,PASS-TRAINS
58870,Jabalpur Balaghat Passenger,PASS-TRAINS
58871,Balaghat Jabalpur Passenger,PASS-TRAINS
58873,Balaghat Nainpur Passenger,PASS-TRAINS
58874,Nainpur Balaghat Passenger,PASS-TRAINS
58876,Jabalpur Nainpur Passenger,PASS-TRAINS
59009,Virar Bharuch Shuttle,EXP-TRAINS
59010,Bharuch Virar Passenger,PASS-TRAINS
59013,Bhusaval Passenger,PASS-TRAINS
59023,Mumbai Valsad Passenger,PASS-TRAINS
59025,Surat Amrawati Fast Passenger,PASS-TRAINS
58834,Chhindwara Nagpur Passenger,PASS-TRAINS
58836,Chhindwara Nagpur Passenger,PASS-TRAINS
58840,Jabalpur Nir Nagpur Passenger,PASS-TRAINS
58842,Ramakona Nagpur Passenger,PASS-TRAINS
58844,Nagbhir Nagpur Passenger,PASS-TRAINS
58848,Nagbhir Nagpur Passenger,PASS-TRAINS
59026,Surat Fast Passenger,PASS-TRAINS
59037,Virar Surat Passenger,PASS-TRAINS
59038,Surat Virar Passenger,PASS-TRAINS
59039,Virar Valsad Shuttle,EXP-TRAINS
59040,Vapi Virar Shuttle,EXP-TRAINS
59043,Virar Dahanu Shuttle,EXP-TRAINS
59044,Dahanu Virar Shuttle,EXP-TRAINS
59045,Vapi Passenger,PASS-TRAINS
59046,Valsad-Bandra Passenger,PASS-TRAINS
59047,Virar Surat Passenger,PASS-TRAINS
59048,Surat Virar Passenger,PASS-TRAINS
59049,Valsad Viramgam Passenger,PASS-TRAINS
59051,Surat Nandurbar Passenger,PASS-TRAINS
59075,Bhusaval Passenger,PASS-TRAINS
59076-Slip,Bhusaval Surat Mumbai Passenger,PASS-TRAINS
59077,Surat-Bhusaval Passenger,PASS-TRAINS
59078,Bhusaval-Surat Passenger,PASS-TRAINS
59092,Nandurbar Surat Passenger,PASS-TRAINS
59101,Vadodara Kathana Passenger,PASS-TRAINS
59102,Kathana Vadodara Passenger,PASS-TRAINS
59103,Vadodara Kathana Passenger,PASS-TRAINS
59104,Kathana Vadodara Passenger,PASS-TRAINS
59112,Bodeli Dabhoi Passenger,PASS-TRAINS
59115,Anand Godhra Passenger,PASS-TRAINS
59116,Godhra Anand Passenger,PASS-TRAINS
59117,Pratapnagar Bodeli Passenger,PASS-TRAINS
59118,Chhota Udepur Pratapnagar Passenger,PASS-TRAINS
59119,Pratapnagar Chhota Udepur Passenger,PASS-TRAINS
59120,Chhota Udepur Pratap Nagar Passenger,PASS-TRAINS
59121,Pratapnagar Chhota Udepur Passenger,PASS-TRAINS
59122,Bodeli Pratapnagar Passenger,PASS-TRAINS
59152,Modasa Nadiad Passenger,PASS-TRAINS
59158,Anand Vadodara Passenger,PASS-TRAINS
59163,Anand Vadtal Passenger,PASS-TRAINS
59164,Vadtal Swaminarayan Anand Passenger,PASS-TRAINS
59165,Anand Godhra Passenger,PASS-TRAINS
59166,Godhra Anand Passenger,PASS-TRAINS
59205,Wansjaliya Porbandar Passenger,PASS-TRAINS
59206,Porbandar Wansjaliya Passenger,PASS-TRAINS
59207,Bhavnagar Okha Passenger,PASS-TRAINS
59208,Bhavnagar Passenger,PASS-TRAINS
59211,Rajkot Porbandar Fast Passenger,PASS-TRAINS
59031,Surat Bharuch Passenger,PASS-TRAINS
59032,Bharuch Surat Passenger,PASS-TRAINS
59161,Bharuch Vadtal Swaminarayan Passenger,PASS-TRAINS
59162,Vadtal Swaminarayan Bharuch Passenger,PASS-TRAINS
59212,Porbandar Rajkot Fast Passenger,PASS-TRAINS
59213,Bhanvad Porbandar Passenger,PASS-TRAINS
59215,Bhanvad Porbandar Passenger,PASS-TRAINS
59216,Porbandar Bhanvad Passenger,PASS-TRAINS
59225,Bhavnagar Mahuva Passenger,PASS-TRAINS
59226,Mahuva Bhavnagar Passenger,PASS-TRAINS
59227,Botad Bhavnagar Passenger,PASS-TRAINS
59228,Bhavnagar-Botad Passenger,PASS-TRAINS
59229,Botad Jn-Bhavnagar T Passenger,PASS-TRAINS
59230,Bhavnagar Botad Passenger,PASS-TRAINS
59231,Surendranagar Botad Passenger,PASS-TRAINS
59232,Botad Surendranagar Passenger,PASS-TRAINS
59233,Surendranagar Bhavnagar Passenger,PASS-TRAINS
59234,Bhavnagar Surendranagar Passenger,PASS-TRAINS
59235,Dhola Mahuva Passenger,PASS-TRAINS
59236,Mahuva Dhola Passenger,PASS-TRAINS
59243,Rajula Mahuva Passenger,PASS-TRAINS
59244,Mahuva Rajula Passenger,PASS-TRAINS
59267,Palitana Bhavnagar Passenger,PASS-TRAINS
59268,Bhavnagar Palitana Passenger,PASS-TRAINS
59269,Palitana Bhavnagar Passenger,PASS-TRAINS
59270,Bhavnagar Palitana Passenger,PASS-TRAINS
59271,Surendranagar Bhavnagar Fast Passenger,PASS-TRAINS
59272,Bhavnagar Surendranagar Passenger,PASS-TRAINS
59295,Palitana Bhavnagar Passenger,PASS-TRAINS
59296,Bhavnagar Palitana Passenger,PASS-TRAINS
59297,Porbandar Veraval Passenger,PASS-TRAINS
59298,Veraval Porbandar Passenger,PASS-TRAINS
59306,Ujjain-Indore Passenger,PASS-TRAINS
59318,Ujjain Nagda Passenger,PASS-TRAINS
59319,Ujjain Bhopal Passenger,PASS-TRAINS
59320,Bhopal Ujjain Passenger,PASS-TRAINS
59341,Nagda Bina Passenger,PASS-TRAINS
59342,Bina Nagda Passenger,PASS-TRAINS
59345,Ratlam Nagda Passenger,PASS-TRAINS
59346,Nagda Ratlam Passenger,PASS-TRAINS
59355,Ratlam Mathura Passenger,PASS-TRAINS
59356,Mathura Ratlam Passenger,PASS-TRAINS
59357,Bayana Yamunabridge Passenger,PASS-TRAINS
59358,Yamuna Bridge Bayana Passenger,PASS-TRAINS
59379,Indore Maksi Passenger,PASS-TRAINS
59385,Panchvalley Fast Passenger,PASS-TRAINS
59386,Panchvalley Passenger,PASS-TRAINS
59317,Nagda Ujjain Passenger,PASS-TRAINS
59354,Ujjain Nagda Passenger,PASS-TRAINS
59386-Slip2,Panchvalley Passenger Slip2,PASS-TRAINS
59387,Nagda Indore Bg Passenger,PASS-TRAINS
59388,Indore Bg Nagda Passenger,PASS-TRAINS
59389,Indore-Bhopal Fast Passenger,PASS-TRAINS
59390,Bhopal-Indore Fast Passenger,PASS-TRAINS
59395,Amla Chhindwara Passenger,PASS-TRAINS
59396,Chhindwara Amla Passenger,PASS-TRAINS
59421,Rajkot Veraval Passenger,PASS-TRAINS
59422,Somnath Rajkot Passenger,PASS-TRAINS
59423,Rajkot Somnath Passenger,PASS-TRAINS
59424,Veraval Rajkot Passenger,PASS-TRAINS
59439,Ahmadabad Passenger,PASS-TRAINS
59440,Ahmedabad Passenger,PASS-TRAINS
59441,Mumbai Central-Ahmedabad Passenger,PASS-TRAINS
59441-Slip,Ahmedabad Passenger Slip,PASS-TRAINS
59459,Rajkot Veraval Passenger,PASS-TRAINS
59460,Veraval Mumbai Central Passenger Express,PASS-TRAINS
59461,Borivali Dahanu Shuttle,EXP-TRAINS
59462,Dahanu Mumbai Passenger,PASS-TRAINS
59473,ADI - PTN PASSENGER,PASS-TRAINS
59474,PATAN - AHMEDABAD PASSENGER,PASS-TRAINS
59475,Mahesana Patan Passenger,PASS-TRAINS
59476,Patan Mehsana Passenger,PASS-TRAINS
59477,Mahesana Patan Passenger,PASS-TRAINS
59478,Patan Mehsana Passenger,PASS-TRAINS
59481,Haldighati Passenger,PASS-TRAINS
59482,Patan Mahesana Passenger,PASS-TRAINS
59483,AHMEDABAD PATAN PASS,PASS-TRAINS
59484,Patan Mahesana DMU,EXP-TRAINS
59503,Viramgam Okha Fast Passenger,PASS-TRAINS
59504,Okha Viramgam Fast Passenger,PASS-TRAINS
59509,Mahesana Viramgam Passenger,PASS-TRAINS
59510,Viramgam Mahesana Passenger,PASS-TRAINS
59511,Mahesana Viramgam,EXP-TRAINS
59512,Viramgam Mahesana,EXP-TRAINS
59547,Ahmedabad Okha Passenger,PASS-TRAINS
59548,Okha Ahmedabad Passenger,PASS-TRAINS
59601,Beawar Ajmer Passenger,PASS-TRAINS
59602,Ajmer Beawar Passenger,PASS-TRAINS
59603,Ajmer Udaipur Passenger,PASS-TRAINS
59604,Udaipur Ajmer Passenger,PASS-TRAINS
59605,Chittaurgarh Udaipur Passenger,PASS-TRAINS
59606,Udaipur Chittaurgarh Passenger,PASS-TRAINS
59702,Hisar-Jaipur Passenger,PASS-TRAINS
59703,Hisar Rewari Passenger,PASS-TRAINS
59704,Gondia Durg Passenger,PASS-TRAINS
51239,Amla Betul Passenger,PASS-TRAINS
59394,Habibganj Dahod Fast Pass,PASS-TRAINS
59705,Suratgarh Jaipur Passenger,PASS-TRAINS
59707,ANUPGARH - SURATGARH Passenger,PASS-TRAINS
59708,SURATGARH - ANUPGARH Passenger,PASS-TRAINS
59709,APH-SOG  PASSANGER,PASS-TRAINS
59710,Suratgarh Anupgarh Passenger,PASS-TRAINS
59711,Bhatinda Suratgarh Passenger,PASS-TRAINS
59712,Suratgarh Bhatinda Passenger,PASS-TRAINS
59713,Phulera Jaipur Passenger,PASS-TRAINS
59714,Jaipur Phulera Passenger,PASS-TRAINS
59715,Phulera Rewari Passenger,PASS-TRAINS
59716,Rewari Phulera Passenger,PASS-TRAINS
59717,Phulera Rewari Passenger,PASS-TRAINS
59718,Rewari Phulera Passenger,PASS-TRAINS
59721,Jaipur Hisar Passenger,PASS-TRAINS
59722,Hisar - Jaipur Fast Passenger,PASS-TRAINS
59723,Rewari Sadulpur Passenger,PASS-TRAINS
59724,Sadulpur Rewari Passenger,PASS-TRAINS
59725,Rewari Sadulpur Passenger,PASS-TRAINS
59726,Sadulpur Rewari Passenger,PASS-TRAINS
59801,Kota Jaipur Passenger,PASS-TRAINS
59802,Jaipur Nagda Fast Passenger,PASS-TRAINS
59805,Bayana Jaipur Fast Passenger,PASS-TRAINS
59806,Jaipur Bayana Fast Passenger,PASS-TRAINS
59811,Haldighati Passenger,PASS-TRAINS
59812,Haldighati Passenger,PASS-TRAINS
59813,Kota Agra Yamuna Bridge Passenger,PASS-TRAINS
59814,Agra Fort Bayana Passenger,PASS-TRAINS
59821,KOTA - BHIND Passenger,PASS-TRAINS
59822,BHIND - KOTA PASSENGER,PASS-TRAINS
59831,Vadodara Kota Passenger,PASS-TRAINS
59833,Kota Nimach Passenger,PASS-TRAINS
59834,Nimach Kota Passenger,PASS-TRAINS
59835,Nimach Udaipur Passenger,PASS-TRAINS
59836,Udaipur Nimach Passenger,PASS-TRAINS
61135,Badnera Amravati Passenger,PASS-TRAINS
63153,JASIDIH BAIDYANATH PASS,PASS-TRAINS
63154,BAIDYANATH JASIDIH PASS,PASS-TRAINS
63155,JASIDIH BAIDYANATH PASS,PASS-TRAINS
63156,BAIDYANATH JASIDIH PASS,PASS-TRAINS
63157,Jasidih Baidyanathdham Passenger,PASS-TRAINS
63160,BAIDYANATH JASIDIH PASS,PASS-TRAINS
63161,JASIDIH BAIDYANATH PASS,PASS-TRAINS
63162,BAIDYANATH JASIDIH PASS,PASS-TRAINS
63163,JASIDIH BAIDYANATH PASS,PASS-TRAINS
63164,BAIDYANATH JASIDIH PASS,PASS-TRAINS
63165,JASIDIH BAIDYANATH PASS,PASS-TRAINS
63167,JASIDIH BAIDYANATH PASS,PASS-TRAINS
63168,BAIDYANATH JASIDIH PASS,PASS-TRAINS
63207,Jhajha Patna Passenger MEMU,PASS-TRAINS
63208,Patna Jhajha Passenger MEMU,PASS-TRAINS
63209,Jhajha Patna MEMU,PASS-TRAINS
63210,PATNA - JHAJHA Passenger,PASS-TRAINS
63211,JASIDIH - PATNA MEMU,PASS-TRAINS
63212,Patna-Jhajha Passenger MEMU,PASS-TRAINS
63217,Mokama Danapur Passenger,PASS-TRAINS
63218,Danapur Mokameh passenger,PASS-TRAINS
63219,Danapur Ara MEMU,PASS-TRAINS
63220,Ara Danapur Passenger,PASS-TRAINS
63223,Patna Ara Passenger DEMU,PASS-TRAINS
63224,Ara Patna MEMU,PASS-TRAINS
63225,Patna Buxar Passenger MEMU,PASS-TRAINS
63226,Buxar Patna Passenger,PASS-TRAINS
63227,Patna Buxar Passenger MEMU,PASS-TRAINS
63228,Baxur Patna Passenger MEMU,PASS-TRAINS
63229,Buxar Mughal Sarai Passenger MEMU,PASS-TRAINS
63230,Mughal Sarai Buxar Passenger,PASS-TRAINS
63231,Patna Buxar Passenger DMU,PASS-TRAINS
63232,Buxar Patna Passenger,PASS-TRAINS
63243,Patna Gaya Passenger MEMU,PASS-TRAINS
63244,Gaya Patna Passenger MEMU,PASS-TRAINS
63245,Patna Gaya Passenger MEMU,PASS-TRAINS
63246,Gaya Patna Passenger MEMU,PASS-TRAINS
63247,Patna Gaya Passenger MEMU,PASS-TRAINS
63248,Gaya Patna Passenger MEMU,PASS-TRAINS
63249,Patna Gaya Passenger MEMU,PASS-TRAINS
63250,Gaya Patna Passenger MEMU,PASS-TRAINS
63251,Patna Gaya Passenger MEMU,PASS-TRAINS
63252,Gaya Patna Passenger MEMU,PASS-TRAINS
63253,Patna Gaya Passenger MEMU,PASS-TRAINS
63254,Gaya Patna Passenger MEMU,PASS-TRAINS
63255,Patna Gaya Passenger MEMU,PASS-TRAINS
63256,Gaya Patna Passenger MEMU,PASS-TRAINS
63501,HWH BWN FAST,EXP-TRAINS
63502,BWN Howrah EMU,PASS-TRAINS
63505,Barddhaman Asansol mEMU,PASS-TRAINS
63509,Barddhaman Asansol mEMU,PASS-TRAINS
63511,Barddhaman Asansol mEMU,PASS-TRAINS
63513,Barddhaman Asansol mEMU,PASS-TRAINS
63515,Barddhaman Asansol mEMU,PASS-TRAINS
63519,Barddhaman Asansol mEMU,PASS-TRAINS
63521,Barddhaman Asansol mEMU,PASS-TRAINS
63523,Barddhaman Asansol mEMU,PASS-TRAINS
63597,Ranchi Asansol MEMU,PASS-TRAINS
63598,Asansol Ranchi MEMU,PASS-TRAINS
13155,KOLKATA CHITPUR - SITAMARHI Mithilanchal Exp,EXP-TRAINS
53042,JAYNAGAR - HOWRAH Passenger,PASS-TRAINS
54159,Jhansi Banda Passenger,PASS-TRAINS
63525,Barddhaman Asansol mEMU,PASS-TRAINS
63541,ASANSOL-GOMOH PASSENGER (MEMU),PASS-TRAINS
63542,Gomoh-Asansol MEMU,PASS-TRAINS
63543,ASANSOL GOMOH PASS,PASS-TRAINS
63544,Gomoh Asansol Passenger MEMU,PASS-TRAINS
63546,Dhanbad Asansol Passenger MEMU,PASS-TRAINS
63547,Dhanbad Hazaribagh Passenger MEMU,PASS-TRAINS
63549,Hazaribagh Road-Gaya Passenger,PASS-TRAINS
63550,Koderma Dhanbad Passenger MEMU,PASS-TRAINS
63551,Asansol Dhanbad Passenger MEMU,PASS-TRAINS
63552,Dhanbad Asansol Passenger MEMU,PASS-TRAINS
63556,Asansol Purulia MEMU Passenger,PASS-TRAINS
63561,asansol jasidih mEMU,PASS-TRAINS
63562,baidyanath dham asansol passenger,PASS-TRAINS
63563,Asansol Jasidh MEMU,PASS-TRAINS
63564,jasidih Asansol mEMU,PASS-TRAINS
63567,Asansol Jhajha Passenger,PASS-TRAINS
63568,jhajha asansol memu,PASS-TRAINS
63569,Asansol jasidih mEMU,PASS-TRAINS
63570,Baidyanathdham Asansol Passenger,PASS-TRAINS
63572,Kiul Jasidih Passenger MEMU,PASS-TRAINS
63574,Kiul Jhajha Passenger,PASS-TRAINS
63591,Bokaro Steel City-Asansol Memu,PASS-TRAINS
63592,Asansol-Bokaro Steel City MEMU,PASS-TRAINS
63593,Purulia Asansol MEMU Passenger,PASS-TRAINS
63594,Asansol-Purulia MEMU,PASS-TRAINS
63595,Bokaro Steel City-Asansol MEMU,PASS-TRAINS
63596,Asansol-Bokaro Steel City MEMU,PASS-TRAINS
64001,Delhi Panipat EMU,PASS-TRAINS
64002,Panipat Delhi EMU,PASS-TRAINS
64089,Nizamuddin Parikrama,EXP-TRAINS
64090,Nizamuddin Parikrama EMU,PASS-TRAINS
64091,Nizamuddin Nizamuddin Parikrama EMU,PASS-TRAINS
64092,Nizamuddin Parikrama EMU,PASS-TRAINS
64093,Nizamuddin Shakurbasti Parikrama,EXP-TRAINS
64094,Nizamuddin Parikrama,EXP-TRAINS
64095,Shakurbasti New Delhi Parikrama,EXP-TRAINS
64096,Nizamuddin Parikrama EMU,PASS-TRAINS
64449,Ghaziabad New Delhi Ladies Special,EXP-TRAINS
64450,New Delhi Ghaziabad Ladies Special,EXP-TRAINS
64491,Palwal NDLS Ladies Special,EXP-TRAINS
12374,RAMPURHAT - SEALDAH Intercity SF Exp,SF-TRAINS
12373,SEALDAH - RAMPURHAT Intercity SF Exp,SF-TRAINS
13258,ANAND VIHAR DELHI - DANAPUR JanSadharan Exp,EXP-TRAINS
13257,DANAPUR - DELHI ANAND VIHAR Jan Sadharan Express,EXP-TRAINS
57326,GUNTUR - KACHEGUDA PASS,PASS-TRAINS
57325,KACHEGUDA - GUNTUR PASS,PASS-TRAINS
11064,SALEM - CHENNAI EGMORE Exp,EXP-TRAINS
11272,BHOPAL - ITARSI Vindhyachal Exp,EXP-TRAINS
12163,DADAR - CHENNAI EGMORE SF Exp,SF-TRAINS
12164,DADAR - CHENNAI EGMORE SF Exp,SF-TRAINS
12319,KOLKATA CHITPUR - AGRA CANTT SF Exp,SF-TRAINS
12403,Allahabad Mathura SF Express,SF-TRAINS
12407,NEW JALPAIGURI - AMRITSAR Karmabhoomi Exp,SF-TRAINS
12495,BIKANER - KOLKATA CHITPUR Pratap Exp,SF-TRAINS
12513,SECUNDERABAD - GUWAHATI Exp,SF-TRAINS
12591,GORAKHPUR - YESVANTPUR SF Exp,SF-TRAINS
12624,Tiruvananthapuram Chennai SF Mail,SF-TRAINS
12661,CHENNAI EGMORE - SENGOTTAI Pothigai SF Exp,SF-TRAINS
12709,Simhapuri SF Express,SF-TRAINS
12735,SECUNDERABAD - YESVANTPUR Garib Rath Exp,GRB-TRAINS
12736,YESVANTPUR - SECUNDERABAD Garib Rath Exp,GRB-TRAINS
12835,HATIA - YESVANTPUR SF Exp,SF-TRAINS
12836,YESVANTPUR - HATIA SF Exp,SF-TRAINS
12840,Chennai-Howrah SF Mail,SF-TRAINS
12889,TATANAGAR - YESVANTPUR SF Exp,SF-TRAINS
12890,YESVANTPUR - TATANAGAR SF Exp,SF-TRAINS
12993,GANDHIDHAM - PURI SF Exp,SF-TRAINS
12994,PURI - GANDHIDHAM SF Exp,SF-TRAINS
13158,MUZAFFARPUR - KOLKATA CHITPUR Tirhut Exp,EXP-TRAINS
13351,DHANBAD - ALAPPUZHA Exp,EXP-TRAINS
15015,GORAKHPUR - YESVANTPUR Exp,EXP-TRAINS
15024,YESVANTPUR - GORAKHPUR Exp,EXP-TRAINS
15234,DARBHANGA - KOLKATA CHITPUR Maithili Exp,EXP-TRAINS
18107,ROURKELA - KORAPUT Exp,EXP-TRAINS
18311,SAMBALPUR - VARANASI Exp,EXP-TRAINS
18616,HATIA - HOWRAH Kriya Yoga Express,EXP-TRAINS
37855,Howrah-Barddhaman Local,EXP-TRAINS
51158,Itarsi Bhusaval Passenger,PASS-TRAINS
51671,ITARSI - KATNI Fast Passenger,PASS-TRAINS
51827,Itarsi Jhansi Passenger,PASS-TRAINS
52238,AISHBAGH - PILIBHIT PASS,PASS-TRAINS
53041,HOWRAH - JAYNAGAR Passenger,PASS-TRAINS
53405,Rampurhat- Sahibganj Passenger,PASS-TRAINS
54103,Chunar Allahabad Passenger,PASS-TRAINS
54321,Balamau Sitapur Cantt Passenger,PASS-TRAINS
56100,ERODE - METUR DAM PASSENGER,PASS-TRAINS
56101,METUR DAM - ERODE PASSENGER,PASS-TRAINS
56731,MADURAI  - SENGOTTAI PASSENGER,PASS-TRAINS
56732,SENGOTTAI - MADURAI  PASSENGER,PASS-TRAINS
58161,HATIA - JHARSUGUDA Passenger (UnReserved),PASS-TRAINS
63548,Gaya Koderma Passenger MEMU,PASS-TRAINS
06012,Kollam Chennai Central (Weekly) SF Special,SF-TRAINS
11028,Chennai-Mumbai CST Mail,EXP-TRAINS
11042,ChennaiCentral-CST Mumbai Express,EXP-TRAINS
12007,CHENNAI CENT - MYSORE Shatabdi Express,SHT-TRAINS
12689,CHENNAI CENTRAL - NAGERCOIL SF Exp,SF-TRAINS
14115,Haridwar Express,EXP-TRAINS
14116,Allahabad Express,EXP-TRAINS
14125,Saryu Express,EXP-TRAINS
15619,GAYA - KAMAKHYA Weekly Exp,EXP-TRAINS
16222,Kaveri Express,EXP-TRAINS
16627,West Coast Express,EXP-TRAINS
17242,Simhadri Link Express,EXP-TRAINS
17311,CHENNAI CENT - VASCO DA GAMA Exp,EXP-TRAINS
17604,Prashanti Nilayam Express,EXP-TRAINS
19025,Surat Bhavnagar Express Slip,EXP-TRAINS
24512,Khurja Allahabad Link Express,EXP-TRAINS
38458,Panskura Howrah EMU,PASS-TRAINS
42402,Sullurpeta Chennai EMU Local,PASS-TRAINS
43001,Chennai Central Avadi EMU,PASS-TRAINS
47100,Hyderabad Lingampalli MMTS,EXP-TRAINS
47126,Lingampalli Hyderabad MMTS,EXP-TRAINS
47131,Lingampalli Hyderabad MMTS,EXP-TRAINS
47173,Lingampalli Falaknuma MMTS,EXP-TRAINS
47186,Lingampalli Falaknuma MMTS,EXP-TRAINS
51285,Bhusaval Nagpur Passenger,PASS-TRAINS
52047,Kosamba Umarpada Passenger,PASS-TRAINS
53069,Barddhaman Rampurhat Passenger,PASS-TRAINS
53349,Barwadih Dehri on Sone Passenger,PASS-TRAINS
53363,Gaya Dehri On Sone Passenger,PASS-TRAINS
53601,Gaya Dehri On Sone Passenger,PASS-TRAINS
53613,Gaya Mughal Sarai Fast Passenger,PASS-TRAINS
54101,Allahabad Kanpur Passenger,PASS-TRAINS
54336,Kanpur Balamau Passenger,PASS-TRAINS
54512,Nangal Dam Ambala Passenger,PASS-TRAINS
55617,New Bongaigaon Guwahati Passenger,PASS-TRAINS
55801,Manas Rhino Passenger,PASS-TRAINS
57223,Gudur Vijayawada Passenger,PASS-TRAINS
57277,Gudur Vijayawada Passenger,PASS-TRAINS
57411,Tirupati Gudur Passenger,PASS-TRAINS
57452,Guntakal Chikjajur Passenger,PASS-TRAINS
57631,Solapur-Raichur Passenger,PASS-TRAINS
58413,Dhenkanal Puri Passenger,PASS-TRAINS
59014,Surat Passenger,PASS-TRAINS
59076,Surat Passenger,PASS-TRAINS
59380,Maksi Indore Bg Passenger,PASS-TRAINS
59393,Dahod Habibganj Fast Pass,PASS-TRAINS
59803,Nagda Kota Passenger,PASS-TRAINS
63518,Asansol Barddhaman Passenger,PASS-TRAINS
11008,Deccan Express,EXP-TRAINS
12221,PUNE - HOWRAH AC Duronto Exp,PRM-TRAINS
12488,Seemanchal Express,SF-TRAINS
12786,Bangalore-Kacheguda SF Express,SF-TRAINS
12797,Venkatadri SF Express,SF-TRAINS
12798,Venkatadri SF Express,SF-TRAINS
15707,Amrapali Express,EXP-TRAINS
17603-Slip,Prasanthi Nilayam Express,EXP-TRAINS
17603-Slip2,Kacheguda-Vasco Prashanti Nilayam Slip,EXP-TRAINS
17639,KACHEGUDA - AKOLA Intercity Exp,EXP-TRAINS
17640,AKOLA - KACHEGUDA Intercity Exp,EXP-TRAINS
17651,Chennai Egmore Kacheguda Express,EXP-TRAINS
17652,Kacheguda Chennai Egmore Express,EXP-TRAINS
18474,JODHPUR - PURI Express,EXP-TRAINS
19066,BHAGAT KI KOTHI - MUMBAI BANDRA Exp,EXP-TRAINS
38460,Panskura Howrah EMU,PASS-TRAINS
47169,Falaknuma Lingampalli MMTS,EXP-TRAINS
50106,Sawantwadi-Diva Passenger,PASS-TRAINS
51097,Diva Panvel Passenger,PASS-TRAINS
51098,Panvel Diva Passenger,PASS-TRAINS
51347,Pune - Daund - Baramati Passenger,PASS-TRAINS
52019,Miyagam Chandod Mix Passenger,PASS-TRAINS
52551,Purnia Murliganj Passenger,PASS-TRAINS
52555,Purnia Murliganj Passenger,PASS-TRAINS
52936,Ujjain Fatehabad Passenger,PASS-TRAINS
53610,Mughal Sarai Dehri on Sone Passenger,PASS-TRAINS
54261,Mughal Sarai Jaunpur Passenger,PASS-TRAINS
54268,Varanasi Mughal Sarai Passenger,PASS-TRAINS
54393,Moradabad Gajraula Passenger,PASS-TRAINS
54704,Jodhpur Bhatinda Passenger,PASS-TRAINS
55011,Siwan Gorakhpur Passenger,PASS-TRAINS
55021,Samastipur Siwan InterCity Fast Passenger,PASS-TRAINS
55022,Siwan Samastipur Intercity Passenger,PASS-TRAINS
55335,Bareilly Lalkua Pass,PASS-TRAINS
55541,Hajipur-Fulwaria Passenger,PASS-TRAINS
55742,Jogbani Katihar Passenger,PASS-TRAINS
56524,HINDUPUR - KSR BENGALURU CITY Passenger,PASS-TRAINS
56611,Palakkad Nilambur Passenger,PASS-TRAINS
56834,Vriddhachalam Cuddalore Passenger,PASS-TRAINS
57425,Kacheguda Guntakal Passenger,PASS-TRAINS
57435,Kacheguda Kurnool Town Passenger,PASS-TRAINS
57456,Mahbubnagar Secunderabad Passenger,PASS-TRAINS
57562,Manmad - Kacheguda Passenger,PASS-TRAINS
57594,Nanded Kacheguda Passenger,PASS-TRAINS
57620,Delta Fast Passenger,PASS-TRAINS
59353,Nagda Ujjain Passenger,PASS-TRAINS
12240,Jaipur-Mumbai Central AC Duronto Express,PRM-TRAINS
12335,BHAGALPUR - MUMBAI LTT SF Exp,SF-TRAINS
12349,Bhagalpur-NewDelhi Weekly SF Express,SF-TRAINS
12409,Gondwana Express,SF-TRAINS
12980,Jaipur - Mumbai Bandra (T.) (Triweekly) SF Express,SF-TRAINS
13348-Slip,Palamau Express Slip Slip,EXP-TRAINS
13352-Slip,Alappuzha Dhanbad Tatanagar Express Slip,EXP-TRAINS
13402,InterCity Express,EXP-TRAINS
13409,InterCity Express,EXP-TRAINS
15202,Raxaul Hajipur InterCity,EXP-TRAINS
17016,Visakha Express,EXP-TRAINS
18411,Bhubaneswar-Visakhapatnam Inter City Express,EXP-TRAINS
19047,SURAT - BHAGALPUR Tapti Ganga Exp,EXP-TRAINS
50103,Dadar Ratnagiri Passenger,PASS-TRAINS
52081,Jaipur Loharu Fast Passenger,PASS-TRAINS
52279,Kaptanganj Thawe Passenger,PASS-TRAINS
52296,Lal Kuan Bareilly Passenger,PASS-TRAINS
52517,Sakri Laukaha Bazar Passenger,PASS-TRAINS
52974,Akola Ratlam Fast Passenger,PASS-TRAINS
53021,Azimganj Bhagalpur Passenger,PASS-TRAINS
53029,Azimganj Bhagalpur Passenger,PASS-TRAINS
53441,Mandar Parvat Bhagalpur Passenger,PASS-TRAINS
53443,Mandar Hill Bhagalpur Passenger,PASS-TRAINS
53445,Mandar Hill Bhagalpur Passenger,PASS-TRAINS
53447,Banka Bhagalpur Passenger,PASS-TRAINS
53449,Banka Bhagalpur Passenger,PASS-TRAINS
53521,ASANSOL VARANASI PASSENGER,PASS-TRAINS
53660,Sasaram-Patna Passenger,PASS-TRAINS
54381,Gajraula Najibabad Passenger,PASS-TRAINS
54571,Ludhiana Firozpur Passenger,PASS-TRAINS
54604,Ludhiana Hisar Passenger,PASS-TRAINS
54808,Jaipur Ajmer Passenger,PASS-TRAINS
56378,Kayankulam Alappuzha Passenger,PASS-TRAINS
56825,Erode Tirunelveli Passenger,PASS-TRAINS
56844,Erode-Tiruchchirapalli Passenger,PASS-TRAINS
56903,Solapur - Dharwar Passenger,PASS-TRAINS
57515,Daund Nanded Passenger,PASS-TRAINS
57624,Guntur Kacheguda Pass,PASS-TRAINS
58027,Bhubaneswar-Khurda Road passenger,PASS-TRAINS
58426,Bhubaneswar-Kendujhargarh Fast Passenger,PASS-TRAINS
58812,Itwari Ramtek Passenger,PASS-TRAINS
58845,Itwari Nagbahir Passenger,PASS-TRAINS
59307,Indore Jaipur link Express,EXP-TRAINS
59701,Jaipur Hisar Passenger,PASS-TRAINS
59706,Jaipur Suratgarh Passenger,PASS-TRAINS
63242,Gaya Patna Passenger MEMU,PASS-TRAINS
63554,Asansol-Bokaro Steel City MEMU Passenger,PASS-TRAINS
02094,Loharu - Jaipur Passenger Spl (MG),PASS-TRAINS
22406,AnandVihar Terminal-Bhagalpur Garib Rath,GRB-TRAINS
06593,Yesvantpur-Hosur Passenger Special,PASS-TRAINS
06345,,EXP-TRAINS
06001,Chennai Central-Kollam SF Special,SF-TRAINS
01102,Gwalior Mumbai LTT (Weekly) Special,EXP-TRAINS
04857,Pipar Road -Jodhpur Passenger Special,PASS-TRAINS
09001,Mumbai Central - Ahmedabad SF Special,SF-TRAINS
04204,Delhi Jn. -Varanasi Special,EXP-TRAINS
02414,Sri Ganganagar Sadulpur Passenger Holiday Special,PASS-TRAINS
11098,ERNAKULAM - PUNE Poorna Exp,EXP-TRAINS
07143,Hyderabad - C.Shahu Maharaj T. Kolhapur Special,EXP-TRAINS
11063,CHENNAI EGMORE - METTUR DAM SLIP EXP,EXP-TRAINS
08060,Howrah - Mumbai LTT SF Special,SF-TRAINS
01493,Hubli Bijapur Special,EXP-TRAINS
05649,Mumbai LTT - Kamakhya (Weekly) Special,EXP-TRAINS
01101,Mumbai LTT - Gwalior (Weekly) Special,EXP-TRAINS
04727,Bikaner-Mumbai BandraT SF Special,SF-TRAINS
06010,KollamChennai Central SF Special,SF-TRAINS
04012,H. Nizamuddin - Sainagar Shirdi (Weekly) Special,EXP-TRAINS
06346,PALGHAT TOWN - POLLACHI Passenger SPL,PASS-TRAINS
11701,JABALPUR - INDORE Intercity Exp,EXP-TRAINS
07106,Hyderabad-Ajmer Weekly Special,EXP-TRAINS
08056,Tirupati-Kolkata Shalimar Special,SF-TRAINS
11034,DARBHANGA - PUNE Gyan Ganga Exp,EXP-TRAINS
11013,Mumbai LTT-Coimbatore Express,EXP-TRAINS
07604,Kamareddi Kacheguda Special,EXP-TRAINS
09723,Sabarmati - Jaipur SF Holiday Special,SF-TRAINS
09722,Delhi Sarai Rohilla -Jaipur SF Special,SF-TRAINS
11097,PUNE - ERNAKULAM Poorna Exp,EXP-TRAINS
11046,DHANBAD - KOLHAPUR CSMT Deekshabhoomi Exp,EXP-TRAINS
11061,MUMBAI LTT - DARBHANGA Pawan Exp,EXP-TRAINS
12001,Bhopal-New Delhi Shatabdi Express,SHT-TRAINS
12019,Howrah-Ranchi Shatabdi Express,SHT-TRAINS
11265,JABALPUR - AMBIKAPUR Exp,EXP-TRAINS
12027,CHENNAI CENT - BANGALORE CITY Shatabdi Exp,SHT-TRAINS
12030,Amritsar-New Delhi Swarna Shatabdi Express,SHT-TRAINS
12071,Mumbai Aurangabad Jan Shatabdi,SHT-TRAINS
12077,Chennai Vijayawada Jan Shatabdi Express,SHT-TRAINS
12121,JABALPUR - DELHI H NIZAMUDDIN S Kranti Exp,EXP-TRAINS
12142,PATLIPUTRA - MUMBAI LTT SF Exp,SF-TRAINS
55247,Barauni-Hajipur Passenger,PASS-TRAINS
55539,Katihar Hajipur Passenger,PASS-TRAINS
55542,Phulwaria Hajipur Passenger,PASS-TRAINS
55549,Barauni-Hajipur Passenger,PASS-TRAINS
59151,Nadiad Modasa Passenger,PASS-TRAINS
12394,Sampoorna Kranti Express,SF-TRAINS
12555,Gorakhdham Express,SF-TRAINS
12257,Yesvantapur Kochuveli Garib Rath Express,GRB-TRAINS
12182,AJMER - JABALPUR Dayodaya Express,SF-TRAINS
12346,GUWAHATI - HOWRAH Saraighat SF Exp,SF-TRAINS
12283,ERNAKULAM - DELHI H NIZAMUDDIN Duronto Exp,PRM-TRAINS
12146,PURI - MUMBAI LTT SF Exp,SF-TRAINS
12471,Mumbai Bandra (T.) - Jammu Tawi SF Swaraj Express,SF-TRAINS
12722-Slip,Dakshin Link SF Express,SF-TRAINS
12317,KOLKATA SEALDAH - AMRITSAR Akal Takht Exp,SF-TRAINS
12619,MUMBAI LTT - MANGALORE CENT Matsyagandha Exp,SF-TRAINS
12193,Bhopal Partapgarh Express,SF-TRAINS
12258,Kochuveli-Yesvantpur Garib Rath,GRB-TRAINS
12165,MUMBAI LTT - VARANASI Ratnagiri Exp,SF-TRAINS
12615,Grand Trunk (GT) Express,SF-TRAINS
12286,Hazrat Nizamuddin-Secunderabad Duronto Express,PRM-TRAINS
12395,RajendraNagar-Ajmer Ibadat Express,SF-TRAINS
12463,Rajasthan Sampark Kranti Express,EXP-TRAINS
12227,Mumbai Central- Indore Duronto Express,PRM-TRAINS
12181,JABALPUR - AJMER Dayodaya Exp,SF-TRAINS
12350,NewDelhi-Bhagalpur Weekly SF Express,SF-TRAINS
12263,Pune - Hazrat Nizamuddin AC Duronto Express,PRM-TRAINS
12546,MUMBAI LTT - RAXAUL Karmabhoomi Exp,SF-TRAINS
12336,MUMBAI LTT - BHAGALPUR SF Exp,SF-TRAINS
12467,Bikaner Jaipur InterCity,SF-TRAINS
12315,Ananya Express,SF-TRAINS
12580,Puri Digha Samudra Kanya Super Fast Express,SF-TRAINS
12633,CHENNAI EGMORE - KANNIYAKUMARI SF Exp,SF-TRAINS
12542,Mumbai LTT-Gorakhpur SF Express,SF-TRAINS
12448-Slip,Nizamuddin KhajurahoLink Express Slip,EXP-TRAINS
12653,Tiruchirappalli Mangalore Weekly Superfast Express,SF-TRAINS
12463-Slip,Rajasthan Sampark Kranti Express Slip,EXP-TRAINS
12636,MADURAI - CHENNAI EGMORE Vaigai SF Exp,SF-TRAINS
12561,Swatantrata Sainani Express,SF-TRAINS
12641,KANYAKUMARI - D H NIZAMUDDIN Thirukkural Exp,SF-TRAINS
12739,Visakhapatnam Secunderabad Garib Rath Express,GRB-TRAINS
12652,DELHI H NIZAMUDDIN - MADURAI Tamil Nadu S Kranti,EXP-TRAINS
12687-Slip,Chennai Chandigarh Express Slip,SF-TRAINS
12782,Nizamuddin-Mysore Swarna Jayanti Express,SF-TRAINS
12684,BANGALORE - ERNAKULAM SF Exp,SF-TRAINS
12803,Visakhapatnam-Nizamuddin SwarnaJayanthi Express,SF-TRAINS
12810,HOWRAH - MUMBAI CST SF Mail (via NAGPUR),SF-TRAINS
12826,Jharkhand Sampark Kranti Express,EXP-TRAINS
12846,BENGALURU CANTT - BHUBANESWAR SF Exp,SF-TRAINS
12847,Howrah-Digha AC Duronto Express,PRM-TRAINS
12848,Digha-Howrah AC Duronto Express,PRM-TRAINS
12849,Bilaspur Pune SF Express,SF-TRAINS
12850,Pune Bilaspur Superfast Express,SF-TRAINS
12851,Bilaspur-Chennai Express,SF-TRAINS
12852,Chennai-Bilaspur Express,SF-TRAINS
12853,DURG - BHOPAL Amarkantak SF Exp,SF-TRAINS
12854,BHOPAL - DURG Amarkantak SF Exp,SF-TRAINS
12855,Bilaspur-Nagpur InterCity,SF-TRAINS
12856,Nagpur-Bilaspur InterCity,SF-TRAINS
12857,Tamralipta Express,SF-TRAINS
12858,Tamralipta Express,SF-TRAINS
12859,MUMBAI CST - HOWRAH Gitanjali Exp,SF-TRAINS
12860,HOWRAH - MUMBAI CST Gitanjali Exp,SF-TRAINS
12861,Link Superfast Express,SF-TRAINS
12862,LINK SUPERFAST EXPRESS,SF-TRAINS
12863,HOWRAH - YESVANTPUR SF Exp,SF-TRAINS
52332,Saharsa-Raghopur Passenger,PASS-TRAINS
12864,YESVANTPUR - HOWRAH SF Exp,SF-TRAINS
12865,Lalmati Express,SF-TRAINS
52401,Ratangarh Sardarshahar Passenger,PASS-TRAINS
12866,Lalmati Express,SF-TRAINS
52402,Sardarshahar Ratangarh Passenger,PASS-TRAINS
12867,Howrah-Puducherry Express,SF-TRAINS
16126,JODHPUR - CHENNAI EGMORE Exp,EXP-TRAINS
13201,RAJENDRA NAGAR PATNA - MUMBAI LTT Janta Exp,EXP-TRAINS
12868,Puducherry-Howrah (Aurobindo) Express,SF-TRAINS
14041,DELHI SARAI ROHILLA - DEHRADUN Mussoorie Exp,EXP-TRAINS
13157,KOLKATA CHITPUR - MUZAFFARPUR Tirhut Exp,EXP-TRAINS
12950,K SANTRAGANCHI - PORBANDAR Kavi Guru SF Exp,SF-TRAINS
12878,New Delhi-Ranchi Garib Rath,GRB-TRAINS
12987,Sealdah Ajmer Express,SF-TRAINS
15233,KOLKATA CHITPUR - DARBHANGA Maithili Exp,EXP-TRAINS
12869,MUMBAI CST - HOWRAH SF Exp,SF-TRAINS
15036,Uttarakhand Sampark Kranti Express,EXP-TRAINS
13151,Kolkata Chitpur-JammuTawi Express,EXP-TRAINS
14312,BHUJ - BAREILLY Ala Hazrat Exp,EXP-TRAINS
12953,MumbaiCentral-H Nizamuddin August Kranti Rajdhani Express,RAJ-TRAINS
12905,PORBANDAR - HOWRAH SF Exp,SF-TRAINS
12870,HOWRAH - MUMBAI CST SF Exp,SF-TRAINS
13420,Jan Sewa Express,EXP-TRAINS
12995-Slip,Bandra-Udaipur SF Express Slip,SF-TRAINS
13318,Black Diamond Express,EXP-TRAINS
13187,Maa Tara Express,EXP-TRAINS
14019,Chhindwara Delhi SR (Biweekly) Kanhan valley Express,EXP-TRAINS
12972,Bhavnagar Bandra Express,SF-TRAINS
12906,HOWRAH - PORBANDAR SF Exp,SF-TRAINS
12871,HOWRAH - TITLAGARH Ispat Exp,SF-TRAINS
13153,Sealdah-Malda Town Gour Express,EXP-TRAINS
15017,MUMBAI LTT - GORAKHPUR Kashi Exp,EXP-TRAINS
15268,MUMBAI LTT - RAXAUL Jan Sadharan Exp,EXP-TRAINS
13053,Howrah-Siuri Intercity Express,EXP-TRAINS
14218,Chandigarh Allahabad Unchahar Express,EXP-TRAINS
14887,Kalka - Barmer Chandigarh Express,EXP-TRAINS
15271,Howrah-Muzaffarpur JanSadharan Express,EXP-TRAINS
13403,Vananchal Express,EXP-TRAINS
13503,Sealdah-Asansol InterCity Express,EXP-TRAINS
16107,Chennai Egmore-Mangalore Express,EXP-TRAINS
14659,Delhi-Jaisalmer Express,EXP-TRAINS
15651,GUWAHATI - JAMMU TAWI Lohit Exp,EXP-TRAINS
16321,Bangalore Tiruvananthapuram Weekly Express,EXP-TRAINS
17031,Mumbai CST-Hyderabad Express,EXP-TRAINS
17018,Secunderabad - Rajkot Express,EXP-TRAINS
15763,Balurghat-New Jalpaiguri Intercity Express,EXP-TRAINS
16507,BHAGAT KI KOTHI - BANGALORE Exp,EXP-TRAINS
16558,Bangalore Mysore Rajya Rani Express,EXP-TRAINS
16701,Chennai Egmore-Rameshwaram Express,EXP-TRAINS
17401-Slip,Tirupati-Narsapur Express Slip,EXP-TRAINS
17481-Slip,Bilaspur Manmad Express Slip,EXP-TRAINS
18001,Kandari Express,EXP-TRAINS
18006,JAGDALPUR - HOWRAH Samaleshwari Exp,EXP-TRAINS
52244,AISHBAGH - PILIBHIT PASSENGER,PASS-TRAINS
19711-Slip,Jaipur-Indore Express Slip,EXP-TRAINS
22823,BHUBANESWAR - NEW DELHI RAJDHANI Express,RAJ-TRAINS
47123,Hyderabad Lingampalli MMTS,EXP-TRAINS
18618,Ranchi-Howrah Intercity,EXP-TRAINS
41503,Chennai Beach Velachery Sunday EMU,PASS-TRAINS
18030,KOLKATA SALIMAR - MUMBAI LTT [Kurla] Exp,EXP-TRAINS
33593,Sealdah-Basirath Local,EXP-TRAINS
47207,Falaknuma Lingampalli Suburban,EXP-TRAINS
21068,Rai Bareli-Mumbai LTT Saket Express,EXP-TRAINS
19106,Haridwar-Ahmedabad Mail,EXP-TRAINS
52228,Tanakpur Aishbagh Express,EXP-TRAINS
41021,Chennai Beach Velachery EMU,PASS-TRAINS
18235-Slip,Bilaspur Express Passenger Slip,PASS-TRAINS
22824,NEW DELHI - BHUBANESWAR Rajdhani Exp (Via Bokaro),RAJ-TRAINS
51189,ITARSI - ALLAHABAD Passenger,PASS-TRAINS
51606,Chirmiri Katni Passenger,PASS-TRAINS
38462,Panskura Howrah EMU,PASS-TRAINS
19115,MUMBAI BANDRA - BHUJ Sayaji Nagari Exp,EXP-TRAINS
18412,Visakhapatnam-Bhubaneswar Inter City Express,EXP-TRAINS
22161,Bhopal Damoh Rajya Rani exp,SF-TRAINS
47115,Hyderabad Lingampalli MMTS,EXP-TRAINS
47167,Falaknuma Lingampalli MMTS,EXP-TRAINS
25201,Sugauli Narkatiaganj InterCity Link Express,EXP-TRAINS
41065,Chennai Beach Velachery EMU,PASS-TRAINS
51862,Konch Ait Passenger,PASS-TRAINS
51261,Amravati Wardha Passenger,PASS-TRAINS
40514,Chengulpet Chennai Beach Semi Fast EMU (12 Car),PASS-TRAINS
51112,Dhule Chalisgaon Mix Passenger,PASS-TRAINS
51820,Allahabad Jhansi Passenger,PASS-TRAINS
51702,REWA - JABALPUR PASSENGER,PASS-TRAINS
51673,ITARSI - SATNA Passenger,PASS-TRAINS
51240,Betul Amla Passenger,PASS-TRAINS
51885,BINA DAMOH PASS,PASS-TRAINS
51909,Delhi Shamli Saharanpur Passenger,PASS-TRAINS
51613,KOTA - KATNI Passenger,PASS-TRAINS
52107,Neral Matheran Passenger,PASS-TRAINS
52213,Bareilly Mailani Passenger,PASS-TRAINS
52321,Forbesganj-Saharsa Passenger,PASS-TRAINS
52331,Raghopur-Saharsa Passenger,PASS-TRAINS
52403,Ratangarh Sardarshahar Passenger,PASS-TRAINS
52404,Sardarshahar Ratangarh Passenger,PASS-TRAINS
52405,Hanumangarh Suratgarh Passenger,PASS-TRAINS
52406,Suratgarh Hanumangarh Passenger,PASS-TRAINS
52407,Sadulpur Suratgarh Passenger,PASS-TRAINS
52408,Suratgarh Sadulpur Passenger,PASS-TRAINS
52411,Sadulpur Shri Ganganagar Passenger,PASS-TRAINS
52412,Shri Ganganagar Sadulpur Passenger,PASS-TRAINS
52413,SDLP SOG PASS,PASS-TRAINS
52414,SOG SDLP PASS,PASS-TRAINS
52415,Hanumangarh Suratgarh Passenger,PASS-TRAINS
52451,Shivalik Deluxe Express,EXP-TRAINS
52452,Shivalik Deluxe Express,EXP-TRAINS
52453,Kalka Shimla Express,EXP-TRAINS
52454,Shimla Kalka Express,EXP-TRAINS
52455,Himalayan Queen,EXP-TRAINS
52456,Himalayan Queen,EXP-TRAINS
52457,Kalka Shimla Passenger,PASS-TRAINS
52458,Shimla Kalka Passenger,PASS-TRAINS
52461,Pathankot Jawalamukhi Road Passenger,PASS-TRAINS
52462,Kangra Valley Rail Passenger,PASS-TRAINS
52463,Kangra Valley Rail Passenger,PASS-TRAINS
52464,BAIJNATHPAPROLA - PATHANKOT PASS,PASS-TRAINS
52465,PATHANKOT - PATHANKOT PASSENGER,PASS-TRAINS
52905,Mahesana Ahmedabad Passenger,PASS-TRAINS
56889,Tiruvarur Tiruturaipudi Passenger,PASS-TRAINS
57123,Bhadrachalam Sirpur Kagaznagar Passenger,PASS-TRAINS
54404,Meerut City Khurja Passenger,PASS-TRAINS
52466,Kangra Valley Rail Passenger,PASS-TRAINS
53220,Mughal Sarai Buxar Passenger,PASS-TRAINS
53415,Sahibganj Jamalpur Passenger,PASS-TRAINS
53522,Varanasi-Asansol Passenger,PASS-TRAINS
52925,Khed Brahma Ahmedabad Passenger,PASS-TRAINS
55318,Kashipur Lalkuan Passenger,PASS-TRAINS
54467,Tundla Barhan Etah Passenger,PASS-TRAINS
52533,Banmankhi Bihariganj Passenger,PASS-TRAINS
54309,Delhi Rewari Passenger,PASS-TRAINS
53335,Dhanbad Ranchi Passenger,PASS-TRAINS
54606,Ludhiana Hisar Passenger,PASS-TRAINS
52944,Botad Ahmedabad Passenger,PASS-TRAINS
53416,JAMALPUR RAMPURHAT PASS,PASS-TRAINS
52902,Ahmedabad Mahesana Passenger,PASS-TRAINS
55810,Guwahati New Bongaigaon Passenger,PASS-TRAINS
54005,Delhi Bhiwani Passenger,PASS-TRAINS
55014,Manduadih Chhapra Passenger,PASS-TRAINS
53063,Barddhaman Barharwa Passenger,PASS-TRAINS
53404,Gaya Jamalpur Passenger,PASS-TRAINS
55753,ALIPUR DUAR - GUWAHATI SIFUNG Pass,PASS-TRAINS
54415,Delhi Sarai Rohilla Rewari Passenger,PASS-TRAINS
54353,ALIGARH - BAREILLY PASSENGER,PASS-TRAINS
55611,Fakiragram Kamakhya Passenger,PASS-TRAINS
53421,JAMALPUR KIUL PASS,PASS-TRAINS
55237,Barauni-Samastipur Passenger,PASS-TRAINS
54602,Amritsar Hisar Passenger,PASS-TRAINS
54092,Kotdwara Najibabad Passenger,PASS-TRAINS
55001,Gorakhpur Ayodhya Passenger,PASS-TRAINS
56138,Coonoor Udagamandalam Passenger,PASS-TRAINS
55540,Hajipur-Katihar Passenger,PASS-TRAINS
55040,Nautanwa Gorakhpur Passenger,PASS-TRAINS
55532,Barauni-Katihar Passenger,PASS-TRAINS
56267,Arsikere Mysore Passenger,PASS-TRAINS
56600,Kozhikode Shoranur Passenger,PASS-TRAINS
56614,Nilambur Road Shoranur Passenger,PASS-TRAINS
56387,Ernakulam Kayamkulam Passenger,PASS-TRAINS
56723,Madurai Rameswaram Passenger,PASS-TRAINS
57429,Tirupati Gudur Passenger,PASS-TRAINS
57422,Guntakal Dronachellam Passenger,PASS-TRAINS
57447,Secunderabad Mahbubnagar Passenger,PASS-TRAINS
57593,Kacheguda Nanded Passenger,PASS-TRAINS
57632,Guntakal Gulbarga Passenger,PASS-TRAINS
58028,Kurdha Road Bhubaneshwar Passenger,PASS-TRAINS
63166,BAIDYANATH JASIDIH PASS,PASS-TRAINS
58801,Ballarshar Gondia Passenger(Via Nagbhir ),PASS-TRAINS
58207,Raipur Kesinga Passenger,PASS-TRAINS
59157,Vadodara Anand Passenger,PASS-TRAINS
59442,Ahmedabad Mumbai Central Passenger,PASS-TRAINS
58803,Chanda Fort Gondia Passenger,PASS-TRAINS
67295,Rajahmundry Visakhapatnam Pass,PASS-TRAINS
58219,Bilaspur Chirmiri Passenger,PASS-TRAINS
63241,Patna Gaya Passenger MEMU,PASS-TRAINS
59214,Porbandar Bhanvad Passenger,PASS-TRAINS
59024,Valsad Mumbai Passenger,PASS-TRAINS
58425,Kendujhargarh-Bhubaneswar Fast Passenger,PASS-TRAINS
59832,Kota Vadodara Passenger,PASS-TRAINS
63545,Asansol Dhanbad Passenger,PASS-TRAINS
59050,Viramgam Valsad Passenger,PASS-TRAINS
59386-Slip,Panchvalley Passenger Slip1,PASS-TRAINS
64492,New Delhi Palwal Ladies Special,EXP-TRAINS
67296,Visakhapatnam Rajahmundry Pass,PASS-TRAINS
70101,Madgaon Karwar Passenger,PASS-TRAINS
83112,Danapur Giridih Express,EXP-TRAINS
84369,Tribeni Link Express,EXP-TRAINS
